,GRAVEDAD,FECHA,AÑO,HORA,JORNADA,DIA_SEMANA,BARRIO-CORREGIMIENTO-VIA,DIRECCION,ZONA,AUTORIDAD,LAT,LONG,CONDICION_VICTIMA,LESIONADO,HOMICIDIOS,TIPO_ACCIDENTE,HIPOTESIS,GENERO,CLINICA,CLASE_VEHICULO,MARCA,MATRICULA,TIPO DE SERVICIO,EMPRESA
161,DAÑOS,2021-01-25,2021,17:20,TARDE,LUNES,EMPRESA ITALCOL,KM 10,RURAL,TECNICO,3.51099,-76.4053,NO APLICA,NO APLICA,NO APLICA,CHOQUE,NO APLICA 2021,MASCULINO,NO APLICA,VOLQUETA,CHEVROLET,NO APLICA 2021,PUBLICO,NO APLICA
162,DAÑOS,2021-01-25,2021,17:20,TARDE,LUNES,EMPRESA ITALCOL,KM 10,RURAL,TECNICO,3.51099,-76.4053,NO APLICA,NO APLICA,NO APLICA,CHOQUE,NO APLICA 2021,MASCULINO,NO APLICA,TRACTO CAMION,INTERNATIONAL,NO APLICA 2021,PUBLICO,NO APLICA
163,HERIDOS,2021-01-26,2021,12:30,TARDE,MARTES,COLOMBIA,CALLE 36 CARRERA 34,URBANA,TECNICO,3.53368,-76.30371,MOTOCICLISTA,1,NO APLICA,CHOQUE,NO APLICA 2021,MASCULINO,RAUL,MOTO,HONDA,NO APLICA 2021,PARTICULAR,NO APLICA
164,HERIDOS,2021-01-26,2021,12:30,TARDE,MARTES,COLOMBIA,CALLE 36 CARRERA 34,URBANA,TECNICO,3.53368,-76.30371,NO APLICA,NO APLICA,NO APLICA,CHOQUE,NO APLICA 2021,MASCULINO,NO APLICA,AUTOMOVIL,KIA,NO APLICA 2021,PUBLICO,FLOTA PALMIRA
165,DAÑOS,2021-01-26,2021,16:00,TARDE,MARTES,NUEVO,CALLE 23 CARRERA 33A-37,URBANA,TECNICO,3.52167,-76.30506,NO APLICA,NO APLICA,NO APLICA,CHOQUE,NO APLICA 2021,MASCULINO,NO APLICA,AUTOMOVIL,CHEVROLET,NO APLICA 2021,PARTICULAR,NO APLICA
166,DAÑOS,2021-01-26,2021,16:00,TARDE,MARTES,NUEVO,CALLE 23 CARRERA 33A-37,URBANA,TECNICO,3.52167,-76.30506,NO APLICA,NO APLICA,NO APLICA,CHOQUE,NO APLICA 2021,MASCULINO,NO APLICA,CAMIONETA,CHEVROLET,NO APLICA 2021,OFICIAL,NO APLICA
167,DAÑOS,2021-01-21,2021,14:40,TARDE,LUNES,LAS PALMERAS,CARRERA 1 CALLE 34A-34,URBANA,TECNICO,3.53052,-76.27729,NO APLICA,NO APLICA,NO APLICA,CHOQUE,NO APLICA 2021,MASCULINO,NO APLICA,AUTOMOVIL,CHEVROLET,NO APLICA 2021,PARTICULAR,NO APLICA
168,DAÑOS,2021-01-21,2021,14:40,TARDE,LUNES,LAS PALMERAS,CARRERA 1 CALLE 34A-34,URBANA,TECNICO,3.53052,-76.27729,NO APLICA,NO APLICA,NO APLICA,CHOQUE,NO APLICA 2021,MASCULINO,NO APLICA,MOTO,TVS,NO APLICA 2021,PARTICULAR,NO APLICA
169,HERIDOS,2021-01-26,2021,18:30,NOCHE,MARTES,RECREO,CARRERA 24 CALLE 18,URBANA,TECNICO,3.51686,-76.29585,NO APLICA,NO APLICA,NO APLICA,CHOQUE,NO APLICA 2021,MASCULINO,NO APLICA,CAMIONETA,RENAULT,NO APLICA 2021,OFICIAL,NO APLICA
170,HERIDOS,2021-01-26,2021,18:30,NOCHE,MARTES,RECREO,CARRERA 24 CALLE 18,URBANA,TECNICO,3.51686,-76.29585,MOTOCICLISTA,1,NO APLICA,CHOQUE,NO APLICA 2021,MASCULINO,SANTA BARBARA,MOTO,HONDA,NO APLICA 2021,PARTICULAR,NO APLICA
171,HERIDOS,2021-01-27,2021,08:10,MAÑANA,MIERCOLES,VIA CORONADO ROZO,KM 5 + 600 MTS,URBANA,TECNICO,3.57367,-76.31945,MOTOCICLISTA,1,NO APLICA,CHOQUE,NO APLICA 2021,MASCULINO,PALMIRA,MOTO,YAMAHA,NO APLICA 2021,PARTICULAR,NO APLICA
172,HERIDOS,2021-01-27,2021,08:10,MAÑANA,MIERCOLES,VIA CORONADO ROZO,KM 5 + 600 MTS,URBANA,TECNICO,3.57367,-76.31945,MOTOCICLISTA,NO APLICA,NO APLICA,CHOQUE,NO APLICA 2021,MASCULINO,NO APLICA,CAMIONETA,CHEVROLET,NO APLICA 2021,PARTICULAR,NO APLICA
173,HERIDOS,2021-01-27,2021,10:15,MAÑANA,MIERCOLES,URIBE,CALLE 35 CARRERA 22,URBANA,TECNICO,3.5313,-76.29327,MOTOCICLISTA,1,NO APLICA,CHOQUE,NO APLICA 2021,FEMENINA,PALMA,MOTO,AKT,NO APLICA 2021,PARTICULAR,NO APLICA
174,HERIDOS,2021-01-27,2021,10:15,MAÑANA,MIERCOLES,URIBE,CALLE 35 CARRERA 22,URBANA,TECNICO,3.5313,-76.29327,NO APLICA,NO APLICA,NO APLICA,CHOQUE,NO APLICA 2021,MASCULINO,NO APLICA,CAMIONETA,TOYOTA,NO APLICA 2021,PARTICULAR,NO APLICA
175,HERIDOS,2021-01-27,2021,12:10,TARDE,MIERCOLES,PRIMERO DE MAYO,CALLE 41 CARRERA 9,URBANA,TECNICO,3.53628,-76.28231,MOTOCICLISTA,1,NO APLICA,CHOQUE,NO APLICA 2021,MASCULINO,RAUL,MOTO,SUZUKI,NO APLICA 2021,PARTICULAR,NO APLICA
176,HERIDOS,2021-01-27,2021,12:10,TARDE,MIERCOLES,PRIMERO DE MAYO,CALLE 41 CARRERA 9,URBANA,TECNICO,3.53628,-76.28231,NO APLICA,NO APLICA,NO APLICA,CHOQUE,NO APLICA 2021,MASCULINO,NO APLICA,CAMIONETA,CHEVROLET,NO APLICA 2021,PARTICULAR,NO APLICA
177,HERIDOS,2021-01-27,2021,12:10,TARDE,MIERCOLES,PRIMERO DE MAYO,CALLE 41 CARRERA 9,URBANA,TECNICO,3.53628,-76.28231,ACOMPAÑANTE MOTOCICLISTA,1,NO APLICA,CHOQUE,NO APLICA 2021,MASCULINO,PALMA,NO APLICA,NO APLICA,NO APLICA 2021,NO APLICA,NO APLICA
178,DAÑOS,2021-01-27,2021,12:00,TARDE,MIERCOLES,RECREO,CARRERA 25 CALLE 21-52,URBANA,TECNICO,3.51942,-76.29746,NO APLICA,NO APLICA,NO APLICA,CHOQUE,NO APLICA 2021,MASCULINO,NO APLICA,AUTOMOVIL,RENAULT,NO APLICA 2021,PARTICULAR,NO APLICA
179,DAÑOS,2021-01-27,2021,12:00,TARDE,MIERCOLES,RECREO,CARRERA 25 CALLE 21-52,URBANA,TECNICO,3.51942,-76.29746,NO APLICA,NO APLICA,NO APLICA,CHOQUE,NO APLICA 2021,FEMENINA,NO APLICA,AUTOMOVIL,KIA,NO APLICA 2021,PARTICULAR,NO APLICA
180,HERIDOS,2021-01-27,2021,15:30,TARDE,MIERCOLES,RECREO,CALLE 22 CARRERA 27,URBANA,TECNICO,3.52013,-76.29908,MOTOCICLISTA,1,NO APLICA,CHOQUE,NO APLICA 2021,MASCULINO,PALMIRA,MOTO,AKT,NO APLICA 2021,PARTICULAR,NO APLICA
181,HERIDOS,2021-01-27,2021,15:30,TARDE,MIERCOLES,RECREO,CALLE 22 CARRERA 27,URBANA,TECNICO,3.52013,-76.29908,NO APLICA,NO APLICA,NO APLICA,CHOQUE,NO APLICA 2021,MASCULINO,NO APLICA,AUTOMOVIL,NISSAN,NO APLICA 2021,PARTICULAR,NO APLICA
182,HERIDOS,2021-01-27,2021,15:30,TARDE,MIERCOLES,RECREO,CALLE 22 CARRERA 27,URBANA,TECNICO,3.52013,-76.29908,ACOMPAÑANTE MOTOCICLISTA,1,NO APLICA,CHOQUE,NO APLICA 2021,MASCULINO,PALMIRA,NO APLICA,NO APLICA,NO APLICA 2021,NO APLICA,NO APLICA
183,HERIDOS,2021-01-27,2021,15:30,TARDE,MIERCOLES,RECREO,CALLE 22 CARRERA 27,URBANA,TECNICO,3.52013,-76.29908,ACOMPAÑANTE MOTOCICLISTA,1,NO APLICA,CHOQUE,NO APLICA 2021,MASCULINO,PALMIRA,NO APLICA,NO APLICA,NO APLICA 2021,NO APLICA,NO APLICA
184,HERIDOS,2021-01-28,2021,07:30,MAÑANA,JUEVES,CENTRO,CALLE 28 CARRERA 33,URBANA,TECNICO,3.52595,-76.3035,MOTOCICLISTA,1,NO APLICA,CHOQUE,NO APLICA 2021,MASCULINO,SANTA BARBARA,MOTO,HERO,NO APLICA 2021,PARTICULAR,NO APLICA
185,HERIDOS,2021-01-28,2021,07:30,MAÑANA,JUEVES,CENTRO,CALLE 28 CARRERA 33,URBANA,TECNICO,3.52595,-76.3035,MOTOCICLISTA,1,NO APLICA,CHOQUE,NO APLICA 2021,MASCULINO,SANTA BARBARA,MOTO,BAJAJ,NO APLICA 2021,PARTICULAR,NO APLICA
186,HERIDOS,2021-01-28,2021,07:30,MAÑANA,JUEVES,CENTRO,CALLE 28 CARRERA 33,URBANA,TECNICO,3.52595,-76.3035,ACOMPAÑANTE MOTOCICLISTA,1,NO APLICA,CHOQUE,NO APLICA 2021,MASCULINO,SANTA BARBARA,NO APLICA,NO APLICA,NO APLICA 2021,NO APLICA,NO APLICA
187,HERIDOS,2021-01-28,2021,07:50,MAÑANA,JUEVES,RECREO,CARRERA 24 CALLE 22,URBANA,TECNICO,3.51972,-76.29586,MOTOCICLISTA,1,NO APLICA,CHOQUE,NO APLICA 2021,MASCULINO,PALMA,MOTO,AKT,NO APLICA 2021,PARTICULAR,NO APLICA
188,HERIDOS,2021-01-28,2021,07:50,MAÑANA,JUEVES,RECREO,CARRERA 24 CALLE 22,URBANA,TECNICO,3.51972,-76.29586,NO APLICA,NO APLICA,NO APLICA,CHOQUE,NO APLICA 2021,MASCULINO,NO APLICA,AUTOMOVIL,SUZUKI,NO APLICA 2021,PARTICULAR,NO APLICA
189,HERIDOS,2021-01-28,2021,16:00,TARDE,JUEVES,SAN PEDRO,CALLE 36 CARRERA 9-10,URBANA,TECNICO,3.53275,-76.2831,CICLISTA,1,NO APLICA,CHOQUE,NO APLICA 2021,MASCULINO,PALMIRA,BICICLETA,NO APLICA,NO APLICA 2021,PARTICULAR,NO APLICA
190,HERIDOS,2021-01-28,2021,16:00,TARDE,JUEVES,SAN PEDRO,CALLE 36 CARRERA 9-10,URBANA,TECNICO,3.53275,-76.2831,ACOMPAÑANTE MOTOCICLISTA,1,NO APLICA,CHOQUE,NO APLICA 2021,FEMENINA,RAUL,NO APLICA,NO APLICA,NO APLICA 2021,PARTICULAR,NO APLICA
191,DAÑOS,2021-01-28,2021,16:50,TARDE,JUEVES,CENTRO,CALLE 28 CARRERA 24-25,URBANA,TECNICO,3.52485,-76.2962,NO APLICA,NO APLICA,NO APLICA,CHOQUE,NO APLICA 2021,MASCULINO,NO APLICA,AUTOMOVIL,KIA,NO APLICA 2021,PARTICULAR,NO APLICA
192,DAÑOS,2021-01-28,2021,16:50,TARDE,JUEVES,CENTRO,CALLE 28 CARRERA 24-25,URBANA,TECNICO,3.52485,-76.2962,NO APLICA,NO APLICA,NO APLICA,CHOQUE,NO APLICA 2021,MASCULINO,NO APLICA,CAMION,CHEVROLET,NO APLICA 2021,PUBLICO,NO APLICA
193,DAÑOS,2021-01-28,2021,19:15,NOCHE,JUEVES,VIA PALMIRA TIENDA NUEVA,KM 9 + 635 MTS,RURAL,TECNICO,3.55946,-76.23359,NO APLICA,NO APLICA,NO APLICA,CHOQUE,NO APLICA 2021,MASCULINO,NO APLICA,AUTOMOVIL,HONDA,NO APLICA 2021,PARTICULAR,NO APLICA
194,DAÑOS,2021-01-28,2021,19:15,NOCHE,JUEVES,VIA PALMIRA TIENDA NUEVA,KM 9 + 635 MTS,RURAL,TECNICO,3.55946,-76.23359,NO APLICA,NO APLICA,NO APLICA,CHOQUE,NO APLICA 2021,MASCULINO,NO APLICA,CAMIONETA,FORD,NO APLICA 2021,PARTICULAR,NO APLICA
195,HERIDOS,2021-01-29,2021,17:20,TARDE,VIERNES,LA EMILIA,CALLE 36 CARRERA 37,URBANA,TECNICO,3.53376,-76.30736,MOTOCICLISTA,1,NO APLICA,CHOQUE,NO APLICA 2021,MASCULINO,PALMA,MOTO,SUZUKI,NO APLICA 2021,PARTICULAR,NO APLICA
196,HERIDOS,2021-01-29,2021,17:20,TARDE,VIERNES,LA EMILIA,CALLE 36 CARRERA 37,URBANA,TECNICO,3.53376,-76.30736,NO APLICA,NO APLICA,NO APLICA,CHOQUE,NO APLICA 2021,MASCULINO,NO APLICA,MOTO,HONDA,NO APLICA 2021,PARTICULAR,NO APLICA
197,DAÑOS,2021-01-29,2021,17:30,TARDE,VIERNES,ALTAMIRA,CARRERA 19 CALLE 49,URBANA,TECNICO,3.5442,-76.29102,NO APLICA,NO APLICA,NO APLICA,CHOQUE,NO APLICA 2021,MASCULINO,NO APLICA,MOTO,SUZUKI,NO APLICA 2021,PARTICULAR,NO APLICA
198,DAÑOS,2021-01-29,2021,17:30,TARDE,VIERNES,ALTAMIRA,CARRERA 19 CALLE 49,URBANA,TECNICO,3.5442,-76.29102,NO APLICA,NO APLICA,NO APLICA,CHOQUE,NO APLICA 2021,MASCULINO,NO APLICA,AUTOMOVIL,CHEVROLET,NO APLICA 2021,PARTICULAR,NO APLICA
199,DAÑOS,2021-01-30,2021,10:00,MAÑANA,SABADO,LA EMILIA,CARRERA 35 CALLE 37,URBANA,TECNICO,3.53488,-76.30589,NO APLICA,NO APLICA,NO APLICA,CHOQUE,NO APLICA 2021,MASCULINO,NO APLICA,MOTO,BAJAJ,NO APLICA 2021,PARTICULAR,NO APLICA
200,DAÑOS,2021-01-30,2021,10:00,MAÑANA,SABADO,LA EMILIA,CARRERA 35 CALLE 37,URBANA,TECNICO,3.53488,-76.30589,NO APLICA,NO APLICA,NO APLICA,CHOQUE,NO APLICA 2021,MASCULINO,NO APLICA,AUTOMOVIL,CHEVROLET,NO APLICA 2021,PUBLICO,TUPAL
201,DAÑOS,2021-01-30,2021,09:30,MAÑANA,SABADO,SAN PEDRO,CARRERA 19 CALLE 37-17,URBANA,TECNICO,3.5331,-76.29055,NO APLICA,NO APLICA,NO APLICA,CHOQUE,NO APLICA 2021,MASCULINO,NO APLICA,CAMIONETA,VOLKSWAGEN,NO APLICA 2021,PARTICULAR,NO APLICA
202,DAÑOS,2021-01-30,2021,09:30,MAÑANA,SABADO,SAN PEDRO,CARRERA 19 CALLE 37-17,URBANA,TECNICO,3.5331,-76.29055,NO APLICA,NO APLICA,NO APLICA,CHOQUE,NO APLICA 2021,MASCULINO,NO APLICA,MOTOCARRO,VAISAND,NO APLICA 2021,PARTICULAR,NO APLICA
203,DAÑOS,2021-01-30,2021,12:00,TARDE,SABADO,SAN CAYETANO,CARRERA 25 CALLE 40,URBANA,TECNICO,3.53596,-76.29478,NO APLICA,NO APLICA,NO APLICA,CHOQUE,NO APLICA 2021,MASCULINO,NO APLICA,CAMIONETA,NISSAN,NO APLICA 2021,OFICIAL,NO APLICA
204,DAÑOS,2021-01-30,2021,12:00,TARDE,SABADO,SAN CAYETANO,CARRERA 25 CALLE 40,URBANA,TECNICO,3.53596,-76.29478,NO APLICA,NO APLICA,NO APLICA,CHOQUE,NO APLICA 2021,MASCULINO,NO APLICA,MOTO,HERO,NO APLICA 2021,PARTICULAR,NO APLICA
205,DAÑOS,2021-01-30,2021,12:00,TARDE,SABADO,SAN CAYETANO,CARRERA 25 CALLE 40,URBANA,TECNICO,3.53596,-76.29478,NO APLICA,NO APLICA,NO APLICA,CHOQUE,NO APLICA 2021,MASCULINO,NO APLICA,MOTO,HONDA,NO APLICA 2021,PARTICULAR,NO APLICA
206,HERIDOS,2021-01-30,2021,12:20,TARDE,SABADO,ITALIA,CARRERA 24 CALLE 6,URBANA,TECNICO,3.50538,-76.296,MOTOCICLISTA,NO APLICA,NO APLICA,CHOQUE,NO APLICA 2021,MASCULINO,NO APLICA,MOTO,HONDA,NO APLICA 2021,PARTICULAR,NO APLICA
207,HERIDOS,2021-01-30,2021,12:20,TARDE,SABADO,ITALIA,CARRERA 24 CALLE 6,URBANA,TECNICO,3.50538,-76.296,NO APLICA,NO APLICA,NO APLICA,CHOQUE,NO APLICA 2021,MASCULINO,NO APLICA,MOTO,SUZUKI,NO APLICA 2021,PARTICULAR,NO APLICA
208,HERIDOS,2021-01-30,2021,13:45,TARDE,SABADO,OBRERO,CARRERA 25 CALLE 37-72,URBANA,TECNICO,3.53359,-76.29517,NO APLICA,NO APLICA,NO APLICA,CHOQUE,NO APLICA 2021,MASCULINO,NO APLICA,AUTOMOVIL,CHEVROLET,NO APLICA 2021,PARTICULAR,NO APLICA
209,HERIDOS,2021-01-30,2021,13:45,TARDE,SABADO,OBRERO,CARRERA 25 CALLE 37-72,URBANA,TECNICO,3.53359,-76.29517,MOTOCICLISTA,1,NO APLICA,CHOQUE,NO APLICA 2021,MASCULINO,PALMA,MOTO,SUZUKI,NO APLICA 2021,PARTICULAR,NO APLICA
210,DAÑOS,2021-01-30,2021,15:30,TARDE,SABADO,RECREO,CALLE 19 CARRERA 25A-45,URBANA,TECNICO,3.51733,-76.2983,NO APLICA,NO APLICA,NO APLICA,CHOQUE,NO APLICA 2021,FEMENINA,NO APLICA,CAMIONETA,KIA,NO APLICA 2021,PARTICULAR,NO APLICA
211,DAÑOS,2021-01-30,2021,15:30,TARDE,SABADO,RECREO,CALLE 19 CARRERA 25A-45,URBANA,TECNICO,3.51733,-76.2983,NO APLICA,NO APLICA,NO APLICA,CHOQUE,NO APLICA 2021,MASCULINO,NO APLICA,AUTOMOVIL,CHEVROLET,NO APLICA 2021,PUBLICO,COOTRANSPAL
212,DAÑOS,2021-01-30,2021,15:30,TARDE,SABADO,SEMBRADOR,CARRERA 23 CALLE 23-06,URBANA,TECNICO,3.52073,-76.295,NO APLICA,NO APLICA,NO APLICA,CHOQUE,NO APLICA 2021,MASCULINO,NO APLICA,AUTOMOVIL,CHEVROLET,NO APLICA 2021,PARTICULAR,NO APLICA
213,DAÑOS,2021-01-30,2021,15:30,TARDE,SABADO,SEMBRADOR,CARRERA 23 CALLE 23-06,URBANA,TECNICO,3.52073,-76.295,NO APLICA,NO APLICA,NO APLICA,CHOQUE,NO APLICA 2021,MASCULINO,NO APLICA,AUTOMOVIL,CHEVROLET,NO APLICA 2021,PUBLICO,UNITAX
214,HERIDOS,2021-01-31,2021,17:20,TARDE,DOMINGO,COLOMBIA,CARRERA 29 CALLE 34-33,URBANA,TECNICO,3.53154,-76.29906,NO APLICA,NO APLICA,NO APLICA,CHOQUE,NO APLICA 2021,MASCULINO,NO APLICA,AUTOMOVIL,KIA,NO APLICA 2021,PARTICULAR,NO APLICA
215,HERIDOS,2021-01-31,2021,17:20,TARDE,DOMINGO,COLOMBIA,CARRERA 29 CALLE 34-33,URBANA,TECNICO,3.53154,-76.29906,MOTOCICLISTA,1,NO APLICA,CHOQUE,NO APLICA 2021,MASCULINO,PALMIRA,MOTO,KIMCO,NO APLICA 2021,PARTICULAR,NO APLICA
216,DAÑOS,2021-01-31,2021,18:40,NOCHE,DOMINGO,SAN PEDRO,CALLE 36 CARRERA 9A- 10,URBANA,TECNICO,3.53282,-76.28273,NO APLICA,NO APLICA,NO APLICA,CHOQUE,NO APLICA 2021,MASCULINO,NO APLICA,BUS,INTERNATIONAL,NO APLICA 2021,PUBLICO,NO APLICA
217,DAÑOS,2021-01-31,2021,18:40,NOCHE,DOMINGO,SAN PEDRO,CALLE 36 CARRERA 9A- 10,URBANA,TECNICO,3.53282,-76.28273,NO APLICA,NO APLICA,NO APLICA,CHOQUE,NO APLICA 2021,MASCULINO,NO APLICA,AUTOMOVIL,RENAULT,NO APLICA 2021,PARTICULAR,NO APLICA
218,HERIDOS,2021-02-01,2021,07:40,MAÑANA,LUNES,SANTA BARBARA,CALLE 31 CARRERA 47 + 300 MTS,URBANA,TECNICO,3.52907,-76.31861,MOTOCICLISTA,1,NO APLICA,CHOQUE,NO APLICA 2021,MASCULINO,RAUL,MOTO,SUZUKI,NO APLICA 2021,PARTICULAR,NO APLICA
219,HERIDOS,2021-02-01,2021,07:40,MAÑANA,LUNES,SANTA BARBARA,CALLE 31 CARRERA 47 + 300 MTS,URBANA,TECNICO,3.52907,-76.31861,MOTOCICLISTA,1,NO APLICA,CHOQUE,NO APLICA 2021,MASCULINO,SANTA BARBARA,MOTO,VICTORY,NO APLICA 2021,PARTICULAR,NO APLICA
220,HERIDOS,2021-02-01,2021,07:40,MAÑANA,LUNES,SANTA BARBARA,CALLE 31 CARRERA 47 + 300 MTS,URBANA,TECNICO,3.52907,-76.31861,ACOMPAÑANTE MOTOCICLISTA,1,NO APLICA,CHOQUE,NO APLICA 2021,FEMENINA,SANTA BARBARA,NO APLICA,NO APLICA,NO APLICA 2021,NO APLICA,NO APLICA
221,HERIDOS,2021-02-01,2021,07:40,MAÑANA,LUNES,SANTA BARBARA,CALLE 31 CARRERA 47 + 300 MTS,URBANA,TECNICO,3.52907,-76.31861,ACOMPAÑANTE MOTOCICLISTA,1,NO APLICA,CHOQUE,NO APLICA 2021,FEMENINA,SANTA BARBARA,NO APLICA,NO APLICA,NO APLICA 2021,NO APLICA,NO APLICA
222,HERIDOS,2021-02-01,2021,11:20,MAÑANA,LUNES,URIBE,CARRERA 22 CALLE 34,URBANA,TECNICO,3.53045,-76.29335,NO APLICA,NO APLICA,NO APLICA,CHOQUE,NO APLICA 2021,MASCULINO,NO APLICA,AUTOMOVIL,CHEVROLET,NO APLICA 2021,PARTICULAR,NO APLICA
223,HERIDOS,2021-02-01,2021,11:20,MAÑANA,LUNES,URIBE,CARRERA 22 CALLE 34,URBANA,TECNICO,3.53045,-76.29335,MOTOCICLISTA,1,NO APLICA,CHOQUE,NO APLICA 2021,FEMENINA,PALMIRA,MOTO,AKT,NO APLICA 2021,PARTICULAR,NO APLICA
224,HERIDOS,2021-02-01,2021,11:20,MAÑANA,LUNES,URIBE,CARRERA 22 CALLE 34,URBANA,TECNICO,3.53045,-76.29335,ACOMPAÑANTE MOTOCICLISTA,1,NO APLICA,CHOQUE,NO APLICA 2021,FEMENINA,PALMIRA,NO APLICA,NO APLICA,NO APLICA 2021,NO APLICA,NO APLICA
225,DAÑOS,2021-02-01,2021,09:30,MAÑANA,LUNES,PRADO,CALLE 42 CARRERA 39-40,URBANA,TECNICO,3.53884,-76.31025,NO APLICA,NO APLICA,NO APLICA,CHOQUE,NO APLICA 2021,MASCULINO,NO APLICA,CAMIONETA,NISSAN,NO APLICA 2021,PARTICULAR,NO APLICA
226,DAÑOS,2021-02-01,2021,09:30,MAÑANA,LUNES,PRADO,CALLE 42 CARRERA 39-40,URBANA,TECNICO,3.53884,-76.31025,NO APLICA,NO APLICA,NO APLICA,CHOQUE,NO APLICA 2021,MASCULINO,NO APLICA,AUTOMOVIL,VOLKSWAGEN,NO APLICA 2021,PARTICULAR,NO APLICA
227,HERIDOS,2021-02-02,2021,12:20,TARDE,MARTES,NIÑO POBRE,CALLE 28 CARRERA 22,URBANA,TECNICO,3.52465,-76.29412,MOTOCICLISTA,1,NO APLICA,CHOQUE,NO APLICA 2021,MASCULINO,RAUL,MOTO,SUZUKI,NO APLICA 2021,PARTICULAR,NO APLICA
228,HERIDOS,2021-02-02,2021,12:20,TARDE,MARTES,NIÑO POBRE,CALLE 28 CARRERA 22,URBANA,TECNICO,3.52465,-76.29412,NO APLICA,NO APLICA,NO APLICA,CHOQUE,NO APLICA 2021,MASCULINO,NO APLICA,AUTOMOVIL,CHEVROLET,NO APLICA 2021,PARTICULAR,NO APLICA
229,HERIDOS,2021-02-02,2021,07:30,MAÑANA,MARTES,PRADO,CALLE 42 CARRERA 43-42,URBANA,TECNICO,3.53878,-76.31259,MOTOCICLISTA,1,NO APLICA,CHOQUE,NO APLICA 2021,MASCULINO,FRACTURAS,MOTO,VICTORY,NO APLICA 2021,PARTICULAR,NO APLICA
230,HERIDOS,2021-02-02,2021,07:30,MAÑANA,MARTES,PRADO,CALLE 42 CARRERA 43-42,URBANA,TECNICO,3.53878,-76.31259,NO APLICA,NO APLICA,NO APLICA,CHOQUE,NO APLICA 2021,MASCULINO,NO APLICA,MOTO,YAMAHA,NO APLICA 2021,PARTICULAR,NO APLICA
231,DAÑOS,2021-02-02,2021,12:30,TARDE,MARTES,NUEVO,CARRERA 31 CALLE 21 -53,URBANA,TECNICO,3.52015,-76.3029,NO APLICA,NO APLICA,NO APLICA,CHOQUE,NO APLICA 2021,FEMENINA,NO APLICA,AUTOMOVIL,KIA,NO APLICA 2021,PARTICULAR,NO APLICA
232,DAÑOS,2021-02-02,2021,12:30,TARDE,MARTES,NUEVO,CARRERA 31 CALLE 21 -53,URBANA,TECNICO,3.52015,-76.3029,NO APLICA,NO APLICA,NO APLICA,CHOQUE,NO APLICA 2021,MASCULINO,NO APLICA,AUTOMOVIL,KIA,NO APLICA 2021,PARTICULAR,NO APLICA
233,DAÑOS,2021-02-03,2021,16:20,TARDE,MIERCOLES,TREBOL,CALLE 26 CARRERA 23A,URBANA,TECNICO,3.52276,-76.29543,NO APLICA,NO APLICA,NO APLICA,CHOQUE,NO APLICA 2021,MASCULINO,NO APLICA,AUTOMOVIL,CHEVROLET,NO APLICA 2021,PARTICULAR,NO APLICA
234,DAÑOS,2021-02-03,2021,16:20,TARDE,MIERCOLES,TREBOL,CALLE 26 CARRERA 23A,URBANA,TECNICO,3.52276,-76.29543,NO APLICA,NO APLICA,NO APLICA,CHOQUE,NO APLICA 2021,MASCULINO,NO APLICA,CAMIONETA,RENAULT,NO APLICA 2021,PARTICULAR,NO APLICA
235,HERIDOS,2021-02-04,2021,12:50,TARDE,JUEVES,RECREO,CALLE 22 CARRERA 28,URBANA,TECNICO,3.52025,-76.29992,MOTOCICLISTA,1,NO APLICA,CHOQUE,NO APLICA 2021,FEMENINA,PALMA,MOTO,AKT,NO APLICA 2021,PARTICULAR,NO APLICA
236,HERIDOS,2021-02-04,2021,12:50,TARDE,JUEVES,RECREO,CALLE 22 CARRERA 28,URBANA,TECNICO,3.52025,-76.29992,NO APLICA,NO APLICA,NO APLICA,CHOQUE,NO APLICA 2021,MASCULINO,NO APLICA,AKIA,JKQ985,NO APLICA 2021,PARTICULAR,NO APLICA
237,DAÑOS,2021-02-04,2021,10:30,MAÑANA,JUEVES,SANTA RITA,CALLE 35 CARRERA 28,URBANA,TECNICO,3.532,-76.29816,NO APLICA,NO APLICA,NO APLICA,CHOQUE,NO APLICA 2021,MASCULINO,NO APLICA,MOTO,SUZUKI,NO APLICA 2021,PARTICULAR,NO APLICA
238,DAÑOS,2021-02-04,2021,10:30,MAÑANA,JUEVES,SANTA RITA,CALLE 35 CARRERA 28,URBANA,TECNICO,3.532,-76.29816,NO APLICA,NO APLICA,NO APLICA,CHOQUE,NO APLICA 2021,MASCULINO,NO APLICA,CAMIONETA,CHEVROLET,NO APLICA 2021,PARTICULAR,NO APLICA
239,DAÑOS,2021-02-04,2021,19:40,NOCHE,JUEVES,PATIO BONITO,CARRERA 19 CALLE 32,URBANA,TECNICO,3.52781,-76.29109,NO APLICA,NO APLICA,NO APLICA,CHOQUE,NO APLICA 2021,MASCULINO,NO APLICA,AUTOMOVIL,HYUNDAI,NO APLICA 2021,PARTICULAR,NO APLICA