,GRAVEDAD,FECHA,AÑO,HORA,JORNADA,DIA_SEMANA,BARRIO-CORREGIMIENTO-VIA,DIRECCION,ZONA,AUTORIDAD,LAT,LONG,CONDICION_VICTIMA,LESIONADO,HOMICIDIOS,TIPO_ACCIDENTE,HIPOTESIS,GENERO,CLINICA,CLASE_VEHICULO,MARCA,MATRICULA,TIPO DE SERVICIO,EMPRESA
240,DAÑOS,2021-02-04,2021,19:40,NOCHE,JUEVES,PATIO BONITO,CARRERA 19 CALLE 32,URBANA,TECNICO,3.52781,-76.29109,NO APLICA,NO APLICA,NO APLICA,CHOQUE,NO APLICA 2021,MASCULINO,NO APLICA,MOTO,AKT,NO APLICA 2021,PARTICULAR,NO APLICA
241,DAÑOS,2021-02-05,2021,10:40,MAÑANA,VIERNES,CENTRO,CARRERA 26 CALLE 32,URBANA,TECNICO,3.52846,-76.29695,NO APLICA,NO APLICA,NO APLICA,CHOQUE,NO APLICA 2021,MASCULINO,NO APLICA,AUTOMOVIL,NISSAN,NO APLICA 2021,PARTICULAR,NO APLICA
242,DAÑOS,2021-02-05,2021,10:40,MAÑANA,VIERNES,CENTRO,CARRERA 26 CALLE 32,URBANA,TECNICO,3.52846,-76.29695,NO APLICA,NO APLICA,NO APLICA,CHOQUE,NO APLICA 2021,MASCULINO,NO APLICA,CAMPERO,CHEVROLET,NO APLICA 2021,PARTICULAR,NO APLICA
243,DAÑOS,2021-02-05,2021,17:20,TARDE,VIERNES,DELICIAS,CARRERA 25 CALLE 27 - 45,URBANA,TECNICO,3.52435,-76.29678,NO APLICA,NO APLICA,NO APLICA,CHOQUE,NO APLICA 2021,MASCULINO,NO APLICA,AUTOMOVIL,JAC,NO APLICA 2021,PARTICULAR,NO APLICA
244,DAÑOS,2021-02-05,2021,17:20,TARDE,VIERNES,DELICIAS,CARRERA 25 CALLE 27 - 45,URBANA,TECNICO,3.52435,-76.29678,NO APLICA,NO APLICA,NO APLICA,CHOQUE,NO APLICA 2021,MASCULINO,NO APLICA,MOTO,HERO,NO APLICA 2021,PARTICULAR,NO APLICA
245,HERIDOS,2021-02-05,2021,17:50,TARDE,VIERNES,VERSALLES,CALE 42 CARRERA 28,URBANA,TECNICO,3.53791,-76.29739,CICLISTA,1,NO APLICA,CHOQUE,NO APLICA 2021,MASCULINO,PALMA,BICICLETA,NO APLICA,NO APLICA 2021,PARTICULAR,NO APLICA
246,HERIDOS,2021-02-05,2021,17:50,TARDE,VIERNES,VERSALLES,CALE 42 CARRERA 28,URBANA,TECNICO,3.53791,-76.29739,MOTOCICLISTA,1,NO APLICA,CHOQUE,NO APLICA 2021,MASCULINO,FRACTURAS,MOTO,YAMAHA,NO APLICA 2021,PARTICULAR,NO APLICA
247,DAÑOS,2021-02-05,2021,14:20,TARDE,VIERNES,URIBE,CALLE 35 CARRERA 21,URBANA,TECNICO,3.53121,-76.29247,NO APLICA,NO APLICA,NO APLICA,CHOQUE,NO APLICA 2021,MASCULINO,NO APLICA,AUTOMOVIL,RENAULT,NO APLICA 2021,PARTICULAR,NO APLICA
248,DAÑOS,2021-02-05,2021,14:20,TARDE,VIERNES,URIBE,CALLE 35 CARRERA 21,URBANA,TECNICO,3.53121,-76.29247,MOTOCICLISTA,1,NO APLICA,CHOQUE,NO APLICA 2021,FEMENINA,PALMIRA,MOTO,YAMAHA,NO APLICA 2021,PARTICULAR,NO APLICA
249,DAÑOS,2021-02-06,2021,08:50,MAÑANA,SABADO,AMERICAS,CARRERA 26 CALLE 16,URBANA,TECNICO,3.51485,-76.29912,NO APLICA,NO APLICA,NO APLICA,CHOQUE,NO APLICA 2021,MASCULINO,NO APLICA,AUTOMOVIL,HYUNDAI,NO APLICA 2021,PARTICULAR,NO APLICA
250,DAÑOS,2021-02-06,2021,08:50,MAÑANA,SABADO,AMERICAS,CARRERA 26 CALLE 16,URBANA,TECNICO,3.51485,-76.29912,NO APLICA,NO APLICA,NO APLICA,CHOQUE,NO APLICA 2021,MASCULINO,NO APLICA,CAMIONETA,RENAULT,NO APLICA 2021,PARTICULAR,NO APLICA
251,HERIDOS,2021-02-07,2021,00:30,MADRUGADA,DOMINGO,VERSALLES,CARRERA 28 CALLE 42-43,URBANA,TECNICO,3.53849,-76.29713,MOTOCICLISTA,1,NO APLICA,VOLCAMIENTO,NO APLICA 2021,MASCULINO,PALMA,MOTO,HONDA,NO APLICA 2021,PARTICULAR,NO APLICA
252,HERIDOS,2021-02-07,2021,00:30,MADRUGADA,DOMINGO,VERSALLES,CARRERA 28 CALLE 42-43,URBANA,TECNICO,3.53849,-76.29713,ACOMPAÑANTE MOTOCICLISTA,1,NO APLICA,VOLCAMIENTO,NO APLICA 2021,MASCULINO,PALMA,NO APLICA,NO APLICA,NO APLICA 2021,NO APLICA,NO APLICA
253,MUERTO,2021-02-06,2021,21:00,NOCHE,SABADO,CAMPESTRE,CALLE 42 CARRERA 11-57,URBANA,TECNICO,3.537,-76.28416,MOTOCICLISTA,NO APLICA,1,CHOQUE,NO APLICA 2021,FEMENINA,NO APLICA,MOTO,VICTORY,NO APLICA 2021,PARTICULAR,NO APLICA
254,DAÑOS,2021-02-07,2021,16:15,TARDE,DOMINGO,ALTAMIRA,CALLE 47 CARRERA 24,URBANA,TECNICO,3.54255,-76.29311,NO APLICA,NO APLICA,NO APLICA,CHOQUE,NO APLICA 2021,MASCULINO,NO APLICA,AUTOMOVIL,RENAULT,NO APLICA 2021,PARTICULAR,NO APLICA
255,DAÑOS,2021-02-07,2021,16:15,TARDE,DOMINGO,ALTAMIRA,CALLE 47 CARRERA 24,URBANA,TECNICO,3.54255,-76.29311,NO APLICA,NO APLICA,NO APLICA,CHOQUE,NO APLICA 2021,MASCULINO,NO APLICA,BICICLETA,VENZO,NO APLICA 2021,PARTICULAR,NO APLICA
256,HERIDOS,2021-02-07,2021,17:00,TARDE,DOMINGO,URIBE,CALLE 33 CARRERA 20,URBANA,TECNICO,3.52933,-76.29174,MOTOCICLISTA,1,NO APLICA,CHOQUE,NO APLICA 2021,MASCULINO,PALMIRA,MOTO,AKT,NO APLICA 2021,PARTICULAR,NO APLICA
257,HERIDOS,2021-02-07,2021,12:20,TARDE,DOMINGO,ALAMEDA,CALLE 67A CARRERA 26,URBANA,TECNICO,3.55393,-76.2891,NO APLICA,NO APLICA,NO APLICA,CHOQUE,NO APLICA 2021,MASCULINO,NO APLICA,AUTOMOVIL,KIA,NO APLICA 2021,PARTICULAR,NO APLICA
258,HERIDOS,2021-02-07,2021,12:20,TARDE,DOMINGO,ALAMEDA,CALLE 67A CARRERA 26,URBANA,TECNICO,3.55393,-76.2891,CICLISTA,1,NO APLICA,CHOQUE,NO APLICA 2021,MASCULINO,PALMA,BICICLETA,NO APLICA,NO APLICA 2021,PARTICULAR,NO APLICA
259,DAÑOS,2021-02-08,2021,15:24,TARDE,LUNES,ZONA FRANCA PACIFICO,CARRERA 5 CALLE 4,RURAL,TECNICO,3.56074,-76.45075,NO APLICA,NO APLICA,NO APLICA,CHOQUE,NO APLICA 2021,MASCULINO,NO APLICA,TRACTO CAMION,INTERNATIONAL,NO APLICA 2021,PUBLICO,NO APLICA
260,DAÑOS,2021-02-08,2021,18:30,NOCHE,LUNES,MERCEDES,CALLE 57 DIAGONAL 28C,URBANA,TECNICO,3.54743,-76.29436,NO APLICA,NO APLICA,NO APLICA,CHOQUE,NO APLICA 2021,FEMENINA,NO APLICA,AUTOMOVIL,HYUNDAI,NO APLICA 2021,PARTICULAR,NO APLICA
261,DAÑOS,2021-02-08,2021,18:30,NOCHE,LUNES,MERCEDES,CALLE 57 DIAGONAL 28C,URBANA,TECNICO,3.54743,-76.29436,NO APLICA,NO APLICA,NO APLICA,CHOQUE,NO APLICA 2021,MASCULINO,NO APLICA,CAMION,HINO,NO APLICA 2021,PARTICULAR,NO APLICA
262,HERIDOS,2021-02-10,2021,07:10,MAÑANA,MIERCOLES,ALTAMIRA,CARRERA 19 CALLE 48,URBANA,TECNICO,3.54334,-76.29103,MOTOCICLISTA,1,NO APLICA,CHOQUE,NO APLICA 2021,MASCULINO,PALMA,MOTO,SUZUKI,NO APLICA 2021,PARTICULAR,NO APLICA
263,HERIDOS,2021-02-10,2021,07:10,MAÑANA,MIERCOLES,ALTAMIRA,CARRERA 19 CALLE 48,URBANA,TECNICO,3.54334,-76.29103,NO APLICA,NO APLICA,NO APLICA,CHOQUE,NO APLICA 2021,MASCULINO,NO APLICA,MOTO,HONDA,NO APLICA 2021,PARTICULAR,NO APLICA
264,HERIDOS,2021-02-10,2021,08:30,MAÑANA,MIERCOLES,TRINIDAD,CALLE 28 CARRERA 24,URBANA,TECNICO,3.52484,-76.29579,NO APLICA,NO APLICA,NO APLICA,CHOQUE,NO APLICA 2021,MASCULINO,NO APLICA,CAMPERO,RENAULT,NO APLICA 2021,PARTICULAR,NO APLICA
265,HERIDOS,2021-02-10,2021,08:30,MAÑANA,MIERCOLES,TRINIDAD,CALLE 28 CARRERA 24,URBANA,TECNICO,3.52484,-76.29579,MOTOCICLISTA,1,NO APLICA,CHOQUE,NO APLICA 2021,MASCULINO,PALMIRA,MOTO,YAMAHA,NO APLICA 2021,PARTICULAR,NO APLICA
266,HERIDOS,2021-02-10,2021,08:30,MAÑANA,MIERCOLES,TRINIDAD,CALLE 28 CARRERA 24,URBANA,TECNICO,3.52484,-76.29579,ACOMPAÑANTE MOTOCICLISTA,1,NO APLICA,CHOQUE,NO APLICA 2021,FEMENINA,PALMIRA,NO APLICA,NO APLICA,NO APLICA 2021,NO APLICA,NO APLICA
267,HERIDOS,2021-02-10,2021,10:45,MAÑANA,MIERCOLES,OBRERO,CALLE 35 CARRERA 24,URBANA,TECNICO,3.53154,-76.29495,NO APLICA,NO APLICA,NO APLICA,CHOQUE,NO APLICA 2021,MASCULINO,NO APLICA,AUTOMOVIL,CHEVROLET,NO APLICA 2021,PARTICULAR,NO APLICA
268,HERIDOS,2021-02-10,2021,10:45,MAÑANA,MIERCOLES,OBRERO,CALLE 35 CARRERA 24,URBANA,TECNICO,3.53154,-76.29495,MOTOCICLISTA,1,NO APLICA,CHOQUE,NO APLICA 2021,MASCULINO,PALMIRA,MOTO,HONDA,NO APLICA 2021,PARTICULAR,NO APLICA
269,HERIDOS,2021-02-10,2021,10:45,MAÑANA,MIERCOLES,OBRERO,CALLE 35 CARRERA 24,URBANA,TECNICO,3.53154,-76.29495,ACOMPAÑANTE MOTOCICLISTA,1,NO APLICA,CHOQUE,NO APLICA 2021,FEMENINA,PALMIRA,NO APLICA,NO APLICA,NO APLICA 2021,NO APLICA,NO APLICA
270,DAÑOS,2021-02-10,2021,11:30,MAÑANA,MIERCOLES,CENTRO,CALLE 32A CARRERA 26,URBANA,TECNICO,3.52922,-76.29688,NO APLICA,NO APLICA,NO APLICA,CHOQUE,NO APLICA 2021,MASCULINO,NO APLICA,CAMPERO,SSANGYONG,NO APLICA 2021,PARTICULAR,NO APLICA
271,DAÑOS,2021-02-10,2021,11:30,MAÑANA,MIERCOLES,CENTRO,CALLE 32A CARRERA 26,URBANA,TECNICO,3.52922,-76.29688,NO APLICA,NO APLICA,NO APLICA,CHOQUE,NO APLICA 2021,MASCULINO,NO APLICA,MOTO,HONDA,NO APLICA 2021,PARTICULAR,NO APLICA
272,HERIDOS,2021-02-10,2021,11:10,MAÑANA,MIERCOLES,CENTRO,CALLE 32 CARRERA 26,URBANA,TECNICO,3.52846,-76.29695,NO APLICA,NO APLICA,NO APLICA,ATROPELLO,NO APLICA 2021,MASCULINO,NO APLICA,AUTOMOVIL,CHEVROLET,NO APLICA 2021,PARTICULAR,NO APLICA
273,HERIDOS,2021-02-10,2021,11:10,MAÑANA,MIERCOLES,CENTRO,CALLE 32 CARRERA 26,URBANA,TECNICO,3.52846,-76.29695,PEATON,1,NO APLICA,ATROPELLO,NO APLICA 2021,MASCULINO,PALMIRA,NO APLICA,NO APLICA,NO APLICA 2021,NO APLICA,NO APLICA
274,HERIDOS,2021-02-10,2021,14:30,TARDE,MIERCOLES,RECREO,CALLE 20 CARRERA 26 -28,URBANA,TECNICO,3.5185,-76.29892,MOTOCICLISTA,1,NO APLICA,CHOQUE,NO APLICA 2021,MASCULINO,SANTA BARBARA,MOTO,SUZUKI,NO APLICA 2021,PARTICULAR,NO APLICA
275,HERIDOS,2021-02-10,2021,14:30,TARDE,MIERCOLES,RECREO,CALLE 20 CARRERA 26 -28,URBANA,TECNICO,3.5185,-76.29892,NO APLICA,NO APLICA,NO APLICA,CHOQUE,NO APLICA 2021,MASCULINO,NO APLICA,AUTOMOVIL,CHEVROLET,NO APLICA 2021,PARTICULAR,NO APLICA
276,HERIDOS,2021-02-10,2021,14:30,TARDE,MIERCOLES,RECREO,CALLE 20 CARRERA 26 -28,URBANA,TECNICO,3.5185,-76.29892,ACOMPAÑANTE MOTOCICLISTA,1,NO APLICA,CHOQUE,NO APLICA 2021,FEMENINA,SANTA BARBARA,NO APLICA,NO APLICA,NO APLICA 2021,NO APLICA,NO APLICA
277,HERIDOS,2021-02-10,2021,21:10,NOCHE,MIERCOLES,ALAMEDA,CARRERA 25 CALLE 70,URBANA,TECNICO,3.55614,-76.28668,MOTOCICLISTA,1,NO APLICA,CHOQUE,NO APLICA 2021,FEMENINA,RAUL,MOTO,YAMAHA,NO APLICA 2021,PARTICULAR,NO APLICA
278,HERIDOS,2021-02-10,2021,21:10,NOCHE,MIERCOLES,ALAMEDA,CARRERA 25 CALLE 70,URBANA,TECNICO,3.55614,-76.28668,MOTOCICLISTA,1,NO APLICA,CHOQUE,NO APLICA 2021,FEMENINA,RAUL,MOTO,SUZUKI,NO APLICA 2021,PARTICULAR,NO APLICA
279,DAÑOS,2021-02-10,2021,16:00,TARDE,MIERCOLES,SANTA ISABEL,CARRERA 28 CALLE 44 -205,URBANA,TECNICO,3.53976,-76.29693,NO APLICA,NO APLICA,NO APLICA,CHOQUE,NO APLICA 2021,MASCULINO,NO APLICA,AUTOMOVIL,MAZDA,NO APLICA 2021,PARTICULAR,NO APLICA
280,DAÑOS,2021-02-10,2021,16:00,TARDE,MIERCOLES,SANTA ISABEL,CARRERA 28 CALLE 44 -205,URBANA,TECNICO,3.53976,-76.29693,NO APLICA,NO APLICA,NO APLICA,CHOQUE,NO APLICA 2021,MASCULINO,NO APLICA,MOTO,SUZUKI,NO APLICA 2021,PARTICULAR,NO APLICA
281,HERIDOS,2021-02-11,2021,10:00,MAÑANA,JUEVES,LORRETO,CALLE 32A CARRERA 35,URBANA,TECNICO,3.53105,-76.30513,NO APLICA,NO APLICA,NO APLICA,CHOQUE,NO APLICA 2021,MASCULINO,NO APLICA,MOTO,HONDA,NO APLICA 2021,PARTICULAR,NO APLICA
282,HERIDOS,2021-02-11,2021,10:00,MAÑANA,JUEVES,LORRETO,CALLE 32A CARRERA 35,URBANA,TECNICO,3.53105,-76.30513,NO APLICA,NO APLICA,NO APLICA,CHOQUE,NO APLICA 2021,MASCULINO,NO APLICA,AUTOMOVIL,KIA,NO APLICA 2021,PARTICULAR,NO APLICA
283,HERIDOS,2021-02-11,2021,10:00,MAÑANA,JUEVES,LORRETO,CALLE 32A CARRERA 35,URBANA,TECNICO,3.53105,-76.30513,ACOMPAÑANTE MOTOCICLISTA,1,NO APLICA,CHOQUE,NO APLICA 2021,FEMENINA,RAUL,NO APLICA,NO APLICA,NO APLICA 2021,NO APLICA,NO APLICA
284,MUERTO,2021-02-11,2021,15:30,TARDE,JUEVES,INDEPENDENCIA,CALLE 18 CARRERA 30,URBANA,TECNICO,3.51694,-76.30257,MOTOCICLISTA,NO APLICA,1,CHOQUE,NO APLICA 2021,MASCULINO,NO APLICA,MOTO,KAWASAKI,NO APLICA 2021,PARTICULAR,NO APLICA
285,MUERTO,2021-02-11,2021,15:30,TARDE,JUEVES,INDEPENDENCIA,CALLE 18 CARRERA 30,URBANA,TECNICO,3.51694,-76.30257,CONDUCTOR,1,NO APLICA,CHOQUE,NO APLICA 2021,FEMENINA,PALMIRA,CAMIONETA,CHEVROLET,NO APLICA 2021,PARTICULAR,NO APLICA
286,MUERTO,2021-02-11,2021,15:30,TARDE,JUEVES,INDEPENDENCIA,CALLE 18 CARRERA 30,URBANA,TECNICO,3.51694,-76.30257,ACOMPAÑANTE MOTOCICLISTA,1,NO APLICA,CHOQUE,NO APLICA 2021,FEMENINA,PALMIRA,NO APLICA,NO APLICA,NO APLICA 2021,NO APLICA,NO APLICA
287,DAÑOS,2021-02-11,2021,20:00,NOCHE,JUEVES,COLOMBINA,CALLE 30 CARRERA 20,URBANA,TECNICO,3.52611,-76.2922,NO APLICA,NO APLICA,NO APLICA,CHOQUE,NO APLICA 2021,MASCULINO,NO APLICA,AUTOMOVIL,CHEVROLET,NO APLICA 2021,PARTICULAR,NO APLICA
288,DAÑOS,2021-02-11,2021,20:00,NOCHE,JUEVES,COLOMBINA,CALLE 30 CARRERA 20,URBANA,TECNICO,3.52611,-76.2922,NO APLICA,NO APLICA,NO APLICA,CHOQUE,NO APLICA 2021,MASCULINO,NO APLICA,MOTO,BAJAJ,NO APLICA 2021,PARTICULAR,NO APLICA
289,DAÑOS,2021-02-12,2021,08:10,MAÑANA,VIERNES,INDUSTRIAL,CALLE 42 CARRERA 35,URBANA,TECNICO,3.53899,-76.30704,NO APLICA,NO APLICA,NO APLICA,CHOQUE,NO APLICA 2021,MASCULINO,NO APLICA,MOTO,SUZUKI,NO APLICA 2021,PARTICULAR,NO APLICA
290,DAÑOS,2021-02-12,2021,08:10,MAÑANA,VIERNES,INDUSTRIAL,CALLE 42 CARRERA 35,URBANA,TECNICO,3.53899,-76.30704,NO APLICA,NO APLICA,NO APLICA,CHOQUE,NO APLICA 2021,FEMENINA,NO APLICA,AUTOMOVIL,SKODA,NO APLICA 2021,PARTICULAR,NO APLICA
291,DAÑOS,2021-02-12,2021,11:10,MAÑANA,VIERNES,CENTRO,CALLE 31 CARRERA 29-76,URBANA,TECNICO,3.5281,-76.29996,NO APLICA,NO APLICA,NO APLICA,CHOQUE OBJETO FIJO,NO APLICA 2021,FEMENINA,NO APLICA,AUTOMOVIL,RENAULT,NO APLICA 2021,PARTICULAR,NO APLICA
292,DAÑOS,2021-02-12,2021,12:20,TARDE,VIERNES,CENTRO,CALLE 32 CARRERA 27-160,URBANA,TECNICO,3.52871,-76.29806,NO APLICA,NO APLICA,NO APLICA,CHOQUE,NO APLICA 2021,MASCULINO,NO APLICA,AUTOMOVIL,MAZDA,NO APLICA 2021,PARTICULAR,NO APLICA
293,DAÑOS,2021-02-12,2021,12:20,TARDE,VIERNES,CENTRO,CALLE 32 CARRERA 27-160,URBANA,TECNICO,3.52871,-76.29806,NO APLICA,NO APLICA,NO APLICA,CHOQUE,NO APLICA 2021,MASCULINO,NO APLICA,AUTOMOVIL,CHEVROLET,NO APLICA 2021,PARTICULAR,NO APLICA
294,MUERTO,2021-02-12,2021,13:30,TARDE,VIERNES,NUEVO,CARRERA 32 CALLE 20,URBANA,TECNICO,3.51904,-76.30381,NO APLICA,NO APLICA,NO APLICA,ATROPELLO,NO APLICA 2021,MASCULINO,NO APLICA,CAMIONETA,NISSAN,NO APLICA 2021,PARTICULAR,NO APLICA
295,MUERTO,2021-02-12,2021,13:30,TARDE,VIERNES,NUEVO,CARRERA 32 CALLE 20,URBANA,TECNICO,3.51904,-76.30381,PEATON,NO APLICA,1,ATROPELLO,NO APLICA 2021,MASCULINO,SANTA BARBARA,NO APLICA,NO APLICA,NO APLICA 2021,NO APLICA,NO APLICA
296,DAÑOS,2021-02-12,2021,21:20,NOCHE,VIERNES,CORONADO,CARRERA 41 CALLE 66-119,URBANA,TECNICO,3.55687,-76.3102,NO APLICA,NO APLICA,NO APLICA,CHOQUE OBJETO FIJO,NO APLICA 2021,MASCULINO,NO APLICA,CAMIONETA,RENAULT,NO APLICA 2021,PARTICULAR,NO APLICA
297,DAÑOS,2021-02-13,2021,10:20,MAÑANA,SABADO,CENTRO,CALLE 32 CARRERA 30,URBANA,TECNICO,3.52909,-76.30047,NO APLICA,NO APLICA,NO APLICA,CHOQUE,NO APLICA 2021,MASCULINO,NO APLICA,AUTOMOVIL,CHEVROLET,NO APLICA 2021,PARTICULAR,NO APLICA
298,DAÑOS,2021-02-13,2021,10:20,MAÑANA,SABADO,CENTRO,CALLE 32 CARRERA 30,URBANA,TECNICO,3.52909,-76.30047,NO APLICA,NO APLICA,NO APLICA,CHOQUE,NO APLICA 2021,MASCULINO,NO APLICA,MOTO,SUZUKI,NO APLICA 2021,PARTICULAR,NO APLICA
299,DAÑOS,2021-02-13,2021,11:20,MAÑANA,SABADO,ALTAMIRA,CARRERA 19 CALLE 48,URBANA,TECNICO,3.54333,-76.29101,NO APLICA,NO APLICA,NO APLICA,CHOQUE,NO APLICA 2021,MASCULINO,NO APLICA,AUTOMOVIL,JAGUAR,NO APLICA 2021,PARTICULAR,NO APLICA
300,DAÑOS,2021-02-13,2021,11:20,MAÑANA,SABADO,ALTAMIRA,CARRERA 19 CALLE 48,URBANA,TECNICO,3.54333,-76.29101,NO APLICA,NO APLICA,NO APLICA,CHOQUE,NO APLICA 2021,MASCULINO,NO APLICA,MOTO,BAJAJ,NO APLICA 2021,PARTICULAR,NO APLICA
301,MUERTO,2021-02-13,2021,16:30,TARDE,SABADO,VIA CALI PALMIRA SUR,KM 7,RURAL,POLICIA,3.50483,-76.42503,MOTOCICLISTA,NO APLICA,1,CHOQUE,NO APLICA 2021,MASCULINO,NO APLICA,MOTO,YAMAHA,NO APLICA 2021,PARTICULAR,NO APLICA
302,MUERTO,2021-02-14,2021,17:00,TARDE,DOMINGO,VIA PALMASECA EL CERRITO,KM 3 + 250 MTS,URBANA,POLICIA,3.53035,-76.42609,ACOMPAÑANTE CONDUCTOR,NO APLICA,1,CHOQUE ARBOL,NO APLICA 2021,FEMENINA,NO APLICA,AUTOMOVIL,CHEVROLET,NO APLICA 2021,PARTICULAR,NO APLICA
303,HERIDOS,2021-02-15,2021,07:40,MAÑANA,LUNES,RECREO,CALLE 22 CARRERA 27,URBANA,TECNICO,3.52014,-76.29908,MOTOCICLISTA,1,NO APLICA,CHOQUE POSTE,NO APLICA 2021,MASCULINO,PALMIRA,AUTOMOVIL,SUZUKI,NO APLICA 2021,PARTICULAR,NO APLICA
304,HERIDOS,2021-02-15,2021,07:40,MAÑANA,LUNES,RECREO,CALLE 22 CARRERA 27,URBANA,TECNICO,3.52014,-76.29908,NO APLICA,NO APLICA,NO APLICA,ATROPELLO,NO APLICA 2021,MASCULINO,PALMIRA,AUTOMOVIL,HYUNDAI,NO APLICA 2021,PUBLICO,COOP VILLA DE LAS PALMAS
305,DAÑOS,2021-02-14,2021,08:10,MAÑANA,DOMINGO,AEROPUERTO PALMIRA,MUELLE 2,RURAL,TECNICO,3.53518,-76.38814,NO APLICA,NO APLICA,NO APLICA,CHOQUE SEÑAL,NO APLICA 2021,MASCULINO,NO APLICA,MOTO,RENAULT,NO APLICA 2021,PARTICULAR,NO APLICA
306,DAÑOS,2021-02-14,2021,08:10,MAÑANA,DOMINGO,AEROPUERTO PALMIRA,MUELLE 2,RURAL,TECNICO,3.53518,-76.38814,NO APLICA,NO APLICA,NO APLICA,CHOQUE,NO APLICA 2021,MASCULINO,NO APLICA,MOTO,BAJAJ,NO APLICA 2021,PARTICULAR,NO APLICA
307,HERIDOS,2021-02-16,2021,07:10,MAÑANA,MARTES,SAMANES,CALLE 47 CARRERA 30B-10,URBANA,TECNICO,3.5423,-76.29853,NO APLICA,NO APLICA,NO APLICA,CHOQUE,NO APLICA 2021,MASCULINO,NO APLICA,CAMIONETA,TOYOTA,NO APLICA 2021,PARTICULAR,NO APLICA
308,HERIDOS,2021-02-16,2021,07:10,MAÑANA,MARTES,SAMANES,CALLE 47 CARRERA 30B-10,URBANA,TECNICO,3.5423,-76.29853,CICLISTA,1,NO APLICA,CHOQUE,NO APLICA 2021,MASCULINO,PALMA,BICICLETA,NO APLICA,NO APLICA 2021,PARTICULAR,NO APLICA
309,DAÑOS,2021-02-16,2021,15:45,TARDE,MARTES,RECREO,CALLE 23 CARRERA 30,URBANA,TECNICO,3.52131,-76.30176,NO APLICA,NO APLICA,NO APLICA,CHOQUE,NO APLICA 2021,MASCULINO,NO APLICA,CAMPERO,RENAULT,NO APLICA 2021,PARTICULAR,NO APLICA
310,DAÑOS,2021-02-16,2021,15:45,TARDE,MARTES,RECREO,CALLE 23 CARRERA 30,URBANA,TECNICO,3.52131,-76.30176,NO APLICA,NO APLICA,NO APLICA,CHOQUE,NO APLICA 2021,MASCULINO,NO APLICA,MOTO,YAMAHA,NO APLICA 2021,PARTICULAR,NO APLICA
311,HERIDOS,2021-02-17,2021,07:10,MAÑANA,MIERCOLES,OBRERO,CALLE 36 CARRERA 26,URBANA,TECNICO,3.53254,-76.29629,MOTOCICLISTA,1,NO APLICA,CHOQUE,NO APLICA 2021,MASCULINO,RAUL,MOTO,VICTORY,NO APLICA 2021,PARTICULAR,NO APLICA
312,HERIDOS,2021-02-17,2021,07:10,MAÑANA,MIERCOLES,OBRERO,CALLE 36 CARRERA 26,URBANA,TECNICO,3.53254,-76.29629,NO APLICA,NO APLICA,NO APLICA,CHOQUE,NO APLICA 2021,MASCULINO,NO APLICA,AUTOMOVIL,CHEVROLET,NO APLICA 2021,PARTICULAR,NO APLICA
313,DAÑOS,2021-02-16,2021,15:15,TARDE,MARTES,MERCEDES,CARRERA 28 CALLE 56,URBANA,TECNICO,3.54669,-76.29569,NO APLICA,NO APLICA,NO APLICA,CHOQUE,NO APLICA 2021,MASCULINO,NO APLICA,BUS,KIA,NO APLICA 2021,PUBLICO,FLOTA PALMIRA
314,DAÑOS,2021-02-16,2021,15:15,TARDE,MARTES,MERCEDES,CARRERA 28 CALLE 56,URBANA,TECNICO,3.54669,-76.29569,NO APLICA,NO APLICA,NO APLICA,CHOQUE,NO APLICA 2021,MASCULINO,NO APLICA,AUTOMOVIL,KIA,NO APLICA 2021,PUBLICO,TRANS UNION DE TAXIS
315,HERIDOS,2021-02-18,2021,08:45,MAÑANA,JUEVES,SANTA ISABEL,CARRERA 28 CALLE 44-100,URBANA,TECNICO,3.53953,-76.2971,NO APLICA,NO APLICA,NO APLICA,ATROPELLO,NO APLICA 2021,MASCULINO,NO APLICA,AUTOMOVIL,RENAULT,NO APLICA 2021,PARTICULAR,NO APLICA
316,HERIDOS,2021-02-18,2021,08:45,MAÑANA,JUEVES,SANTA ISABEL,CARRERA 28 CALLE 44-100,URBANA,TECNICO,3.53953,-76.2971,PEATON,1,NO APLICA,ATROPELLO,NO APLICA 2021,FEMENINA,PALMA,NO APLICA,NO APLICA,NO APLICA 2021,NO APLICA,NO APLICA
317,DAÑOS,2021-02-18,2021,08:30,MAÑANA,JUEVES,TRINIDAD,CALLE 29 CARRERA 23,URBANA,TECNICO,3.52553,-76.2949,NO APLICA,NO APLICA,NO APLICA,CHOQUE,NO APLICA 2021,MASCULINO,NO APLICA,AUTOMOVIL,HYUNDAI,NO APLICA 2021,PARTICULAR,NO APLICA
318,DAÑOS,2021-02-18,2021,08:30,MAÑANA,JUEVES,TRINIDAD,CALLE 29 CARRERA 23,URBANA,TECNICO,3.52553,-76.2949,NO APLICA,NO APLICA,NO APLICA,CHOQUE,NO APLICA 2021,MASCULINO,NO APLICA,MOTO,YAMAHA,NO APLICA 2021,PARTICULAR,NO APLICA
319,HERIDOS,2021-02-18,2021,17:30,TARDE,JUEVES,CENTRO,CALLE 29 CARRERA 29,URBANA,TECNICO,3.5262,-76.29994,MOTOCICLISTA,1,NO APLICA,CHOQUE,NO APLICA 2021,MASCULINO,PALMA,MOTO,HONDA,NO APLICA 2021,PARTICULAR,NO APLICA