,GRAVEDAD,FECHA,AÑO,HORA,JORNADA,DIA_SEMANA,BARRIO-CORREGIMIENTO-VIA,DIRECCION,ZONA,AUTORIDAD,LAT,LONG,CONDICION_VICTIMA,LESIONADO,HOMICIDIOS,TIPO_ACCIDENTE,HIPOTESIS,GENERO,CLINICA,CLASE_VEHICULO,MARCA,MATRICULA,TIPO DE SERVICIO,EMPRESA
320,HERIDOS,2021-02-18,2021,17:30,TARDE,JUEVES,CENTRO,CALLE 29 CARRERA 29,URBANA,TECNICO,3.5262,-76.29994,MOTOCICLISTA,1,NO APLICA,CHOQUE,NO APLICA 2021,MASCULINO,PALMA,MOTO,HONDA,NO APLICA 2021,PARTICULAR,NO APLICA
321,HERIDOS,2021-02-18,2021,17:30,TARDE,JUEVES,CENTRO,CALLE 29 CARRERA 29,URBANA,TECNICO,3.5262,-76.29994,MOTOCICLISTA,1,NO APLICA,CHOQUE,NO APLICA 2021,MASCULINO,PALMA,MOTO,HERO,NO APLICA 2021,PARTICULAR,NO APLICA
322,DAÑOS,2021-02-19,2021,06:10,MAÑANA,VIERNES,CENTRO,CALLE 27 CARRERA 33A,URBANA,TECNICO,3.52518,-76.30452,NO APLICA,NO APLICA,NO APLICA,CHOQUE,NO APLICA 2021,MASCULINO,NO APLICA,CAMIONETA,MAZDA,NO APLICA 2021,PARTICULAR,NO APLICA
323,DAÑOS,2021-02-19,2021,06:10,MAÑANA,VIERNES,CENTRO,CALLE 27 CARRERA 33A,URBANA,TECNICO,3.52518,-76.30452,NO APLICA,NO APLICA,NO APLICA,CHOQUE,NO APLICA 2021,MASCULINO,NO APLICA,CAMIONETA,NISSAN,NO APLICA 2021,PARTICULAR,NO APLICA
324,DAÑOS,2021-02-19,2021,17:00,TARDE,VIERNES,PRADO,CALLE 42 CARRERA 39-40,URBANA,TECNICO,3.53897,-76.31023,NO APLICA,NO APLICA,NO APLICA,CHOQUE,NO APLICA 2021,MASCULINO,NO APLICA,MOTO,BAJAJ,NO APLICA 2021,PARTICULAR,NO APLICA
325,DAÑOS,2021-02-19,2021,17:00,TARDE,VIERNES,PRADO,CALLE 42 CARRERA 39-40,URBANA,TECNICO,3.53897,-76.31023,NO APLICA,NO APLICA,NO APLICA,CHOQUE,NO APLICA 2021,MASCULINO,NO APLICA,CAMIONETA,FORD,NO APLICA 2021,PARTICULAR,NO APLICA
326,HERIDOS,2021-02-19,2021,20:30,NOCHE,VIERNES,SEMBRADOR,CALLE 19A TRASNVERSAL 16,URBANA,TECNICO,3.51819,-76.28702,NO APLICA,NO APLICA,NO APLICA,ATROPELLO,NO APLICA 2021,MASCULINO,NO APLICA,MOTO,YAMAHA,NO APLICA 2021,PARTICULAR,NO APLICA
327,HERIDOS,2021-02-19,2021,20:30,NOCHE,VIERNES,SEMBRADOR,CALLE 19A TRASNVERSAL 16,URBANA,TECNICO,3.51819,-76.28702,PEATON,1,NO APLICA,ATROPELLO,NO APLICA 2021,FEMENINA,PALMIRA,NO APLICA,NO APLICA,NO APLICA 2021,NO APLICA,NO APLICA
328,HERIDOS,2021-02-20,2021,10:00,MAÑANA,SABADO,RECREO,CALLE 20 CARRERA 27,URBANA,TECNICO,3.51853,-76.29931,NO APLICA,NO APLICA,NO APLICA,CHOQUE,NO APLICA 2021,MASCULINO,NO APLICA,AUTOMOVIL,DAEWOO,NO APLICA 2021,PUBLICO,COOTRANSPAL
329,HERIDOS,2021-02-20,2021,10:00,MAÑANA,SABADO,RECREO,CALLE 20 CARRERA 27,URBANA,TECNICO,3.51853,-76.29931,MOTOCICLISTA,1,NO APLICA,CHOQUE,NO APLICA 2021,FEMENINA,SANTA BARBARA,MOTO,VICTORY,NO APLICA 2021,PARTICULAR,NO APLICA
330,HERIDOS,2021-02-20,2021,13:10,TARDE,SABADO,CENTRO,CALLE 32 CARRERA 26,URBANA,TECNICO,3.52844,-76.29699,MOTOCICLISTA,1,NO APLICA,CHOQUE,NO APLICA 2021,MASCULINO,PALMIRA,MOTO,HERO,NO APLICA 2021,PARTICULAR,NO APLICA
331,HERIDOS,2021-02-20,2021,13:10,TARDE,SABADO,CENTRO,CALLE 32 CARRERA 26,URBANA,TECNICO,3.52844,-76.29699,NO APLICA,NO APLICA,NO APLICA,CHOQUE,NO APLICA 2021,MASCULINO,NO APLICA,AUTOMOVIL,CHEVROLET,NO APLICA 2021,PARTICULAR,NO APLICA
332,HERIDOS,2021-02-20,2021,16:40,TARDE,SABADO,VIA PALMIRA TIENDA NUEVA,KM 5 + 600 MTS,RURAL,TECNICO,3.54755,-76.26174,NO APLICA,NO APLICA,NO APLICA,CHOQUE,NO APLICA 2021,MASCULINO,NO APLICA,AUTOMOVIL,RENAULT,NO APLICA 2021,PARTICULAR,NO APLICA
333,HERIDOS,2021-02-20,2021,16:40,TARDE,SABADO,VIA PALMIRA TIENDA NUEVA,KM 5 + 600 MTS,RURAL,TECNICO,3.54755,-76.26174,MOTOCICLISTA,1,NO APLICA,CHOQUE,NO APLICA 2021,MASCULINO,PALMA,MOTO,BAJAJ,NO APLICA 2021,PARTICULAR,NO APLICA
334,HERIDOS,2021-02-20,2021,19:30,NOCHE,SABADO,NUEVO,CARRERA 31 CALLE 18,URBANA,TECNICO,3.51709,-76.30347,NO APLICA,NO APLICA,NO APLICA,CHOQUE,NO APLICA 2021,MASCULINO,NO APLICA,AUTOMOVIL,CHEVROLET,NO APLICA 2021,PARTICULAR,NO APLICA
335,HERIDOS,2021-02-20,2021,19:30,NOCHE,SABADO,NUEVO,CARRERA 31 CALLE 18,URBANA,TECNICO,3.51709,-76.30347,MOTOCICLISTA,1,NO APLICA,CHOQUE,NO APLICA 2021,MASCULINO,PALMIRA,MOTO,SUZUKI,NO APLICA 2021,PARTICULAR,NO APLICA
336,HERIDOS,2021-02-20,2021,19:30,NOCHE,SABADO,NUEVO,CARRERA 31 CALLE 18,URBANA,TECNICO,3.51709,-76.30347,ACOMPAÑANTE MOTOCICLISTA,1,NO APLICA,CHOQUE,NO APLICA 2021,MASCULINO,PALMIRA,NO APLICA,NO APLICA,NO APLICA 2021,NO APLICA,NO APLICA
337,HERIDOS,2021-02-21,2021,05:30,MADRUGADA,DOMINGO,LA EMILIA,CALLE 33 CARRERA 37-69,URBANA,TECNICO,3.53103,-76.30707,CONDUCTOR,1,NO APLICA,CHOQUE OBJETO FIJO,NO APLICA 2021,FEMENINA,PALMIRA,CAMIONETA,JAC,NO APLICA 2021,PARTICULAR,NO APLICA
338,MUERTO,2021-02-19,2021,16:00,TARDE,VIERNES,CENTRO,CALLE 30 CARRERA 28,URBANA,TECNICO,3.527,-76.29892,PEATON,NO APLICA,1,CHOQUE,NO APLICA 2021,MASCULINO,NO APLICA,BICICLETA,NO APLICA,NO APLICA 2021,PARTICULAR,NO APLICA
339,MUERTO,2021-02-19,2021,21:45,NOCHE,VIERNES,VIA CENCAR AEROPUERTO,KM 2 + 450 MTS,RURAL,POLICIA,3.5547,-76.47201,CONDUCTOR,NO APLICA,1,CHOQUE OBJETO FIJO,NO APLICA 2021,MASCULINO,NO APLICA,AUTOMOVIL,NO APLICA,NO APLICA 2021,PARTICULAR,NO APLICA
340,MUERTO,2021-02-21,2021,06:30,MAÑANA,DOMINGO,CHAPINERO SUR,VIA PALMIRA BOLO CEMENTERIO JARDINES,URBANA,TECNICO,3.50075,-76.31817,NO APLICA,NO APLICA,NO APLICA,CHOQUE,NO APLICA 2021,MASCULINO,NO APLICA,CAMIONETA,NISSAN,NO APLICA 2021,PARTICULAR,NO APLICA
341,MUERTO,2021-02-21,2021,06:30,MAÑANA,DOMINGO,CHAPINERO SUR,VIA PALMIRA BOLO CEMENTERIO JARDINES,URBANA,TECNICO,3.50075,-76.31817,MOTOCICLISTA,NO APLICA,1,CHOQUE,NO APLICA 2021,MASCULINO,NO APLICA,MOTO,HONDA,NO APLICA 2021,PARTICULAR,NO APLICA
342,HERIDOS,2021-02-21,2021,12:20,TARDE,DOMINGO,URIBE,CALLE 35 CARRERA 20,URBANA,TECNICO,3.53111,-76.2916,MOTOCICLISTA,1,NO APLICA,CHOQUE,NO APLICA 2021,MASCULINO,PALMA,MOTO,YAMAHA,NO APLICA 2021,PARTICULAR,NO APLICA
343,HERIDOS,2021-02-21,2021,12:20,TARDE,DOMINGO,URIBE,CALLE 35 CARRERA 20,URBANA,TECNICO,3.53111,-76.2916,NO APLICA,NO APLICA,NO APLICA,CHOQUE,NO APLICA 2021,MASCULINO,NO APLICA,CAMPERO,FORD,NO APLICA 2021,PARTICULAR,NO APLICA
344,HERIDOS,2021-02-21,2021,14:30,TARDE,DOMINGO,CRISTALES,CALLE 44 CARRERA 6EA-18,URBANA,TECNICO,3.54024,-76.28152,NO APLICA,NO APLICA,NO APLICA,ATROPELLO,NO APLICA 2021,MASCULINO,NO APLICA,MOTO,SUZUKI,NO APLICA 2021,PARTICULAR,NO APLICA
345,HERIDOS,2021-02-21,2021,14:30,TARDE,DOMINGO,CRISTALES,CALLE 44 CARRERA 6EA-18,URBANA,TECNICO,3.54024,-76.28152,ACOMPAÑANTE MOTOCICLISTA,1,NO APLICA,ATROPELLO,NO APLICA 2021,FEMENINA,PALMA,NO APLICA,NO APLICA,NO APLICA 2021,NO APLICA,NO APLICA
346,HERIDOS,2021-02-21,2021,14:30,TARDE,DOMINGO,CRISTALES,CALLE 44 CARRERA 6EA-18,URBANA,TECNICO,3.54024,-76.28152,PEATON,1,NO APLICA,ATROPELLO,NO APLICA 2021,FEMENINA,PALMA,NO APLICA,NO APLICA,NO APLICA 2021,NO APLICA,NO APLICA
347,DAÑOS,2021-02-21,2021,18:00,NOCHE,DOMINGO,CENTRO,CALLE 28 CARRERA 28,URBANA,TECNICO,3.5239,-76.2867,NO APLICA,NO APLICA,NO APLICA,CHOQUE,NO APLICA 2021,MASCULINO,NO APLICA,BUSETA,CHEVROLET,NO APLICA 2021,PUBLICO,TRANS GAVIOTA
348,DAÑOS,2021-02-21,2021,18:00,NOCHE,DOMINGO,CENTRO,CALLE 28 CARRERA 28,URBANA,TECNICO,3.5239,-76.2867,NO APLICA,NO APLICA,NO APLICA,CHOQUE,NO APLICA 2021,MASCULINO,NO APLICA,MOTO,SUZUKI,NO APLICA 2021,PARTICULAR,NO APLICA
349,DAÑOS,2021-02-21,2021,17:57,TARDE,DOMINGO,COLOMBINA,CALLE 28 CARRERA 13,URBANA,TECNICO,3.5239,-76.2867,NO APLICA,NO APLICA,NO APLICA,CHOQUE,NO APLICA 2021,MASCULINO,NO APLICA,AUTOMOVIL,KIA,NO APLICA 2021,PARTICULAR,NO APLICA
350,DAÑOS,2021-02-21,2021,17:57,TARDE,DOMINGO,COLOMBINA,CALLE 28 CARRERA 13,URBANA,TECNICO,3.5239,-76.2867,NO APLICA,NO APLICA,NO APLICA,CHOQUE,NO APLICA 2021,MASCULINO,NO APLICA,MOTO,HONDA,NO APLICA 2021,PARTICULAR,NO APLICA
351,DAÑOS,2021-02-21,2021,14:10,TARDE,DOMINGO,PRADO,CALLE 36 CARRERA 40-41,URBANA,TECNICO,3.53324,-76.31044,NO APLICA,NO APLICA,NO APLICA,CHOQUE,NO APLICA 2021,MASCULINO,NO APLICA,CAMIONETA,NISSAN,NO APLICA 2021,PARTICULAR,NO APLICA
352,DAÑOS,2021-02-21,2021,14:10,TARDE,DOMINGO,PRADO,CALLE 36 CARRERA 40-41,URBANA,TECNICO,3.53324,-76.31044,NO APLICA,NO APLICA,NO APLICA,CHOQUE,NO APLICA 2021,MASCULINO,NO APLICA,MOTO,HERO,NO APLICA 2021,PARTICULAR,NO APLICA
353,DAÑOS,2021-02-21,2021,17:15,TARDE,DOMINGO,INDUSTRIAL,CALLE 42 CARRERA 34B-144,URBANA,TECNICO,3.53883,-76.30505,NO APLICA,NO APLICA,NO APLICA,CHOQUE,NO APLICA 2021,MASCULINO,NO APLICA,AUTOMOVIL,CHEVROLET,NO APLICA 2021,PARTICULAR,NO APLICA
354,DAÑOS,2021-02-21,2021,17:15,TARDE,DOMINGO,INDUSTRIAL,CALLE 42 CARRERA 34B-144,URBANA,TECNICO,3.53883,-76.30505,NO APLICA,NO APLICA,NO APLICA,CHOQUE,NO APLICA 2021,MASCULINO,NO APLICA,CAMION,MERCEDES BENZ,NO APLICA 2021,PUBLICO,NO APLICA
355,HERIDOS,2021-02-21,2021,19:00,NOCHE,DOMINGO,OBRERO,CALLE 35 CARRERA 24,URBANA,TECNICO,3.53152,-76.29496,MOTOCICLISTA,1,NO APLICA,CHOQUE,NO APLICA 2021,MASCULINO,PALMIRA,MOTO,SUZUKI,NO APLICA 2021,PARTICULAR,NO APLICA
356,HERIDOS,2021-02-21,2021,19:00,NOCHE,DOMINGO,OBRERO,CALLE 35 CARRERA 24,URBANA,TECNICO,3.53152,-76.29496,MOTOCICLISTA,1,NO APLICA,CHOQUE,NO APLICA 2021,MASCULINO,PALMIRA,MOTO,BAJAJ,NO APLICA 2021,PARTICULAR,NO APLICA
357,HERIDOS,2021-02-22,2021,10:00,MAÑANA,LUNES,CENTRO,CALLE 32 CARRERA 25,URBANA,TECNICO,3.52847,-76.29609,MOTOCICLISTA,1,NO APLICA,CHOQUE,NO APLICA 2021,FEMENINA,PALMA,MOTO,VICTORY,NO APLICA 2021,PARTICULAR,NO APLICA
358,HERIDOS,2021-02-22,2021,10:00,MAÑANA,LUNES,CENTRO,CALLE 32 CARRERA 25,URBANA,TECNICO,3.52847,-76.29609,NO APLICA,NO APLICA,NO APLICA,CHOQUE,NO APLICA 2021,MASCULINO,NO APLICA,CAMIONETA,FOTON,NO APLICA 2021,PUBLICO,NO APLICA
359,HERIDOS,2021-02-22,2021,12:30,TARDE,LUNES,JARDIN,CALLE 33F CARRERA 7,URBANA,TECNICO,3.52964,-76.28122,MOTOCICLISTA,1,NO APLICA,CHOQUE,NO APLICA 2021,MASCULINO,FRACTURAS,MOTO,HONDA,NO APLICA 2021,PARTICULAR,NO APLICA
360,HERIDOS,2021-02-22,2021,12:30,TARDE,LUNES,JARDIN,CALLE 33F CARRERA 7,URBANA,TECNICO,3.52964,-76.28122,NO APLICA,NO APLICA,NO APLICA,CHOQUE,NO APLICA 2021,MASCULINO,NO APLICA,CAMPERO,CHEVROLET,NO APLICA 2021,PARTICULAR,NO APLICA
361,HERIDOS,2021-02-23,2021,07:30,MAÑANA,MARTES,BENEDICTA,CALLE 47 CARRERA 34B-74,URBANA,TECNICO,3.54258,-76.30392,NO APLICA,NO APLICA,NO APLICA,CHOQUE,NO APLICA 2021,MASCULINO,NO APLICA,AUTOMOVIL,CHEVROLET,NO APLICA 2021,PUBLICO,TRANS UNION DE TAXIS
362,HERIDOS,2021-02-23,2021,07:30,MAÑANA,MARTES,BENEDICTA,CALLE 47 CARRERA 34B-74,URBANA,TECNICO,3.54258,-76.30392,CICLISTA,1,NO APLICA,CHOQUE,NO APLICA 2021,FEMENINA,PALMA,BICICLETA,NO APLICA,NO APLICA 2021,PARTICULAR,NO APLICA
363,HERIDOS,2021-02-23,2021,08:15,MAÑANA,MARTES,SIMON,CALLE 56 CARRERA 46,URBANA,TECNICO,3.54642,-76.31757,MOTOCICLISTA,1,NO APLICA,CHOQUE,NO APLICA 2021,MASCULINO,PALMA,MOTO,YAMAHA,NO APLICA 2021,PARTICULAR,NO APLICA
364,HERIDOS,2021-02-23,2021,08:15,MAÑANA,MARTES,SIMON,CALLE 56 CARRERA 46,URBANA,TECNICO,3.54642,-76.31757,CICLISTA,1,NO APLICA,CHOQUE,NO APLICA 2021,MASCULINO,PALMA,BICICLETA,NO APLICA,NO APLICA 2021,PARTICULAR,NO APLICA
365,HERIDOS,2021-02-23,2021,13:50,TARDE,MARTES,NUEVO,CARRERA 32 CALLE 26,URBANA,TECNICO,3.52407,-76.30297,MOTOCICLISTA,1,NO APLICA,CHOQUE,NO APLICA 2021,FEMENINA,PALMA,MOTO,HONDA,NO APLICA 2021,PARTICULAR,NO APLICA
366,HERIDOS,2021-02-23,2021,13:50,TARDE,MARTES,NUEVO,CARRERA 32 CALLE 26,URBANA,TECNICO,3.52407,-76.30297,NO APLICA,NO APLICA,NO APLICA,CHOQUE,NO APLICA 2021,MASCULINO,NO APLICA,AUTOMOVIL,RENAULT,NO APLICA 2021,PARTICULAR,NO APLICA
367,HERIDOS,2021-02-23,2021,13:50,TARDE,MARTES,NUEVO,CARRERA 32 CALLE 26,URBANA,TECNICO,3.52407,-76.30297,ACOMPAÑANTE MOTOCICLISTA,1,NO APLICA,CHOQUE,NO APLICA 2021,FEMENINA,PALMA,NO APLICA,NO APLICA,NO APLICA 2021,NO APLICA,NO APLICA
368,DAÑOS,2021-02-23,2021,14:10,TARDE,MARTES,VERSALLES,CALLE 42 CARRERA 25-26,URBANA,TECNICO,3.53768,-76.29494,NO APLICA,NO APLICA,NO APLICA,CHOQUE,NO APLICA 2021,MASCULINO,NO APLICA,CAMIONETA,CHEVROLET,NO APLICA 2021,PARTICULAR,NO APLICA
369,DAÑOS,2021-02-23,2021,14:10,TARDE,MARTES,VERSALLES,CALLE 42 CARRERA 25-26,URBANA,TECNICO,3.53768,-76.29494,NO APLICA,NO APLICA,NO APLICA,CHOQUE,NO APLICA 2021,MASCULINO,NO APLICA,CAMION,DODGE,NO APLICA 2021,PUBLICO,NO APLICA
370,DAÑOS,2021-02-25,2021,10:30,MAÑANA,JUEVES,SANTA RITA,CARRERA 28 CALLE 38-16,URBANA,TECNICO,3.53509,-76.29775,NO APLICA,NO APLICA,NO APLICA,OTRO,NO APLICA 2021,MASCULINO,NO APLICA,CAMION,HYUNDAI,NO APLICA 2021,PUBLICO,NO APLICA
371,DAÑOS,2021-02-24,2021,15:30,TARDE,MIERCOLES,COLOMBIA,CALLE 33 CARRERA 29,URBANA,TECNICO,3.53047,-76.29928,NO APLICA,NO APLICA,NO APLICA,CHOQUE,NO APLICA 2021,MASCULINO,NO APLICA,BUS,CHEVROLET,NO APLICA 2021,PUBLICO,NO APLICA
372,DAÑOS,2021-02-24,2021,15:30,TARDE,MIERCOLES,COLOMBIA,CALLE 33 CARRERA 29,URBANA,TECNICO,3.53047,-76.29928,NO APLICA,NO APLICA,NO APLICA,CHOQUE,NO APLICA 2021,MASCULINO,NO APLICA,AUTOMOVIL,HYUNDAI,NO APLICA 2021,PARTICULAR,NO APLICA
373,DAÑOS,2021-02-24,2021,18:20,NOCHE,MIERCOLES,INDUSTRIAL,CALLE 42 CARRERA 35,URBANA,TECNICO,3.53875,-76.30688,NO APLICA,NO APLICA,NO APLICA,CHOQUE,NO APLICA 2021,MASCULINO,NO APLICA,MOTO,AKT,NO APLICA 2021,PARTICULAR,NO APLICA
374,DAÑOS,2021-02-24,2021,18:20,NOCHE,MIERCOLES,INDUSTRIAL,CALLE 42 CARRERA 35,URBANA,TECNICO,3.53875,-76.30688,NO APLICA,NO APLICA,NO APLICA,CHOQUE,NO APLICA 2021,MASCULINO,NO APLICA,AUTOMOVIL,CHEVROLET,NO APLICA 2021,PARTICULAR,NO APLICA
375,DAÑOS,2021-02-26,2021,07:30,MAÑANA,VIERNES,SANTA RITA,CALLE 33 CARRERA 28,URBANA,TECNICO,3.53032,-76.29839,NO APLICA,NO APLICA,NO APLICA,CHOQUE,NO APLICA 2021,MASCULINO,NO APLICA,AUTOMOVIL,KIA,NO APLICA 2021,PARTICULAR,NO APLICA
376,DAÑOS,2021-02-25,2021,17:00,TARDE,JUEVES,INDUSTRIAL,CALE 42 CARRERA 36-15,URBANA,TECNICO,3.53904,-76.30805,NO APLICA,NO APLICA,NO APLICA,CHOQUE,NO APLICA 2021,MASCULINO,NO APLICA,AUTOMOVIL,RENAULT,NO APLICA 2021,PARTICULAR,NO APLICA
377,DAÑOS,2021-02-25,2021,17:00,TARDE,JUEVES,INDUSTRIAL,CALE 42 CARRERA 36-15,URBANA,TECNICO,3.53904,-76.30805,NO APLICA,NO APLICA,NO APLICA,CHOQUE,NO APLICA 2021,FEMENINA,NO APLICA,MOTO,KEEWAY,NO APLICA 2021,PARTICULAR,NO APLICA
378,DAÑOS,2021-02-25,2021,17:00,TARDE,JUEVES,INDUSTRIAL,CALE 42 CARRERA 36-15,URBANA,TECNICO,3.53904,-76.30805,NO APLICA,NO APLICA,NO APLICA,CHOQUE,NO APLICA 2021,MASCULINO,NO APLICA,MOTO,HONDA,NO APLICA 2021,PARTICULAR,NO APLICA
379,DAÑOS,2021-02-26,2021,14:10,TARDE,VIERNES,RECREO,CALLE 18 CARRERA 26-27,URBANA,TECNICO,3.51687,-76.29923,NO APLICA,NO APLICA,NO APLICA,CHOQUE,NO APLICA 2021,FEMENINA,NO APLICA,MOTO,KIMCO,NO APLICA 2021,PARTICULAR,NO APLICA
380,DAÑOS,2021-02-26,2021,14:10,TARDE,VIERNES,RECREO,CALLE 18 CARRERA 26-27,URBANA,TECNICO,3.51687,-76.29923,NO APLICA,NO APLICA,NO APLICA,CHOQUE,NO APLICA 2021,MASCULINO,NO APLICA,AUTOMOVIL,RENAULT,NO APLICA 2021,PARTICULAR,NO APLICA
381,DAÑOS,2021-02-26,2021,16:00,TARDE,VIERNES,SANTA RITA,CALLE 36 CARRERA 27,URBANA,TECNICO,3.5326,-76.29705,NO APLICA,NO APLICA,NO APLICA,CHOQUE,NO APLICA 2021,MASCULINO,NO APLICA,MOTO,HERO,NO APLICA 2021,PARTICULAR,NO APLICA
382,DAÑOS,2021-02-26,2021,16:00,TARDE,VIERNES,SANTA RITA,CALLE 36 CARRERA 27,URBANA,TECNICO,3.5326,-76.29705,NO APLICA,NO APLICA,NO APLICA,CHOQUE,NO APLICA 2021,MASCULINO,NO APLICA,MOTO,HONDA,NO APLICA 2021,PARTICULAR,NO APLICA
383,DAÑOS,2021-02-27,2021,08:20,MAÑANA,SABADO,PRADO,CALLE 35 CARRERA 40-56,URBANA,TECNICO,3.53232,-76.31013,NO APLICA,NO APLICA,NO APLICA,CHOQUE,NO APLICA 2021,MASCULINO,NO APLICA,CAMPERO,SUZUKI,NO APLICA 2021,PARTICULAR,NO APLICA
384,DAÑOS,2021-02-27,2021,08:20,MAÑANA,SABADO,PRADO,CALLE 35 CARRERA 40-56,URBANA,TECNICO,3.53232,-76.31013,NO APLICA,NO APLICA,NO APLICA,CHOQUE,NO APLICA 2021,MASCULINO,NO APLICA,AUTOMOVIL,CHEVROLET,NO APLICA 2021,PARTICULAR,NO APLICA
385,DAÑOS,2021-02-27,2021,12:00,TARDE,SABADO,PATIO BONITO,CALLE 32 CARRERA 19,URBANA,TECNICO,3.5278,-76.29109,NO APLICA,NO APLICA,NO APLICA,CHOQUE,NO APLICA 2021,MASCULINO,NO APLICA,CAMPERO,KIA,NO APLICA 2021,PARTICULAR,NO APLICA
386,DAÑOS,2021-02-27,2021,12:00,TARDE,SABADO,PATIO BONITO,CALLE 32 CARRERA 19,URBANA,TECNICO,3.5278,-76.29109,NO APLICA,NO APLICA,NO APLICA,CHOQUE,NO APLICA 2021,MASCULINO,NO APLICA,CAMIONETA,NISSAN,NO APLICA 2021,PARTICULAR,NO APLICA
387,DAÑOS,2021-02-27,2021,13:30,TARDE,SABADO,INDUSTRIAL,CALLE 42 CARRERA 35,URBANA,TECNICO,3.53898,-76.30652,NO APLICA,NO APLICA,NO APLICA,CHOQUE,NO APLICA 2021,MASCULINO,NO APLICA,MOTO,AKT,NO APLICA 2021,PARTICULAR,NO APLICA
388,DAÑOS,2021-02-27,2021,13:30,TARDE,SABADO,INDUSTRIAL,CALLE 42 CARRERA 35,URBANA,TECNICO,3.53898,-76.30652,NO APLICA,NO APLICA,NO APLICA,CHOQUE,NO APLICA 2021,MASCULINO,NO APLICA,AUTOMOVIL,HYUNDAI,NO APLICA 2021,PUBLICO,COOTRANSPAL
389,HERIDOS,2021-02-27,2021,14:40,TARDE,SABADO,OBRERO,CARRERA 27 CALLE 34,URBANA,TECNICO,3.53101,-76.2973,MOTOCICLISTA,1,NO APLICA,CHOQUE,NO APLICA 2021,MASCULINO,FRACTURAS,MOTO,HONDA,NO APLICA 2021,PARTICULAR,NO APLICA
390,HERIDOS,2021-02-27,2021,14:40,TARDE,SABADO,OBRERO,CARRERA 27 CALLE 34,URBANA,TECNICO,3.53101,-76.2973,NO APLICA,NO APLICA,NO APLICA,CHOQUE,NO APLICA 2021,MASCULINO,NO APLICA,AUTOMOVIL,RENAULT,NO APLICA 2021,PARTICULAR,NO APLICA
391,HERIDOS,2021-02-27,2021,14:40,TARDE,SABADO,OBRERO,CARRERA 27 CALLE 34,URBANA,TECNICO,3.53101,-76.2973,ACOMPAÑANTE MOTOCICLISTA,1,NO APLICA,CHOQUE,NO APLICA 2021,FEMENINA,FRACTURAS,NO APLICA,NO APLICA,NO APLICA 2021,NO APLICA,NO APLICA
392,DAÑOS,2021-02-28,2021,19:00,NOCHE,DOMINGO,SAUSES,CARRERA 1 CALLE 32C,URBANA,TECNICO,3.52806,-76.27739,NO APLICA,NO APLICA,NO APLICA,CHOQUE,NO APLICA 2021,MASCULINO,NO APLICA,AUTOMOVIL,CHEVROLET,NO APLICA 2021,PARTICULAR,NO APLICA
393,DAÑOS,2021-03-01,2021,05:20,MADRUGADA,LUNES,INDUSTRIAL,CALLE 42 CARRERA 35,URBANA,TECNICO,3.53874,-76.3068,NO APLICA,NO APLICA,NO APLICA,CHOQUE,NO APLICA 2021,MASCULINO,NO APLICA,BUS,CHEVROLET,NO APLICA 2021,PUBLICO,SENINMANUEL
394,DAÑOS,2021-03-01,2021,05:20,MADRUGADA,LUNES,INDUSTRIAL,CALLE 42 CARRERA 35,URBANA,TECNICO,3.53874,-76.3068,NO APLICA,NO APLICA,NO APLICA,CHOQUE,NO APLICA 2021,MASCULINO,NO APLICA,BUSETA,JAC,NO APLICA 2021,PUBLICO,LINEAS DEL VALLE
395,HERIDOS,2021-02-21,2021,21:00,NOCHE,DOMINGO,ALTAMIRA,CARRERA 19 CALLE 46,URBANA,TECNICO,3.54093,-76.29088,NO APLICA,NO APLICA,NO APLICA,CHOQUE,NO APLICA 2021,MASCULINO,NO APLICA,AUTOMOVIL,RENAULT,NO APLICA 2021,PARTICULAR,NO APLICA
396,HERIDOS,2021-02-21,2021,21:00,NOCHE,DOMINGO,ALTAMIRA,CARRERA 19 CALLE 46,URBANA,TECNICO,3.54093,-76.29088,MOTOCICLISTA,1,NO APLICA,CHOQUE,NO APLICA 2021,FEMENINA,SANTA BARBARA,MOTO,KIMCO,NO APLICA 2021,PARTICULAR,NO APLICA
397,DAÑOS,2021-02-17,2021,18:30,NOCHE,MIERCOLES,AEROPUERTO PALMIRA,AEROPUERTO,RURAL,TECNICO,3.53618,-76.38794,NO APLICA,NO APLICA,NO APLICA,CHOQUE,NO APLICA 2021,FEMENINA,NO APLICA,CAMIONETA,MAZDA,NO APLICA 2021,PARTICULAR,NO APLICA
398,DAÑOS,2021-02-17,2021,18:30,NOCHE,MIERCOLES,AEROPUERTO PALMIRA,AEROPUERTO,RURAL,TECNICO,3.53618,-76.38794,NO APLICA,NO APLICA,NO APLICA,CHOQUE,NO APLICA 2021,FEMENINA,NO APLICA,CAMIONETA,MAZDA,NO APLICA 2021,PARTICULAR,NO APLICA
399,HERIDOS,2021-03-02,2021,07:10,MAÑANA,MARTES,COLOMBINA,CALLE 28 CARRERA 18,URBANA,TECNICO,3.52431,-76.29069,NO APLICA,NO APLICA,NO APLICA,CHOQUE,NO APLICA 2021,MASCULINO,NO APLICA,AUTOMOVIL,HYUNDAI,NO APLICA 2021,PUBLICO,NO APLICA
400,HERIDOS,2021-03-02,2021,07:10,MAÑANA,MARTES,COLOMBINA,CALLE 28 CARRERA 18,URBANA,TECNICO,3.52431,-76.29069,MOTOCICLISTA,1,NO APLICA,CHOQUE,NO APLICA 2021,MASCULINO,FRACTURAS,MOTO,YAMAHA,NO APLICA 2021,PARTICULAR,NO APLICA