,GRAVEDAD,FECHA,AÑO,HORA,JORNADA,DIA_SEMANA,BARRIO-CORREGIMIENTO-VIA,DIRECCION,ZONA,AUTORIDAD,LAT,LONG,CONDICION_VICTIMA,LESIONADO,HOMICIDIOS,TIPO_ACCIDENTE,HIPOTESIS,GENERO,CLINICA,CLASE_VEHICULO,MARCA,MATRICULA,TIPO DE SERVICIO,EMPRESA
401,HERIDOS,2021-03-02,2021,07:10,MAÑANA,MARTES,COLOMBINA,CALLE 28 CARRERA 18,URBANA,TECNICO,3.52431,-76.29069,ACOMPAÑANTE MOTOCICLISTA,1,NO APLICA,CHOQUE,NO APLICA 2021,FEMENINA,FRACTURAS,NO APLICA,NO APLICA,NO APLICA 2021,NO APLICA,NO APLICA
402,HERIDOS,2021-03-02,2021,20:30,NOCHE,MARTES,CENTRO,CALLE 28 CARRERA 27,URBANA,TECNICO,3.52516,-76.29835,MOTOCICLISTA,1,NO APLICA,CHOQUE,NO APLICA 2021,MASCULINO,RAUL,MOTO,YAMAHA,NO APLICA 2021,PARTICULAR,NO APLICA
403,HERIDOS,2021-03-02,2021,20:30,NOCHE,MARTES,CENTRO,CALLE 28 CARRERA 27,URBANA,TECNICO,3.52516,-76.29835,MOTOCICLISTA,1,NO APLICA,CHOQUE,NO APLICA 2021,FEMENINA,RAUL,MOTO,HONDA,NO APLICA 2021,PARTICULAR,NO APLICA
404,DAÑOS,2021-03-03,2021,14:00,TARDE,MIERCOLES,PAPAYAL,CALLE 28 CARRERA 16,URBANA,TECNICO,3.52411,-76.289,NO APLICA,NO APLICA,NO APLICA,CHOQUE,NO APLICA 2021,MASCULINO,NO APLICA,AUTOMOVIL,NISSAN,NO APLICA 2021,PARTICULAR,NO APLICA
405,DAÑOS,2021-03-03,2021,14:00,TARDE,MIERCOLES,PAPAYAL,CALLE 28 CARRERA 16,URBANA,TECNICO,3.52411,-76.289,NO APLICA,NO APLICA,NO APLICA,CHOQUE,NO APLICA 2021,FEMENINA,NO APLICA,AUTOMOVIL,RENAULT,NO APLICA 2021,PARTICULAR,NO APLICA
406,HERIDOS,2021-03-03,2021,17:30,TARDE,MIERCOLES,LAS PALMERAS,CARRERA 3 CALLE 35 -35A,URBANA,TECNICO,3.53171,-76.27965,MOTOCICLISTA,1,NO APLICA,ATROPELLO,NO APLICA 2021,MASCULINO,PALMIRA,MOTO,YAMAHA,NO APLICA 2021,PARTICULAR,NO APLICA
407,HERIDOS,2021-03-03,2021,17:30,TARDE,MIERCOLES,LAS PALMERAS,CARRERA 3 CALLE 35 -35A,URBANA,TECNICO,3.53171,-76.27965,PEATON,1,NO APLICA,ATROPELLO,NO APLICA 2021,MASCULINO,PALMIRA,NO APLICA,NO APLICA,NO APLICA 2021,NO APLICA,NO APLICA
408,HERIDOS,2021-03-03,2021,19:00,NOCHE,MIERCOLES,CIUDAD DEL CAMPO,CALLE 100 N 11-11,RURAL,TECNICO,3.45501,-76.47093,NO APLICA,NO APLICA,NO APLICA,OTRO,NO APLICA 2021,MASCULINO,NO APLICA,CAMPERO,WILLYS,NO APLICA 2021,PARTICULAR,NO APLICA
409,HERIDOS,2021-03-03,2021,19:00,NOCHE,MIERCOLES,CIUDAD DEL CAMPO,CALLE 100 N 11-11,RURAL,TECNICO,3.45501,-76.47093,ACOMPAÑANTE MOTOCICLISTA,1,NO APLICA,OTRO,NO APLICA 2021,MASCULINO,SAN FERNANDO CALI,NO APLICA,NO APLICA,NO APLICA 2021,NO APLICA,NO APLICA
410,DAÑOS,2021-03-04,2021,14:20,TARDE,JUEVES,VERSALLES,CALLE 41 CARRERA 27-53,URBANA,TECNICO,3.53712,-76.29688,NO APLICA,NO APLICA,NO APLICA,CHOQUE OBJETO FIJO,NO APLICA 2021,MASCULINO,NO APLICA,AUTOMOVIL,CHEVROLET,NO APLICA 2021,PARTICULAR,NO APLICA
411,DAÑOS,2021-03-04,2021,14:20,TARDE,JUEVES,VERSALLES,CALLE 41 CARRERA 27-53,URBANA,TECNICO,3.53712,-76.29688,NO APLICA,NO APLICA,NO APLICA,CHOQUE OBJETO FIJO,NO APLICA 2021,FEMENINA,NO APLICA,AUTOMOVIL,RENAULT,NO APLICA 2021,PARTICULAR,NO APLICA
412,HERIDOS,2021-03-04,2021,15:20,TARDE,JUEVES,LA EMILIA,CALLE 38 CARRERA 35,URBANA,TECNICO,3.53605,-76.30606,NO APLICA,NO APLICA,NO APLICA,CHOQUE,NO APLICA 2021,MASCULINO,NO APLICA,AUTOMOVIL,MAZDA,NO APLICA 2021,PARTICULAR,NO APLICA
413,HERIDOS,2021-03-04,2021,15:20,TARDE,JUEVES,LA EMILIA,CALLE 38 CARRERA 35,URBANA,TECNICO,3.53605,-76.30606,MOTOCICLISTA,1,NO APLICA,CHOQUE,NO APLICA 2021,MASCULINO,SANTA BARBARA,MOTO,HONDA,NO APLICA 2021,OFICIAL,NO APLICA
414,HERIDOS,2021-03-04,2021,15:20,TARDE,JUEVES,LA EMILIA,CALLE 38 CARRERA 35,URBANA,TECNICO,3.53605,-76.30606,ACOMPAÑANTE MOTOCICLISTA,1,NO APLICA,CHOQUE,NO APLICA 2021,MASCULINO,SANTA BARBARA,NO APLICA,NO APLICA,NO APLICA 2021,NO APLICA,NO APLICA
415,HERIDOS,2021-03-04,2021,16:20,TARDE,JUEVES,URIBE,CALLE 31 CARRERA 22,URBANA,TECNICO,3.52732,-76.29376,MOTOCICLISTA,1,NO APLICA,CHOQUE,NO APLICA 2021,FEMENINA,PALMA,MOTO,TONGKO,NO APLICA 2021,PARTICULAR,NO APLICA
416,HERIDOS,2021-03-04,2021,16:20,TARDE,JUEVES,URIBE,CALLE 31 CARRERA 22,URBANA,TECNICO,3.52732,-76.29376,NO APLICA,NO APLICA,NO APLICA,CHOQUE,NO APLICA 2021,MASCULINO,NO APLICA,AUTOMOVIL,MITSUBISHI,NO APLICA 2021,PARTICULAR,NO APLICA
417,HERIDOS,2021-03-04,2021,16:20,TARDE,JUEVES,URIBE,CALLE 31 CARRERA 22,URBANA,TECNICO,3.52732,-76.29376,ACOMPAÑANTE MOTOCICLISTA,1,NO APLICA,CHOQUE,NO APLICA 2021,FEMENINA,PALMA,NO APLICA,NO APLICA,NO APLICA 2021,NO APLICA,NO APLICA
418,HERIDOS,2021-03-04,2021,16:40,TARDE,JUEVES,NUEVO,CALLE 20 CARRERA 31,URBANA,TECNICO,3.51891,-76.30311,MOTOCICLISTA,1,NO APLICA,CHOQUE,NO APLICA 2021,MASCULINO,PALMA,MOTO,AKT,NO APLICA 2021,PARTICULAR,NO APLICA
419,HERIDOS,2021-03-04,2021,16:40,TARDE,JUEVES,NUEVO,CALLE 20 CARRERA 31,URBANA,TECNICO,3.51891,-76.30311,NO APLICA,NO APLICA,NO APLICA,CHOQUE,NO APLICA 2021,MASCULINO,NO APLICA,CAMIONETA,RENAULT,NO APLICA 2021,PARTICULAR,NO APLICA
420,DAÑOS,2021-03-04,2021,19:20,NOCHE,JUEVES,ZAMORANO,CARRERA 28 CALLE 65,URBANA,TECNICO,3.55226,-76.29357,NO APLICA,NO APLICA,NO APLICA,CHOQUE,NO APLICA 2021,MASCULINO,NO APLICA,CAMIONETA,RENAULT,NO APLICA 2021,PARTICULAR,NO APLICA
421,DAÑOS,2021-03-04,2021,19:20,NOCHE,JUEVES,ZAMORANO,CARRERA 28 CALLE 65,URBANA,TECNICO,3.55226,-76.29357,NO APLICA,NO APLICA,NO APLICA,CHOQUE,NO APLICA 2021,MASCULINO,NO APLICA,BUSETA,AGRALE,NO APLICA 2021,PUBLICO,COODETRANS PALMIRA
422,HERIDOS,2021-03-05,2021,02:30,MADRUGADA,VIERNES,CAMPESTRE,CALLE 42 CARRERA 9,URBANA,TECNICO,3.5369,-76.2823,MOTOCICLISTA,1,NO APLICA,VOLCAMIENTO,NO APLICA 2021,MASCULINO,PALMA,MOTO,HERO,NO APLICA 2021,PARTICULAR,NO APLICA
423,HERIDOS,2021-03-05,2021,15:10,TARDE,VIERNES,URIBE,CALLE 34 CARRERA 23,URBANA,TECNICO,3.53057,-76.29415,MOTOCICLISTA,1,NO APLICA,CHOQUE,NO APLICA 2021,MASCULINO,PALMA,MOTO,HONDA,NO APLICA 2021,PARTICULAR,NO APLICA
424,HERIDOS,2021-03-05,2021,15:10,TARDE,VIERNES,URIBE,CALLE 34 CARRERA 23,URBANA,TECNICO,3.53057,-76.29415,NO APLICA,NO APLICA,NO APLICA,CHOQUE,NO APLICA 2021,MASCULINO,NO APLICA,AUTOMOVIL,KIA,NO APLICA 2021,PARTICULAR,NO APLICA
425,DAÑOS,2021-03-06,2021,00:30,MADRUGADA,SABADO,TRINIDAD,CALLE 31 CARRERA 20,URBANA,TECNICO,3.52708,-76.29208,NO APLICA,NO APLICA,NO APLICA,CHOQUE,NO APLICA 2021,MASCULINO,NO APLICA,AUTOMOVIL,NISSAN,NO APLICA 2021,PARTICULAR,NO APLICA
426,DAÑOS,2021-03-06,2021,00:30,MADRUGADA,SABADO,TRINIDAD,CALLE 31 CARRERA 20,URBANA,TECNICO,3.52708,-76.29208,NO APLICA,NO APLICA,NO APLICA,CHOQUE,NO APLICA 2021,MASCULINO,NO APLICA,AUTOMOVIL,CHEVROLET,NO APLICA 2021,PARTICULAR,NO APLICA
427,DAÑOS,2021-03-06,2021,1900-08-17T00:00,MADRUGADA,SABADO,SAN PEDRO,CALLE 37 CARRERA 17A,URBANA,TECNICO,3.53287,-76.2895,NO APLICA,NO APLICA,NO APLICA,CHOQUE OBJETO FIJO,NO APLICA 2021,FEMENINA,NO APLICA,AUTOMOVIL,KIA,NO APLICA 2021,PARTICULAR,NO APLICA
428,DAÑOS,2021-03-06,2021,22:00,NOCHE,SABADO,SAN PEDRO,CALLE 42 CARRERA 19,URBANA,TECNICO,3.53708,-76.29058,NO APLICA,NO APLICA,NO APLICA,CHOQUE,NO APLICA 2021,MASCULINO,NO APLICA,AUTOMOVIL,FORD,NO APLICA 2021,PARTICULAR,NO APLICA
429,DAÑOS,2021-03-06,2021,22:00,NOCHE,SABADO,SAN PEDRO,CALLE 42 CARRERA 19,URBANA,TECNICO,3.53708,-76.29058,NO APLICA,NO APLICA,NO APLICA,CHOQUE,NO APLICA 2021,MASCULINO,NO APLICA,MOTO,SUZUKI,NO APLICA 2021,PARTICULAR,NO APLICA
430,DAÑOS,2021-03-07,2021,02:00,MADRUGADA,DOMINGO,CENTRO,CARRERA 28 CALLE 29,URBANA,TECNICO,3.52607,-76.29907,NO APLICA,NO APLICA,NO APLICA,CHOQUE,NO APLICA 2021,FEMENINA,NO APLICA,AUTOMOVIL,RENAULT,NO APLICA 2021,PARTICULAR,NO APLICA
431,DAÑOS,2021-03-07,2021,02:00,MADRUGADA,DOMINGO,CENTRO,CARRERA 28 CALLE 29,URBANA,TECNICO,3.52607,-76.29907,NO APLICA,NO APLICA,NO APLICA,CHOQUE,NO APLICA 2021,MASCULINO,NO APLICA,AUTOMOVIL,CHEVROLET,NO APLICA 2021,PARTICULAR,NO APLICA
432,HERIDOS,2021-03-06,2021,15:50,TARDE,SABADO,ALTAMIRA,CARRERA 19 CALLE 46,URBANA,TECNICO,3.54094,-76.29091,MOTOCICLISTA,1,NO APLICA,CHOQUE,NO APLICA 2021,MASCULINO,PALMA,MOTO,AKT,NO APLICA 2021,PARTICULAR,NO APLICA
433,HERIDOS,2021-03-06,2021,15:50,TARDE,SABADO,ALTAMIRA,CARRERA 19 CALLE 46,URBANA,TECNICO,3.54094,-76.29091,NO APLICA,NO APLICA,NO APLICA,CHOQUE,NO APLICA 2021,MASCULINO,NO APLICA,CAMPERO,FORD,NO APLICA 2021,PARTICULAR,NO APLICA
434,HERIDOS,2021-03-06,2021,15:50,TARDE,SABADO,ALTAMIRA,CARRERA 19 CALLE 46,URBANA,TECNICO,3.54094,-76.29091,ACOMPAÑANTE MOTOCICLISTA,1,NO APLICA,CHOQUE,NO APLICA 2021,FEMENINA,PALMA,NO APLICA,NO APLICA,NO APLICA 2021,NO APLICA,NO APLICA
435,MUERTO,2021-03-03,2021,02:10,MADRUGADA,MIERCOLES,VIA CALI PALMIRA SUR,KM 10 + 190 MTS,RURAL,POLICIA,3.51109,-76.3986,MOTOCICLISTA,NO APLICA,1,CHOQUE POSTE,NO APLICA 2021,MASCULINO,NO APLICA,MOTO,SUZUKI,NO APLICA 2021,PARTICULAR,NO APLICA
436,MUERTO,2021-03-06,2021,15:10,TARDE,SABADO,TRINIDAD,CALLE 29 CARRERA 23,URBANA,TECNICO,3.52553,-76.29489,MOTOCICLISTA,NO APLICA,1,CHOQUE,NO APLICA 2021,FEMENINA,SANTA BARBARA,MOTO,YAMAHA,NO APLICA 2021,PARTICULAR,NO APLICA
437,MUERTO,2021-03-06,2021,15:10,TARDE,SABADO,TRINIDAD,CALLE 29 CARRERA 23,URBANA,TECNICO,3.52553,-76.29489,MOTOCICLISTA,1,NO APLICA,CHOQUE,NO APLICA 2021,MASCULINO,PALMA,MOTO,AUTECO,NO APLICA 2021,PARTICULAR,NO APLICA
438,HERIDOS,2021-03-07,2021,01:00,MADRUGADA,DOMINGO,VERSALLES,CALLE 42 CARRERA 25-26,URBANA,TECNICO,3.5376,-76.29494,MOTOCICLISTA,1,NO APLICA,VOLCAMIENTO,NO APLICA 2021,MASCULINO,PALMA,MOTO,VICTORY,NO APLICA 2021,PARTICULAR,NO APLICA
439,HERIDOS,2021-03-08,2021,09:40,MAÑANA,LUNES,ESTONIA,CARRERA 32A CALLE 44,URBANA,TECNICO,3.53989,-76.30139,NO APLICA,NO APLICA,NO APLICA,CHOQUE,NO APLICA 2021,MASCULINO,NO APLICA,AUTOMOVIL,KIA,NO APLICA 2021,PARTICULAR,NO APLICA
440,HERIDOS,2021-03-08,2021,09:40,MAÑANA,LUNES,ESTONIA,CARRERA 32A CALLE 44,URBANA,TECNICO,3.53989,-76.30139,MOTOCICLISTA,1,NO APLICA,CHOQUE,NO APLICA 2021,MASCULINO,FRACTURAS,MOTO,BAJAJ,NO APLICA 2021,PARTICULAR,NO APLICA
441,HERIDOS,2021-03-08,2021,10:45,MAÑANA,LUNES,COLOMBIA,CALLE 36 CARRERA 34,URBANA,TECNICO,3.53369,-76.30372,NO APLICA,NO APLICA,NO APLICA,CHOQUE,NO APLICA 2021,MASCULINO,NO APLICA,AUTOMOVIL,HYUNDAI,NO APLICA 2021,PARTICULAR,NO APLICA
442,HERIDOS,2021-03-08,2021,10:45,MAÑANA,LUNES,COLOMBIA,CALLE 36 CARRERA 34,URBANA,TECNICO,3.53369,-76.30372,MOTOCICLISTA,1,NO APLICA,CHOQUE,NO APLICA 2021,FEMENINA,PALMA,MOTO,HONDA,NO APLICA 2021,PARTICULAR,NO APLICA
443,HERIDOS,2021-03-08,2021,10:45,MAÑANA,LUNES,COLOMBIA,CALLE 36 CARRERA 34,URBANA,TECNICO,3.53369,-76.30372,ACOMPAÑANTE MOTOCICLISTA,1,NO APLICA,CHOQUE,NO APLICA 2021,FEMENINA,PALMA,NO APLICA,NO APLICA,NO APLICA 2021,PARTICULAR,NO APLICA
444,DAÑOS,2021-03-05,2021,18:20,TARDE,VIERNES,PRADO,CARRERA 41 CALLE 42,URBANA,TECNICO,3.53867,-76.31147,NO APLICA,NO APLICA,NO APLICA,CHOQUE,NO APLICA 2021,MASCULINO,NO APLICA,CAMIONETA,RENAULT,NO APLICA 2021,PARTICULAR,NO APLICA
445,DAÑOS,2021-03-05,2021,18:20,TARDE,VIERNES,PRADO,CARRERA 41 CALLE 42,URBANA,TECNICO,3.53867,-76.31147,NO APLICA,NO APLICA,NO APLICA,CHOQUE,NO APLICA 2021,MASCULINO,NO APLICA,MOTO,YAMAHA,NO APLICA 2021,PARTICULAR,NO APLICA
446,DAÑOS,2021-03-08,2021,19:40,NOCHE,LUNES,ALAMEDA,CALLE 70 CARRERA 25-61,URBANA,TECNICO,3.5561,-76.2866,NO APLICA,NO APLICA,NO APLICA,CHOQUE,NO APLICA 2021,FEMENINA,NO APLICA,CAMIONETA,FORD,NO APLICA 2021,PARTICULAR,NO APLICA
447,DAÑOS,2021-03-08,2021,19:40,NOCHE,LUNES,ALAMEDA,CALLE 70 CARRERA 25-61,URBANA,TECNICO,3.5561,-76.2866,NO APLICA,NO APLICA,NO APLICA,CHOQUE,NO APLICA 2021,MASCULINO,NO APLICA,AUTOMOVIL,CHEVROLET,NO APLICA 2021,PARTICULAR,NO APLICA
448,DAÑOS,2021-03-06,2021,07:40,MAÑANA,SABADO,BOSQUE,CALLE 31 CARRERA 7,URBANA,TECNICO,3.52557,-76.28129,NO APLICA,NO APLICA,NO APLICA,CHOQUE,NO APLICA 2021,MASCULINO,NO APLICA,MOTO,AVANTI,NO APLICA 2021,PARTICULAR,NO APLICA
449,DAÑOS,2021-03-06,2021,07:40,MAÑANA,SABADO,BOSQUE,CALLE 31 CARRERA 7,URBANA,TECNICO,3.52557,-76.28129,NO APLICA,NO APLICA,NO APLICA,CHOQUE,NO APLICA 2021,MASCULINO,NO APLICA,AUTOMOVIL,CHEVROLET,NO APLICA 2021,PARTICULAR,NO APLICA
450,HERIDOS,2021-03-08,2021,09:10,MAÑANA,LUNES,SAMANES,CARRERA 30 CALLE 46B,URBANA,TECNICO,3.54178,-76.29827,MOTOCICLISTA,1,NO APLICA,CHOQUE,NO APLICA 2021,MASCULINO,PALMA,MOTO,SUZUKI,NO APLICA 2021,PARTICULAR,NO APLICA
451,HERIDOS,2021-03-08,2021,09:10,MAÑANA,LUNES,SAMANES,CARRERA 30 CALLE 46B,URBANA,TECNICO,3.54178,-76.29827,NO APLICA,NO APLICA,NO APLICA,CHOQUE,NO APLICA 2021,MASCULINO,NO APLICA,AUTOMOVIL,BMW,NO APLICA 2021,PARTICULAR,NO APLICA
452,HERIDOS,2021-03-08,2021,09:10,MAÑANA,LUNES,SAMANES,CARRERA 30 CALLE 46B,URBANA,TECNICO,3.54178,-76.29827,ACOMPAÑANTE MOTOCICLISTA,1,NO APLICA,CHOQUE,NO APLICA 2021,MASCULINO,PALMA,NO APLICA,NO APLICA,NO APLICA 2021,NO APLICA,NO APLICA
453,DAÑOS,2021-03-09,2021,13:40,TARDE,MARTES,INDUSTRIAL,CALLE 42 CARRERA 35,URBANA,TECNICO,3.53901,-76.30715,NO APLICA,NO APLICA,NO APLICA,OTRO,NO APLICA 2021,MASCULINO,NO APLICA,AUTOMOVIL,RENAULT,NO APLICA 2021,PARTICULAR,NO APLICA
454,DAÑOS,2021-03-09,2021,18:20,NOCHE,MARTES,ALTAMIRA,CALLE 47 CARRERA 22,URBANA,TECNICO,3.54271,-76.2921,NO APLICA,NO APLICA,NO APLICA,CHOQUE OBJETO FIJO,NO APLICA 2021,FEMENINA,NO APLICA,CAMIONETA,BMW,NO APLICA 2021,PARTICULAR,NO APLICA
455,DAÑOS,2021-03-09,2021,18:20,NOCHE,MARTES,ALTAMIRA,CALLE 47 CARRERA 22,URBANA,TECNICO,3.54271,-76.2921,NO APLICA,NO APLICA,NO APLICA,CHOQUE OBJETO FIJO,NO APLICA 2021,FEMENINA,NO APLICA,BICICLETA,TODO TERRENO,NO APLICA 2021,PARTICULAR,NO APLICA
456,DAÑOS,2021-03-09,2021,19:00,NOCHE,MARTES,RECREO,CALLE 22 CARRERA 24,URBANA,TECNICO,3.51973,-76.29585,NO APLICA,NO APLICA,NO APLICA,CHOQUE,NO APLICA 2021,MASCULINO,NO APLICA,MOTO,BAJAJ,NO APLICA 2021,PARTICULAR,NO APLICA
457,DAÑOS,2021-03-09,2021,19:00,NOCHE,MARTES,RECREO,CALLE 22 CARRERA 24,URBANA,TECNICO,3.51973,-76.29585,NO APLICA,NO APLICA,NO APLICA,CHOQUE,NO APLICA 2021,MASCULINO,NO APLICA,AUTOMOVIL,RENAULT,NO APLICA 2021,PARTICULAR,NO APLICA
458,MUERTO,2021-03-10,2021,11:40,MAÑANA,MIERCOLES,SAN CAYETANO,CALLE 39 CARRERA 25,URBANA,TECNICO,3.5352,-76.29493,MOTOCICLISTA,NO APLICA,1,CHOQUE,NO APLICA 2021,FEMENINA,NO APLICA,MOTO,KIMCO,NO APLICA 2021,PARTICULAR,NO APLICA
459,MUERTO,2021-03-10,2021,11:40,MAÑANA,MIERCOLES,SAN CAYETANO,CALLE 39 CARRERA 25,URBANA,TECNICO,3.5352,-76.29493,NO APLICA,NO APLICA,NO APLICA,CHOQUE,NO APLICA 2021,MASCULINO,NO APLICA,CAMION,CHEVROLET,NO APLICA 2021,PUBLICO,NO APLICA
460,MUERTO,2021-03-10,2021,11:40,MAÑANA,MIERCOLES,SAN CAYETANO,CALLE 39 CARRERA 25,URBANA,TECNICO,3.5352,-76.29493,NO APLICA,NO APLICA,NO APLICA,CHOQUE,NO APLICA 2021,MASCULINO,NO APLICA,CAMIONETA,CHEVROLET,NO APLICA 2021,PARTICULAR,NO APLICA
461,HERIDOS,2021-03-10,2021,12:30,TARDE,MIERCOLES,COLOMBINA,CALLE 29 CARRERA 17,URBANA,TECNICO,3.52481,-76.28975,NO APLICA,NO APLICA,NO APLICA,CHOQUE,NO APLICA 2021,MASCULINO,NO APLICA,AUTOMOVIL,MAZDA,NO APLICA 2021,PARTICULAR,NO APLICA
462,HERIDOS,2021-03-10,2021,12:30,TARDE,MIERCOLES,COLOMBINA,CALLE 29 CARRERA 17,URBANA,TECNICO,3.52481,-76.28975,MOTOCICLISTA,1,NO APLICA,CHOQUE,NO APLICA 2021,MASCULINO,PALMA,MOTO,JIALING,NO APLICA 2021,PARTICULAR,NO APLICA
463,DAÑOS,2021-03-10,2021,13:30,TARDE,MIERCOLES,COLOMBIA,CARRERA 32 CALLE 42-38,URBANA,TECNICO,3.53877,-76.30082,NO APLICA,NO APLICA,NO APLICA,CHOQUE,NO APLICA 2021,FEMENINA,NO APLICA,AUTOMOVIL,CHEVROLET,NO APLICA 2021,PARTICULAR,NO APLICA
464,DAÑOS,2021-03-10,2021,13:30,TARDE,MIERCOLES,COLOMBIA,CARRERA 32 CALLE 42-38,URBANA,TECNICO,3.53877,-76.30082,NO APLICA,NO APLICA,NO APLICA,CHOQUE,NO APLICA 2021,MASCULINO,NO APLICA,MOTO,HONDA,NO APLICA 2021,PARTICULAR,NO APLICA
465,DAÑOS,2021-03-10,2021,15:15,TARDE,MIERCOLES,SANTA BARBARA,CALLE 31 CARRERA 40 A,URBANA,TECNICO,3.5297,-76.31081,NO APLICA,NO APLICA,NO APLICA,CHOQUE,NO APLICA 2021,FEMENINA,NO APLICA,AUTOMOVIL,VOLKSWAGEN,NO APLICA 2021,PARTICULAR,NO APLICA
466,DAÑOS,2021-03-10,2021,15:15,TARDE,MIERCOLES,SANTA BARBARA,CALLE 31 CARRERA 40 A,URBANA,TECNICO,3.5297,-76.31081,NO APLICA,NO APLICA,NO APLICA,CHOQUE,NO APLICA 2021,MASCULINO,NO APLICA,CAMIONETA,NISSAN,NO APLICA 2021,PARTICULAR,NO APLICA
467,DAÑOS,2021-03-11,2021,08:40,MAÑANA,JUEVES,ALAMEDA,CARRERA 28 CALLE 70,URBANA,TECNICO,3.55729,-76.29125,NO APLICA,NO APLICA,NO APLICA,CHOQUE,NO APLICA 2021,FEMENINA,NO APLICA,CAMPERO,RENAULT,NO APLICA 2021,PARTICULAR,NO APLICA
468,DAÑOS,2021-03-11,2021,08:40,MAÑANA,JUEVES,ALAMEDA,CARRERA 28 CALLE 70,URBANA,TECNICO,3.55729,-76.29125,NO APLICA,NO APLICA,NO APLICA,CHOQUE,NO APLICA 2021,MASCULINO,NO APLICA,TRACTO CAMION,CHEVROLET,NO APLICA 2021,PARTICULAR,NO APLICA
469,HERIDOS,2021-03-11,2021,19:00,NOCHE,JUEVES,LAS PALMERAS,CARRERA 1 CALLE 35A-33,URBANA,TECNICO,3.53146,-76.27731,MOTOCICLISTA,1,NO APLICA,CHOQUE,NO APLICA 2021,MASCULINO,PALMIRA,MOTO,SUZUKI,NO APLICA 2021,PARTICULAR,NO APLICA
470,HERIDOS,2021-03-11,2021,19:00,NOCHE,JUEVES,LAS PALMERAS,CARRERA 1 CALLE 35A-33,URBANA,TECNICO,3.53146,-76.27731,CICLISTA,1,NO APLICA,CHOQUE,NO APLICA 2021,MASCULINO,PALMIRA,BICICLETA,SHIMANO,NO APLICA 2021,PARTICULAR,NO APLICA
471,HERIDOS,2021-03-11,2021,19:00,NOCHE,JUEVES,LAS PALMERAS,CARRERA 1 CALLE 35A-33,URBANA,TECNICO,3.53146,-76.27731,ACOMPAÑANTE MOTOCICLISTA,1,NO APLICA,CHOQUE,NO APLICA 2021,FEMENINA,PALMIRA,NO APLICA,NO APLICA,NO APLICA 2021,NO APLICA,NO APLICA
472,DAÑOS,2021-03-12,2021,07:50,MAÑANA,VIERNES,SANTA RITA,CALLE 33 CARRERA 27,URBANA,TECNICO,3.53018,-76.29745,NO APLICA,NO APLICA,NO APLICA,CHOQUE,NO APLICA 2021,FEMENINA,NO APLICA,AUTOMOVIL,DAEWOO,NO APLICA 2021,PARTICULAR,NO APLICA
473,DAÑOS,2021-03-12,2021,07:50,MAÑANA,VIERNES,SANTA RITA,CALLE 33 CARRERA 27,URBANA,TECNICO,3.53018,-76.29745,NO APLICA,NO APLICA,NO APLICA,CHOQUE,NO APLICA 2021,FEMENINA,NO APLICA,AUTOMOVIL,CHEVROLET,NO APLICA 2021,PARTICULAR,NO APLICA
474,HERIDOS,2021-03-12,2021,17:15,TARDE,VIERNES,RECREO,CALLE 23 CARRERA 27,URBANA,TECNICO,3.52086,-76.29905,MOTOCICLISTA,1,NO APLICA,CHOQUE,NO APLICA 2021,FEMENINA,PALMA,MOTO,HONDA,NO APLICA 2021,PARTICULAR,NO APLICA
475,HERIDOS,2021-03-12,2021,17:15,TARDE,VIERNES,RECREO,CALLE 23 CARRERA 27,URBANA,TECNICO,3.52086,-76.29905,NO APLICA,NO APLICA,NO APLICA,CHOQUE,NO APLICA 2021,MASCULINO,NO APLICA,CAMIONETA,MAZDA,NO APLICA 2021,PARTICULAR,NO APLICA
476,DAÑOS,2021-03-12,2021,21:00,NOCHE,VIERNES,BENEDICTA,CALLE 47 CARRERA 34C,URBANA,TECNICO,3.54257,-76.30475,NO APLICA,NO APLICA,NO APLICA,CHOQUE,NO APLICA 2021,MASCULINO,NO APLICA,AUTOMOVIL,CHEVROLET,NO APLICA 2021,PARTICULAR,NO APLICA
477,DAÑOS,2021-03-12,2021,21:00,NOCHE,VIERNES,BENEDICTA,CALLE 47 CARRERA 34C,URBANA,TECNICO,3.54257,-76.30475,NO APLICA,NO APLICA,NO APLICA,CHOQUE,NO APLICA 2021,MASCULINO,NO APLICA,TRACTO CAMION,CHEVROLET,NO APLICA 2021,PUBLICO,NO APLICA
478,DAÑOS,2021-03-13,2021,14:00,TARDE,SABADO,BIZERTA,CALLE 37 CARRERA 20,URBANA,TECNICO,3.53283,-76.29139,NO APLICA,NO APLICA,NO APLICA,CHOQUE,NO APLICA 2021,MASCULINO,NO APLICA,MOTO,HONDA,NO APLICA 2021,PARTICULAR,NO APLICA
479,DAÑOS,2021-03-13,2021,14:00,TARDE,SABADO,BIZERTA,CALLE 37 CARRERA 20,URBANA,TECNICO,3.53283,-76.29139,NO APLICA,NO APLICA,NO APLICA,CHOQUE,NO APLICA 2021,MASCULINO,NO APLICA,MOTO,HONDA,NO APLICA 2021,PARTICULAR,NO APLICA