,GRAVEDAD,FECHA,AÑO,HORA,JORNADA,DIA_SEMANA,BARRIO-CORREGIMIENTO-VIA,DIRECCION,ZONA,AUTORIDAD,LAT,LONG,CONDICION_VICTIMA,LESIONADO,HOMICIDIOS,TIPO_ACCIDENTE,HIPOTESIS,GENERO,CLINICA,CLASE_VEHICULO,MARCA,MATRICULA,TIPO DE SERVICIO,EMPRESA
480,HERIDOS,2021-03-13,2021,15:10,TARDE,SABADO,VERSALLES,CARRERA 27 CALLE 41,URBANA,TECNICO,3.53705,-76.29638,NO APLICA,NO APLICA,NO APLICA,CHOQUE,NO APLICA 2021,MASCULINO,NO APLICA,MOTO,BAJAJ,NO APLICA 2021,PARTICULAR,NO APLICA
481,HERIDOS,2021-03-13,2021,15:10,TARDE,SABADO,VERSALLES,CARRERA 27 CALLE 41,URBANA,TECNICO,3.53705,-76.29638,NO APLICA,NO APLICA,NO APLICA,CHOQUE,NO APLICA 2021,FEMENINA,NO APLICA,AUTOMOVIL,MAZDA,NO APLICA 2021,PARTICULAR,NO APLICA
482,HERIDOS,2021-03-13,2021,15:10,TARDE,SABADO,VERSALLES,CARRERA 27 CALLE 41,URBANA,TECNICO,3.53705,-76.29638,ACOMPAÑANTE MOTOCICLISTA,1,NO APLICA,CHOQUE,NO APLICA 2021,FEMENINA,PALMA,NO APLICA,NO APLICA,NO APLICA 2021,NO APLICA,NO APLICA
483,HERIDOS,2021-03-14,2021,15:20,TARDE,DOMINGO,TRINIDAD,CALLE 29 CARRERA 23,URBANA,TECNICO,3.52553,-76.29489,NO APLICA,NO APLICA,NO APLICA,CHOQUE,NO APLICA 2021,MASCULINO,NO APLICA,CAMIONETA,WILLYS,NO APLICA 2021,PARTICULAR,NO APLICA
484,HERIDOS,2021-03-14,2021,15:20,TARDE,DOMINGO,TRINIDAD,CALLE 29 CARRERA 23,URBANA,TECNICO,3.52553,-76.29489,MOTOCICLISTA,1,NO APLICA,CHOQUE,NO APLICA 2021,MASCULINO,PALMIRA,MOTO,HONDA,NO APLICA 2021,PARTICULAR,NO APLICA
485,MUERTO,2021-03-13,2021,13:00,TARDE,SABADO,VIA CALI PALMIRA SUR,KM 5 + 500 MTS,RURAL,POLICIA,3.50184,-76.43881,ACOMPAÑANTE MOTOCICLISTA,NO APLICA,1,CHOQUE,NO APLICA 2021,FEMENINA,NO APLICA,MOTO,HONDA,NO APLICA 2021,PARTICULAR,NO APLICA
486,MUERTO,2021-03-15,2021,02:00,MADRUGADA,LUNES,BOLO GUANBANAL,CALLEJON RABO DE MICO,RURAL,TECNICO,3.47911,-76.40248,MOTOCICLISTA,NO APLICA,1,VOLCAMIENTO,NO APLICA 2021,MASCULINO,NO APLICA,MOTO,BAJAJ,NO APLICA 2021,PARTICULAR,NO APLICA
487,DAÑOS,2021-03-15,2021,07:04,MAÑANA,LUNES,CENTRO,CALLE 29 CARRERA 30,URBANA,TECNICO,3.52637,-76.30093,NO APLICA,NO APLICA,NO APLICA,CHOQUE,NO APLICA 2021,MASCULINO,NO APLICA,AUTOMOVIL,HYUNDAI,NO APLICA 2021,PUBLICO,COOP VILLA DE LAS PALMAS
488,DAÑOS,2021-03-15,2021,07:04,MAÑANA,LUNES,CENTRO,CALLE 29 CARRERA 30,URBANA,TECNICO,3.52637,-76.30093,NO APLICA,NO APLICA,NO APLICA,CHOQUE,NO APLICA 2021,FEMENINA,NO APLICA,AUTOMOVIL,RENAULT,NO APLICA 2021,PARTICULAR,NO APLICA
489,DAÑOS,2021-03-15,2021,19:00,NOCHE,LUNES,SAN PEDRO,CARRERA 19 CALLE 42,URBANA,TECNICO,3.53704,-76.29067,NO APLICA,NO APLICA,NO APLICA,CHOQUE,NO APLICA 2021,MASCULINO,NO APLICA,CAMIONETA,NISSAN,NO APLICA 2021,PARTICULAR,NO APLICA
490,DAÑOS,2021-03-15,2021,19:00,NOCHE,LUNES,SAN PEDRO,CARRERA 19 CALLE 42,URBANA,TECNICO,3.53704,-76.29067,NO APLICA,NO APLICA,NO APLICA,CHOQUE,NO APLICA 2021,MASCULINO,NO APLICA,AUTOMOVIL,MAZDA,NO APLICA 2021,PARTICULAR,NO APLICA
491,HERIDOS,2021-03-15,2021,06:30,MAÑANA,LUNES,VIA PALMIRA BOLO,POSTE 0292,RURAL,TECNICO,3.49847,-76.31971,MOTOCICLISTA,1,NO APLICA,CHOQUE,NO APLICA 2021,MASCULINO,PALMIRA,MOTO,BAJAJ,NO APLICA 2021,PARTICULAR,NO APLICA
492,HERIDOS,2021-03-15,2021,06:30,MAÑANA,LUNES,VIA PALMIRA BOLO,POSTE 0292,RURAL,TECNICO,3.49847,-76.31971,ACOMPAÑANTE MOTOCICLISTA,1,NO APLICA,CHOQUE,NO APLICA 2021,FEMENINA,PALMIRA,NO APLICA,NO APLICA,NO APLICA 2021,NO APLICA,NO APLICA
493,HERIDOS,2021-03-15,2021,06:30,MAÑANA,LUNES,VIA PALMIRA BOLO,POSTE 0292,RURAL,TECNICO,3.49847,-76.31971,NO APLICA,NO APLICA,NO APLICA,CHOQUE,NO APLICA 2021,MASCULINO,NO APLICA,AUTOMOVIL,CHEVROLET,NO APLICA 2021,PARTICULAR,NO APLICA
494,HERIDOS,2021-03-15,2021,06:40,MAÑANA,LUNES,BIZERTA,CALLE 36 CARRERA 21,URBANA,TECNICO,3.532,-76.29233,MOTOCICLISTA,1,NO APLICA,CHOQUE,NO APLICA 2021,MASCULINO,PALMA,MOTO,HONDA,NO APLICA 2021,PARTICULAR,NO APLICA
495,HERIDOS,2021-03-15,2021,06:40,MAÑANA,LUNES,BIZERTA,CALLE 36 CARRERA 21,URBANA,TECNICO,3.532,-76.29233,NO APLICA,NO APLICA,NO APLICA,CHOQUE,NO APLICA 2021,MASCULINO,NO APLICA,AUTOMOVIL,CHEVROLET,NO APLICA 2021,PARTICULAR,NO APLICA
496,HERIDOS,2021-03-19,2021,09:50,MAÑANA,VIERNES,LAS PALMERAS,CARRERA 1 CALLE 36 B,URBANA,TECNICO,3.53423,-76.27732,MOTOCICLISTA,1,NO APLICA,CHOQUE,NO APLICA 2021,MASCULINO,RAUL,MOTO,HONDA,NO APLICA 2021,PARTICULAR,NO APLICA
497,HERIDOS,2021-03-19,2021,09:50,MAÑANA,VIERNES,LAS PALMERAS,CARRERA 1 CALLE 36 B,URBANA,TECNICO,3.53423,-76.27732,NO APLICA,NO APLICA,NO APLICA,CHOQUE,NO APLICA 2021,MASCULINO,NO APLICA,CAMIONETA,KIA,NO APLICA 2021,PARTICULAR,NO APLICA
498,HERIDOS,2021-03-16,2021,07:20,MAÑANA,MARTES,CENTRO,CALLE 31 CARRERA 27,URBANA,TECNICO,3.52784,-76.29785,MOTOCICLISTA,1,NO APLICA,CHOQUE,NO APLICA 2021,FEMENINA,PALMIRA,MOTO,KIMCO,NO APLICA 2021,PARTICULAR,NO APLICA
499,HERIDOS,2021-03-16,2021,07:20,MAÑANA,MARTES,CENTRO,CALLE 31 CARRERA 27,URBANA,TECNICO,3.52784,-76.29785,MOTOCICLISTA,1,NO APLICA,CHOQUE,NO APLICA 2021,FEMENINA,PALMIRA,MOTO,KIMCO,NO APLICA 2021,PARTICULAR,NO APLICA
500,DAÑOS,2021-03-16,2021,11:00,MAÑANA,MARTES,VERSALLES,CALLE 42 CARRERA 28,URBANA,TECNICO,3.538,-76.2974,NO APLICA,NO APLICA,NO APLICA,CHOQUE,NO APLICA 2021,MASCULINO,NO APLICA,CAMPERO,CHEVROLET,NO APLICA 2021,PARTICULAR,NO APLICA
501,DAÑOS,2021-03-16,2021,11:00,MAÑANA,MARTES,VERSALLES,CALLE 42 CARRERA 28,URBANA,TECNICO,3.538,-76.2974,NO APLICA,NO APLICA,NO APLICA,CHOQUE,NO APLICA 2021,MASCULINO,NO APLICA,AUTOMOVIL,HYUNDAI,NO APLICA 2021,PUBLICO,NO APLICA
502,DAÑOS,2021-03-16,2021,11:20,MAÑANA,MARTES,VERSALLES,CALLE 41 CARRERA 28,URBANA,TECNICO,3.53722,-76.29741,NO APLICA,NO APLICA,NO APLICA,CHOQUE,NO APLICA 2021,MASCULINO,NO APLICA,AUTOMOVIL,HYUNDAI,NO APLICA 2021,PUBLICO,NO APLICA
503,DAÑOS,2021-03-16,2021,11:20,MAÑANA,MARTES,VERSALLES,CALLE 41 CARRERA 28,URBANA,TECNICO,3.53722,-76.29741,NO APLICA,NO APLICA,NO APLICA,CHOQUE,NO APLICA 2021,MASCULINO,NO APLICA,CAMPERO,CHEVROLET,NO APLICA 2021,PARTICULAR,NO APLICA
504,DAÑOS,2021-03-16,2021,11:50,MAÑANA,MARTES,VERSALLES,CARRERA 28 CALLE 41,URBANA,TECNICO,3.53721,-76.2974,NO APLICA,NO APLICA,NO APLICA,CHOQUE,NO APLICA 2021,FEMENINA,NO APLICA,AUTOMOVIL,CHEVROLET,NO APLICA 2021,PARTICULAR,NO APLICA
505,DAÑOS,2021-03-16,2021,11:50,MAÑANA,MARTES,VERSALLES,CARRERA 28 CALLE 41,URBANA,TECNICO,3.53721,-76.2974,NO APLICA,NO APLICA,NO APLICA,CHOQUE,NO APLICA 2021,MASCULINO,NO APLICA,MOTO,HONDA,NO APLICA 2021,PARTICULAR,NO APLICA
506,HERIDOS,2021-03-16,2021,15:00,TARDE,MARTES,COLOMBINA,CALLE 28 CARRERA 17,URBANA,TECNICO,3.5242,-76.2898,NO APLICA,NO APLICA,NO APLICA,CHOQUE,NO APLICA 2021,MASCULINO,NO APLICA,MICROBUS,CHEVROLET,NO APLICA 2021,PUBLICO,NO APLICA
507,HERIDOS,2021-03-16,2021,15:00,TARDE,MARTES,COLOMBINA,CALLE 28 CARRERA 17,URBANA,TECNICO,3.5242,-76.2898,CICLISTA,1,NO APLICA,CHOQUE,NO APLICA 2021,MASCULINO,PALMIRA,BICICLETA,NO APLICA,NO APLICA 2021,PARTICULAR,NO APLICA
508,HERIDOS,2021-03-16,2021,19:00,NOCHE,MARTES,TRINIDAD,CALLE 28 CARRERA 24,URBANA,TECNICO,3.52482,-76.2958,NO APLICA,NO APLICA,NO APLICA,CHOQUE,NO APLICA 2021,MASCULINO,NO APLICA,AUTOMOVIL,CHEVROLET,NO APLICA 2021,PARTICULAR,NO APLICA
509,HERIDOS,2021-03-16,2021,19:00,NOCHE,MARTES,TRINIDAD,CALLE 28 CARRERA 24,URBANA,TECNICO,3.52482,-76.2958,NO APLICA,NO APLICA,NO APLICA,CHOQUE,NO APLICA 2021,MASCULINO,NO APLICA,MOTO,BAJAJ,NO APLICA 2021,PARTICULAR,NO APLICA
510,HERIDOS,2021-03-16,2021,19:00,NOCHE,MARTES,TRINIDAD,CALLE 28 CARRERA 24,URBANA,TECNICO,3.52482,-76.2958,MOTOCICLISTA,1,NO APLICA,CHOQUE,NO APLICA 2021,MASCULINO,PALMIRA,MOTO,YAMAHA,NO APLICA 2021,PARTICULAR,NO APLICA
511,HERIDOS,2021-03-17,2021,16:10,TARDE,MIERCOLES,SAN CAYETANO,CALLE 39 CARRERA 23,URBANA,TECNICO,3.53499,-76.29343,MOTOCICLISTA,1,NO APLICA,CHOQUE,NO APLICA 2021,FEMENINA,PALMA,MOTO,HONDA,NO APLICA 2021,PARTICULAR,NO APLICA
512,HERIDOS,2021-03-17,2021,16:10,TARDE,MIERCOLES,SAN CAYETANO,CALLE 39 CARRERA 23,URBANA,TECNICO,3.53499,-76.29343,MOTOCICLISTA,1,NO APLICA,CHOQUE,NO APLICA 2021,MASCULINO,PALMA,MOTO,KIMCO,NO APLICA 2021,PARTICULAR,NO APLICA
513,HERIDOS,2021-03-17,2021,16:10,TARDE,MIERCOLES,SAN CAYETANO,CALLE 39 CARRERA 23,URBANA,TECNICO,3.53499,-76.29343,ACOMPAÑANTE MOTOCICLISTA,1,NO APLICA,CHOQUE,NO APLICA 2021,FEMENINA,PALMA,NO APLICA,NO APLICA,NO APLICA 2021,NO APLICA,NO APLICA
514,DAÑOS,2021-03-17,2021,12:15,TARDE,MIERCOLES,SANTA BARBARA,CALLE 31 CARRERA 45-46,URBANA,TECNICO,3.52959,-76.31624,NO APLICA,NO APLICA,NO APLICA,CHOQUE,NO APLICA 2021,MASCULINO,NO APLICA,MOTO,HONDA,NO APLICA 2021,PARTICULAR,NO APLICA
515,DAÑOS,2021-03-17,2021,12:15,TARDE,MIERCOLES,SANTA BARBARA,CALLE 31 CARRERA 45-46,URBANA,TECNICO,3.52959,-76.31624,NO APLICA,NO APLICA,NO APLICA,CHOQUE,NO APLICA 2021,FEMENINA,NO APLICA,AUTOMOVIL,NISSAN,NO APLICA 2021,PARTICULAR,NO APLICA
516,DAÑOS,2021-03-18,2021,06:45,MAÑANA,JUEVES,SESQUI,CALLE 10 CARRERA 32,URBANA,TECNICO,3.50937,-76.30797,NO APLICA,NO APLICA,NO APLICA,CHOQUE,NO APLICA 2021,FEMENINA,NO APLICA,AUTOMOVIL,CHEVROLET,NO APLICA 2021,PARTICULAR,NO APLICA
517,DAÑOS,2021-03-18,2021,06:45,MAÑANA,JUEVES,SESQUI,CALLE 10 CARRERA 32,URBANA,TECNICO,3.50937,-76.30797,NO APLICA,NO APLICA,NO APLICA,CHOQUE,NO APLICA 2021,FEMENINA,NO APLICA,AUTOMOVIL,CHEVROLET,NO APLICA 2021,PARTICULAR,NO APLICA
518,DAÑOS,2021-03-18,2021,08:05,MAÑANA,JUEVES,INDUSTRIAL,CALLE 45 CARRERA 35,URBANA,TECNICO,3.54125,-76.30713,NO APLICA,NO APLICA,NO APLICA,CHOQUE,NO APLICA 2021,MASCULINO,NO APLICA,CAMIONETA,NISSAN,NO APLICA 2021,PARTICULAR,NO APLICA
519,DAÑOS,2021-03-18,2021,08:05,MAÑANA,JUEVES,INDUSTRIAL,CALLE 45 CARRERA 35,URBANA,TECNICO,3.54125,-76.30713,NO APLICA,NO APLICA,NO APLICA,CHOQUE,NO APLICA 2021,MASCULINO,NO APLICA,AUTOMOVIL,RENAULT,NO APLICA 2021,PARTICULAR,NO APLICA
520,DAÑOS,2021-03-18,2021,12:25,TARDE,JUEVES,MERCEDES,CARRERA 25 CALLE 57-31,URBANA,TECNICO,3.54803,-76.28939,NO APLICA,NO APLICA,NO APLICA,CHOQUE,NO APLICA 2021,FEMENINA,NO APLICA,AUTOMOVIL,KIA,NO APLICA 2021,PARTICULAR,NO APLICA
521,DAÑOS,2021-03-18,2021,12:25,TARDE,JUEVES,MERCEDES,CARRERA 25 CALLE 57-31,URBANA,TECNICO,3.54803,-76.28939,NO APLICA,NO APLICA,NO APLICA,CHOQUE,NO APLICA 2021,FEMENINA,NO APLICA,AUTOMOVIL,RENAULT,NO APLICA 2021,PARTICULAR,NO APLICA
522,DAÑOS,2021-03-18,2021,16:30,TARDE,JUEVES,FRAY LUIS AMIGO,CALLE 41 CARRERA 47-64,URBANA,TECNICO,3.53774,-76.31658,NO APLICA,NO APLICA,NO APLICA,CHOQUE,NO APLICA 2021,MASCULINO,NO APLICA,BUS,HINO,NO APLICA 2021,PUBLICO,NO APLICA
523,DAÑOS,2021-03-18,2021,16:30,TARDE,JUEVES,FRAY LUIS AMIGO,CALLE 41 CARRERA 47-64,URBANA,TECNICO,3.53774,-76.31658,NO APLICA,NO APLICA,NO APLICA,CHOQUE,NO APLICA 2021,MASCULINO,NO APLICA,AUTOMOVIL,CHEVROLET,NO APLICA 2021,PARTICULAR,NO APLICA
524,HERIDOS,2021-03-18,2021,20:20,NOCHE,JUEVES,URIBE,CALLE 35 CARRERA 22,URBANA,TECNICO,3.53132,-76.29327,NO APLICA,NO APLICA,NO APLICA,CHOQUE,NO APLICA 2021,FEMENINA,NO APLICA,AUTOMOVIL,MAZDA,NO APLICA 2021,PARTICULAR,NO APLICA
525,HERIDOS,2021-03-18,2021,20:20,NOCHE,JUEVES,URIBE,CALLE 35 CARRERA 22,URBANA,TECNICO,3.53132,-76.29327,MOTOCICLISTA,1,NO APLICA,CHOQUE,NO APLICA 2021,MASCULINO,PALMIRA,MOTO,HONDA,NO APLICA 2021,PARTICULAR,NO APLICA
526,HERIDOS,2021-03-18,2021,09:20,MAÑANA,JUEVES,VIA PALMIRA ROZO,PUNTE TRES ESQUINAS,RURAL,TECNICO,3.61571,-76.3976,NO APLICA,NO APLICA,NO APLICA,CHOQUE,NO APLICA 2021,MASCULINO,NO APLICA,AUTOMOVIL,CHEVROLET,NO APLICA 2021,PARTICULAR,NO APLICA
527,HERIDOS,2021-03-18,2021,09:20,MAÑANA,JUEVES,VIA PALMIRA ROZO,PUNTE TRES ESQUINAS,RURAL,TECNICO,3.61571,-76.3976,MOTOCICLISTA,1,NO APLICA,CHOQUE,NO APLICA 2021,MASCULINO,RAUL,MOTO,KAWASAKI,NO APLICA 2021,PARTICULAR,NO APLICA
528,DAÑOS,2021-03-19,2021,11:11,MAÑANA,VIERNES,ALTAMIRA,CARRERA 19 CALLE 49,URBANA,TECNICO,3.5442,-76.29099,NO APLICA,NO APLICA,NO APLICA,CHOQUE,NO APLICA 2021,MASCULINO,NO APLICA,MOTO,SUZUKI,NO APLICA 2021,PARTICULAR,NO APLICA
529,DAÑOS,2021-03-19,2021,11:11,MAÑANA,VIERNES,ALTAMIRA,CARRERA 19 CALLE 49,URBANA,TECNICO,3.5442,-76.29099,NO APLICA,NO APLICA,NO APLICA,CHOQUE,NO APLICA 2021,MASCULINO,NO APLICA,AUTOMOVIL,CHEVROLET,NO APLICA 2021,PARTICULAR,NO APLICA
530,DAÑOS,2021-03-19,2021,12:50,TARDE,VIERNES,ALTAMIRA,CARRERA 19 CALLE 48,URBANA,TECNICO,3.54333,-76.29102,NO APLICA,NO APLICA,NO APLICA,CHOQUE,NO APLICA 2021,MASCULINO,NO APLICA,AUTOMOVIL,CHEVROLET,NO APLICA 2021,PARTICULAR,NO APLICA
531,DAÑOS,2021-03-19,2021,12:50,TARDE,VIERNES,ALTAMIRA,CARRERA 19 CALLE 48,URBANA,TECNICO,3.54333,-76.29102,NO APLICA,NO APLICA,NO APLICA,CHOQUE,NO APLICA 2021,MASCULINO,NO APLICA,AUTOMOVIL,RENAULT,NO APLICA 2021,PARTICULAR,NO APLICA
532,DAÑOS,2021-03-19,2021,16:00,TARDE,VIERNES,ALTAMIRA,CARRERA 19 CALLE 48-25,URBANA,TECNICO,3.54351,-76.29104,NO APLICA,NO APLICA,NO APLICA,CHOQUE,NO APLICA 2021,FEMENINA,NO APLICA,CAMIONETA,RENAULT,NO APLICA 2021,PARTICULAR,NO APLICA
533,DAÑOS,2021-03-19,2021,16:00,TARDE,VIERNES,ALTAMIRA,CARRERA 19 CALLE 48-25,URBANA,TECNICO,3.54351,-76.29104,NO APLICA,NO APLICA,NO APLICA,CHOQUE,NO APLICA 2021,FEMENINA,NO APLICA,MOTO,KIMCO,NO APLICA 2021,PARTICULAR,NO APLICA
534,HERIDOS,2021-03-19,2021,14:45,TARDE,VIERNES,SANTA ANA,CALLE 33 CARRERA 44,URBANA,TECNICO,3.53135,-76.31493,NO APLICA,NO APLICA,NO APLICA,CHOQUE,NO APLICA 2021,MASCULINO,NO APLICA,AUTOMOVIL,CHEVROLET,NO APLICA 2021,PARTICULAR,NO APLICA
535,HERIDOS,2021-03-19,2021,14:45,TARDE,VIERNES,SANTA ANA,CALLE 33 CARRERA 44,URBANA,TECNICO,3.53135,-76.31493,MOTOCICLISTA,1,NO APLICA,CHOQUE,NO APLICA 2021,FEMENINA,PALMA,MOTO,YAMAHA,NO APLICA 2021,PARTICULAR,NO APLICA
536,DAÑOS,2021-03-20,2021,10:45,TARDE,SABADO,DELICIAS,CARRERA 27 CALLE 27,URBANA,TECNICO,3.52434,-76.29854,NO APLICA,NO APLICA,NO APLICA,CHOQUE,NO APLICA 2021,MASCULINO,NO APLICA,BUS,AGRALE,NO APLICA 2021,PARTICULAR,NO APLICA
537,DAÑOS,2021-03-20,2021,10:45,TARDE,SABADO,DELICIAS,CARRERA 27 CALLE 27,URBANA,TECNICO,3.52434,-76.29854,NO APLICA,NO APLICA,NO APLICA,CHOQUE,NO APLICA 2021,MASCULINO,NO APLICA,AUTOMOVIL,MAZDA,NO APLICA 2021,PARTICULAR,NO APLICA
538,DAÑOS,2021-03-20,2021,13:40,TARDE,SABADO,CENTRO POBLADO ROZO,CALLE 10 N 15-110,RURAL,TECNICO,3.61517,-76.39078,NO APLICA,NO APLICA,NO APLICA,CHOQUE,NO APLICA 2021,MASCULINO,NO APLICA,MOTO,HERO,NO APLICA 2021,PARTICULAR,NO APLICA
539,HERIDOS,2021-03-20,2021,08:15,MAÑANA,SABADO,CENTRO,CARRERA 27 CALLE 28-29,URBANA,TECNICO,3.5255,-76.29835,NO APLICA,NO APLICA,NO APLICA,CHOQUE,NO APLICA 2021,MASCULINO,NO APLICA,AUTOMOVIL,KIA,NO APLICA 2021,PARTICULAR,NO APLICA
540,HERIDOS,2021-03-20,2021,08:15,MAÑANA,SABADO,CENTRO,CARRERA 27 CALLE 28-29,URBANA,TECNICO,3.5255,-76.29835,MOTOCICLISTA,1,NO APLICA,CHOQUE,NO APLICA 2021,MASCULINO,PALMIRA,MOTO,HERO,NO APLICA 2021,PARTICULAR,NO APLICA
541,DAÑOS,2021-03-20,2021,19:00,NOCHE,SABADO,ZAMORANO,CALLE 64 CARRERA 28,URBANA,TECNICO,3.55233,-76.29354,NO APLICA,NO APLICA,NO APLICA,CHOQUE,NO APLICA 2021,MASCULINO,NO APLICA,AUTOMOVIL,CHEVROLET,NO APLICA 2021,PARTICULAR,NO APLICA
542,DAÑOS,2021-03-21,2021,11:30,MAÑANA,DOMINGO,SANTA BARBARA,CALLE 31 VIA A CALI,URBANA,TECNICO,3.5284,-76.32119,NO APLICA,NO APLICA,NO APLICA,CHOQUE,NO APLICA 2021,MASCULINO,NO APLICA,AUTOMOVIL,BYD,NO APLICA 2021,PARTICULAR,NO APLICA
543,DAÑOS,2021-03-21,2021,11:30,MAÑANA,DOMINGO,SANTA BARBARA,CALLE 31 VIA A CALI,URBANA,TECNICO,3.5284,-76.32119,NO APLICA,NO APLICA,NO APLICA,CHOQUE,NO APLICA 2021,MASCULINO,NO APLICA,CAMIONETA,RENAULT,NO APLICA 2021,PARTICULAR,NO APLICA
544,HERIDOS,2021-03-21,2021,22:50,NOCHE,DOMINGO,CAMPESTRE,CALLE 42 CARRERA 1,URBANA,TECNICO,3.53619,-76.27746,MOTOCICLISTA,1,NO APLICA,VOLCAMIENTO,NO APLICA 2021,MASCULINO,PALMA,MOTO,BAJAJ,NO APLICA 2021,PARTICULAR,NO APLICA
545,HERIDOS,2021-03-22,2021,09:40,MAÑANA,LUNES,ESTONIA,CARRERA 32 CALLE 44,URBANA,TECNICO,3.53978,-76.3007,MOTOCICLISTA,1,NO APLICA,CHOQUE,NO APLICA 2021,MASCULINO,FRACTURAS,MOTO,HERO,NO APLICA 2021,PARTICULAR,NO APLICA
546,HERIDOS,2021-03-22,2021,09:40,MAÑANA,LUNES,ESTONIA,CARRERA 32 CALLE 44,URBANA,TECNICO,3.53978,-76.3007,NO APLICA,NO APLICA,NO APLICA,CHOQUE,NO APLICA 2021,MASCULINO,NO APLICA,CAMIONETA,KIA,NO APLICA 2021,PARTICULAR,NO APLICA
547,DAÑOS,2021-03-23,2021,13:50,TARDE,MARTES,CENTRO,CALLE 32 CARRERA 26,URBANA,TECNICO,3.52846,-76.29698,NO APLICA,NO APLICA,NO APLICA,CHOQUE,NO APLICA 2021,MASCULINO,NO APLICA,AUTOMOVIL,CHEVROLET,NO APLICA 2021,PARTICULAR,NO APLICA
548,DAÑOS,2021-03-23,2021,13:50,TARDE,MARTES,CENTRO,CALLE 32 CARRERA 26,URBANA,TECNICO,3.52846,-76.29698,NO APLICA,NO APLICA,NO APLICA,CHOQUE,NO APLICA 2021,MASCULINO,NO APLICA,CAMIONETA,JEEP,NO APLICA 2021,PARTICULAR,NO APLICA
549,HERIDOS,2021-03-23,2021,15:30,TARDE,MARTES,VERSALLES,CARRERA 27 CALLE 41,URBANA,TECNICO,3.53705,-76.29638,NO APLICA,NO APLICA,NO APLICA,CHOQUE,NO APLICA 2021,MASCULINO,NO APLICA,AUTOMOVIL,CHEVROLET,NO APLICA 2021,PUBLICO,COOVIPAL
550,HERIDOS,2021-03-23,2021,15:30,TARDE,MARTES,VERSALLES,CARRERA 27 CALLE 41,URBANA,TECNICO,3.53705,-76.29638,NO APLICA,NO APLICA,NO APLICA,CHOQUE,NO APLICA 2021,MASCULINO,NO APLICA,CAMPERO,KIA,NO APLICA 2021,PARTICULAR,NO APLICA
551,HERIDOS,2021-03-23,2021,15:30,TARDE,MARTES,VERSALLES,CARRERA 27 CALLE 41,URBANA,TECNICO,3.53705,-76.29638,PASAJERO,1,NO APLICA,CHOQUE,NO APLICA 2021,FEMENINA,PALMA,NO APLICA,NO APLICA,NO APLICA 2021,NO APLICA,NO APLICA
552,HERIDOS,2021-03-24,2021,11:25,MAÑANA,MIERCOLES,TREBOL,CARRERA 21 CALLE 26,URBANA,TECNICO,3.52257,-76.29343,NO APLICA,NO APLICA,NO APLICA,CHOQUE,NO APLICA 2021,MASCULINO,NO APLICA,AUTOMOVIL,CHEVROLET,NO APLICA 2021,PARTICULAR,NO APLICA
553,HERIDOS,2021-03-24,2021,11:25,MAÑANA,MIERCOLES,TREBOL,CARRERA 21 CALLE 26,URBANA,TECNICO,3.52257,-76.29343,MOTOCICLISTA,1,NO APLICA,CHOQUE,NO APLICA 2021,FEMENINA,FRACTURAS,MOTO,YAMAHA,NO APLICA 2021,PARTICULAR,NO APLICA
554,DAÑOS,2021-03-25,2021,15:50,TARDE,JUEVES,ALAMEDA,CALLE 71 CARRERA 25A-07,URBANA,TECNICO,3.55694,-76.28747,NO APLICA,NO APLICA,NO APLICA,CHOQUE OBJETO FIJO,NO APLICA 2021,MASCULINO,NO APLICA,BUS,HINO,NO APLICA 2021,PUBLICO,TRANSPORTES SOTRANCE
555,DAÑOS,2021-03-25,2021,15:50,TARDE,JUEVES,ALAMEDA,CALLE 71 CARRERA 25A-07,URBANA,TECNICO,3.55694,-76.28747,NO APLICA,NO APLICA,NO APLICA,CHOQUE OBJETO FIJO,NO APLICA 2021,MASCULINO,NO APLICA,CAMIONETA,HONDA,NO APLICA 2021,PARTICULAR,NO APLICA
556,DAÑOS,2021-03-25,2021,18:20,NOCHE,JUEVES,SANTA BARBARA,CALLE 31 CARRERA 44-239,URBANA,TECNICO,3.53002,-76.31402,NO APLICA,NO APLICA,NO APLICA,CHOQUE,NO APLICA 2021,MASCULINO,NO APLICA,AUTOMOVIL,KIA,NO APLICA 2021,PARTICULAR,NO APLICA
557,DAÑOS,2021-03-25,2021,18:20,NOCHE,JUEVES,SANTA BARBARA,CALLE 31 CARRERA 44-239,URBANA,TECNICO,3.53002,-76.31402,NO APLICA,NO APLICA,NO APLICA,CHOQUE,NO APLICA 2021,MASCULINO,NO APLICA,AUTOMOVIL,CHEVROLET,NO APLICA 2021,PUBLICO,COOTRANSPAL
558,DAÑOS,2021-03-25,2021,19:40,NOCHE,JUEVES,SAN PEDRO,CARRERA 19 CALLE 39-76,URBANA,TECNICO,3.53497,-76.29057,NO APLICA,NO APLICA,NO APLICA,CHOQUE,NO APLICA 2021,MASCULINO,NO APLICA,AUTOMOVIL,CHEVROLET,NO APLICA 2021,PARTICULAR,NO APLICA
559,DAÑOS,2021-03-25,2021,19:40,NOCHE,JUEVES,SAN PEDRO,CARRERA 19 CALLE 39-76,URBANA,TECNICO,3.53497,-76.29057,NO APLICA,NO APLICA,NO APLICA,CHOQUE,NO APLICA 2021,MASCULINO,NO APLICA,MOTO,HONDA,NO APLICA 2021,PARTICULAR,NO APLICA