,GRAVEDAD,FECHA,AÑO,HORA,JORNADA,DIA_SEMANA,BARRIO-CORREGIMIENTO-VIA,DIRECCION,ZONA,AUTORIDAD,LAT,LONG,CONDICION_VICTIMA,LESIONADO,HOMICIDIOS,TIPO_ACCIDENTE,HIPOTESIS,GENERO,CLINICA,CLASE_VEHICULO,MARCA,MATRICULA,TIPO DE SERVICIO,EMPRESA
560,DAÑOS,2021-03-26,2021,14:40,TARDE,VIERNES,SAN PEDRO,CARRERA 19 CALE 41-47,URBANA,TECNICO,3.53665,-76.29065,NO APLICA,NO APLICA,NO APLICA,CHOQUE,NO APLICA 2021,MASCULINO,NO APLICA,CAMIONETA,CHEVROLET,NO APLICA 2021,PARTICULAR,NO APLICA
561,DAÑOS,2021-03-26,2021,14:40,TARDE,VIERNES,SAN PEDRO,CARRERA 19 CALE 41-47,URBANA,TECNICO,3.53665,-76.29065,NO APLICA,NO APLICA,NO APLICA,CHOQUE,NO APLICA 2021,FEMENINA,NO APLICA,CAMIONETA,RENAULT,NO APLICA 2021,PARTICULAR,NO APLICA
562,HERIDOS,2021-03-26,2021,20:10,NOCHE,VIERNES,CENTRO,CALLE 29 CARRERA 27,URBANA,TECNICO,3.52595,-76.29826,MOTOCICLISTA,1,NO APLICA,CHOQUE,NO APLICA 2021,MASCULINO,PALMIRA,MOTO,VICTORY,NO APLICA 2021,PARTICULAR,NO APLICA
563,HERIDOS,2021-03-26,2021,23:40,NOCHE,VIERNES,BENEDICTA,CALLE 47 CARRERA 32-34,URBANA,TECNICO,3.52595,-76.29826,MOTOCICLISTA,1,NO APLICA,VOLCAMIENTO,NO APLICA 2021,MASCULINO,PALMA,MOTO,HONDA,NO APLICA 2021,PARTICULAR,NO APLICA
564,HERIDOS,2021-03-29,2021,07:50,MAÑANA,LUNES,CENTRO,CARRERA 28 CALLE 32,URBANA,TECNICO,3.52876,-76.29856,MOTOCICLISTA,1,NO APLICA,CHOQUE,NO APLICA 2021,MASCULINO,FRACTURAS,MOTO,TVS,NO APLICA 2021,PARTICULAR,NO APLICA
565,HERIDOS,2021-03-29,2021,07:50,MAÑANA,LUNES,CENTRO,CARRERA 28 CALLE 32,URBANA,TECNICO,3.52876,-76.29856,MOTOCICLISTA,NO APLICA,NO APLICA,CHOQUE,NO APLICA 2021,MASCULINO,NO APLICA,AUTOMOVIL,KIA,NO APLICA 2021,PUBLICO,FLOTA PALMIRA
566,HERIDOS,2021-03-29,2021,07:50,MAÑANA,LUNES,CENTRO,CARRERA 28 CALLE 32,URBANA,TECNICO,3.52876,-76.29856,ACOMPAÑANTE MOTOCICLISTA,1,NO APLICA,CHOQUE,NO APLICA 2021,MASCULINO,FRACTURAS,NO APLICA,NO APLICA,NO APLICA 2021,NO APLICA,NO APLICA
567,HERIDOS,2021-03-27,2021,10:10,MAÑANA,SABADO,PAPAYAL,CALLE 28 CARRERA 15,URBANA,TECNICO,3.52404,-76.28809,MOTOCICLISTA,1,NO APLICA,CHOQUE,NO APLICA 2021,MASCULINO,SANTA BARBARA,MOTO,YAMAHA,NO APLICA 2021,PARTICULAR,NO APLICA
568,HERIDOS,2021-03-27,2021,10:10,MAÑANA,SABADO,PAPAYAL,CALLE 28 CARRERA 15,URBANA,TECNICO,3.52404,-76.28809,MOTOCICLISTA,1,NO APLICA,CHOQUE,NO APLICA 2021,MASCULINO,PALMIRA,MOTO,HERO,NO APLICA 2021,PARTICULAR,NO APLICA
569,HERIDOS,2021-03-27,2021,10:10,MAÑANA,SABADO,PAPAYAL,CALLE 28 CARRERA 15,URBANA,TECNICO,3.52404,-76.28809,ACOMPAÑANTE MOTOCICLISTA,1,NO APLICA,CHOQUE,NO APLICA 2021,FEMENINA,SANTA BARBARA,NO APLICA,NO APLICA,NO APLICA 2021,NO APLICA,NO APLICA
570,HERIDOS,2021-03-27,2021,10:10,MAÑANA,SABADO,PAPAYAL,CALLE 28 CARRERA 15,URBANA,TECNICO,3.52404,-76.28809,ACOMPAÑANTE MOTOCICLISTA,1,NO APLICA,CHOQUE,NO APLICA 2021,MASCULINO,SANTA BARBARA,NO APLICA,NO APLICA,NO APLICA 2021,NO APLICA,NO APLICA
571,DAÑOS,2021-03-27,2021,14:00,TARDE,SABADO,RECREO,CALLE 20 CARRERA 30A-46,URBANA,TECNICO,3.51887,-76.3028,NO APLICA,NO APLICA,NO APLICA,CHOQUE,NO APLICA 2021,MASCULINO,NO APLICA,AUTOMOVIL,KIA,NO APLICA 2021,PARTICULAR,NO APLICA
572,DAÑOS,2021-03-27,2021,14:00,TARDE,SABADO,RECREO,CALLE 20 CARRERA 30A-46,URBANA,TECNICO,3.51887,-76.3028,NO APLICA,NO APLICA,NO APLICA,CHOQUE,NO APLICA 2021,MASCULINO,NO APLICA,BUS,AGRALE,NO APLICA 2021,PUBLICO,NO APLICA
573,DAÑOS,2021-03-27,2021,15:05,TARDE,SABADO,LOPEZ,CALLE 42 CARRERA 32A,URBANA,TECNICO,3.53841,-76.30135,NO APLICA,NO APLICA,NO APLICA,CHOQUE,NO APLICA 2021,MASCULINO,NO APLICA,AUTOMOVIL,KIA,NO APLICA 2021,PARTICULAR,NO APLICA
574,DAÑOS,2021-03-27,2021,15:05,TARDE,SABADO,LOPEZ,CALLE 42 CARRERA 32A,URBANA,TECNICO,3.53841,-76.30135,NO APLICA,NO APLICA,NO APLICA,CHOQUE,NO APLICA 2021,MASCULINO,NO APLICA,CAMIONETA,JAC,NO APLICA 2021,PARTICULAR,NO APLICA
575,HERIDOS,2021-03-25,2021,11:30,MAÑANA,JUEVES,URIBE,CALLE 31 CARRERA 20,URBANA,TECNICO,3.52709,-76.29211,NO APLICA,NO APLICA,NO APLICA,CHOQUE,NO APLICA 2021,MASCULINO,NO APLICA,CAMPERO,TOYOTA,NO APLICA 2021,PARTICULAR,NO APLICA
576,HERIDOS,2021-03-25,2021,11:30,MAÑANA,JUEVES,URIBE,CALLE 31 CARRERA 20,URBANA,TECNICO,3.52709,-76.29211,MOTOCICLISTA,1,NO APLICA,CHOQUE,NO APLICA 2021,MASCULINO,PALMIRA,MOTO,YAMAHA,NO APLICA 2021,PARTICULAR,NO APLICA
577,HERIDOS,2021-03-26,2021,12:50,TARDE,VIERNES,URIBE,CALLE 35 CARRERA 22,URBANA,TECNICO,3.53132,-76.29327,NO APLICA,NO APLICA,NO APLICA,CHOQUE,NO APLICA 2021,MASCULINO,NO APLICA,CAMIONETA,TOYOTA,NO APLICA 2021,PARTICULAR,NO APLICA
578,HERIDOS,2021-03-26,2021,12:50,TARDE,VIERNES,URIBE,CALLE 35 CARRERA 22,URBANA,TECNICO,3.53132,-76.29327,MOTOCICLISTA,1,NO APLICA,CHOQUE,NO APLICA 2021,FEMENINA,FRACTURAS,MOTO,VICTORY,NO APLICA 2021,PARTICULAR,NO APLICA
579,DAÑOS,2021-03-28,2021,00:10,MADRUGADA,DOMINGO,PATIO BONITO,CARRERA 19 CALLE 32,URBANA,TECNICO,3.52782,-76.29034,NO APLICA,NO APLICA,NO APLICA,CHOQUE,NO APLICA 2021,MASCULINO,NO APLICA,MOTO,HERO,NO APLICA 2021,PARTICULAR,NO APLICA
580,DAÑOS,2021-03-28,2021,00:10,MADRUGADA,DOMINGO,PATIO BONITO,CARRERA 19 CALLE 32,URBANA,TECNICO,3.52782,-76.29034,NO APLICA,NO APLICA,NO APLICA,CHOQUE,NO APLICA 2021,MASCULINO,NO APLICA,AUTOMOVIL,DAEWOO,NO APLICA 2021,PARTICULAR,NO APLICA
581,HERIDOS,2021-03-28,2021,12:10,TARDE,DOMINGO,VIA PALMIRA BUITRERA,KM 2 + 600 MTS,RURAL,TECNICO,3.50384,-76.22578,NO APLICA,NO APLICA,NO APLICA,CHOQUE,NO APLICA 2021,MASCULINO,NO APLICA,AUTOMOVIL,HYUNDAI,NO APLICA 2021,PARTICULAR,NO APLICA
582,HERIDOS,2021-03-28,2021,12:10,TARDE,DOMINGO,VIA PALMIRA BUITRERA,KM 2 + 600 MTS,RURAL,TECNICO,3.50384,-76.22578,MOTOCICLISTA,1,NO APLICA,CHOQUE,NO APLICA 2021,MASCULINO,PALMA,MOTO,HONDA,NO APLICA 2021,PARTICULAR,NO APLICA
583,DAÑOS,2021-03-28,2021,08:50,MAÑANA,DOMINGO,TRINIDAD,CALLE 29 CARRERA 23-73,URBANA,TECNICO,3.52555,-76.29523,NO APLICA,NO APLICA,NO APLICA,CHOQUE,NO APLICA 2021,FEMENINA,NO APLICA,AUTOMOVIL,PEUGEOT,NO APLICA 2021,PARTICULAR,NO APLICA
584,HERIDOS,2021-03-27,2021,19:30,NOCHE,SABADO,COLOMBINA,CALLE 29 CARRERA 22,URBANA,TECNICO,3.52542,-76.29399,MOTOCICLISTA,1,NO APLICA,CHOQUE,NO APLICA 2021,MASCULINO,PALMIRA,MOTO,YAMAHA,NO APLICA 2021,PARTICULAR,NO APLICA
585,HERIDOS,2021-03-27,2021,19:30,NOCHE,SABADO,COLOMBINA,CALLE 29 CARRERA 22,URBANA,TECNICO,3.52542,-76.29399,NO APLICA,NO APLICA,NO APLICA,CHOQUE,NO APLICA 2021,MASCULINO,NO APLICA,MOTO,HONDA,NO APLICA 2021,PARTICULAR,NO APLICA
586,HERIDOS,2021-03-27,2021,19:30,NOCHE,SABADO,COLOMBINA,CALLE 29 CARRERA 22,URBANA,TECNICO,3.52542,-76.29399,ACOMPAÑANTE MOTOCICLISTA,1,NO APLICA,CHOQUE,NO APLICA 2021,FEMENINA,PALMIRA,NO APLICA,NO APLICA,NO APLICA 2021,NO APLICA,NO APLICA
587,HERIDOS,2021-03-29,2021,08:50,MAÑANA,LUNES,NUEVO,CARRERA 32 CALLE 26,URBANA,TECNICO,3.52407,-76.30301,MOTOCICLISTA,1,NO APLICA,CHOQUE,NO APLICA 2021,MASCULINO,SANTA BARBARA,MOTO,BAJAJ,NO APLICA 2021,PARTICULAR,NO APLICA
588,HERIDOS,2021-03-29,2021,08:50,MAÑANA,LUNES,NUEVO,CARRERA 32 CALLE 26,URBANA,TECNICO,3.52407,-76.30301,NO APLICA,NO APLICA,NO APLICA,CHOQUE,NO APLICA 2021,MASCULINO,NO APLICA,CAMIONETA,NISSAN,NO APLICA 2021,PARTICULAR,NO APLICA
589,DAÑOS,2021-03-29,2021,16:23,TARDE,LUNES,CENTRO,CARRERA 27 CALLE 30-77,URBANA,TECNICO,3.52695,-76.29803,NO APLICA,NO APLICA,NO APLICA,CHOQUE,NO APLICA 2021,MASCULINO,NO APLICA,CAMIONETA,KIA,NO APLICA 2021,PARTICULAR,NO APLICA
590,DAÑOS,2021-03-29,2021,16:23,TARDE,LUNES,CENTRO,CARRERA 27 CALLE 30-77,URBANA,TECNICO,3.52695,-76.29803,NO APLICA,NO APLICA,NO APLICA,CHOQUE,NO APLICA 2021,MASCULINO,NO APLICA,MOTO,VICTORY,NO APLICA 2021,PARTICULAR,NO APLICA
591,DAÑOS,2021-03-29,2021,16:23,TARDE,LUNES,CENTRO,CARRERA 27 CALLE 30-77,URBANA,TECNICO,3.52695,-76.29803,NO APLICA,NO APLICA,NO APLICA,CHOQUE,NO APLICA 2021,MASCULINO,NO APLICA,AUTOMOVIL,CHEVROLET,NO APLICA 2021,PARTICULAR,NO APLICA
592,HERIDOS,2021-03-30,2021,00:30,MADRUGADA,MARTES,SAN PEDRO,CALLE 35 CARRRA 17,URBANA,TECNICO,3.53116,-76.28875,MOTOCICLISTA,1,NO APLICA,CHOQUE,NO APLICA 2021,FEMENINA,RAUL,MOTO,SUZUKI,NO APLICA 2021,PARTICULAR,NO APLICA
593,HERIDOS,2021-03-30,2021,00:30,MADRUGADA,MARTES,SAN PEDRO,CALLE 35 CARRRA 17,URBANA,TECNICO,3.53116,-76.28875,NO APLICA,NO APLICA,NO APLICA,CHOQUE,NO APLICA 2021,MASCULINO,NO APLICA,AUTOMOVIL,KIA,NO APLICA 2021,PARTICULAR,NO APLICA
594,HERIDOS,2021-03-30,2021,00:30,MADRUGADA,MARTES,SAN PEDRO,CALLE 35 CARRRA 17,URBANA,TECNICO,3.53116,-76.28875,ACOMPAÑANTE MOTOCICLISTA,1,NO APLICA,CHOQUE,NO APLICA 2021,MASCULINO,RAUL,NO APLICA,NO APLICA,NO APLICA 2021,NO APLICA,NO APLICA
595,HERIDOS,2021-03-31,2021,06:45,MAÑANA,MIERCOLES,TRINIDAD,CALLE 28 CARRERA 24,URBANA,TECNICO,3.52481,-76.29579,MOTOCICLISTA,1,NO APLICA,CHOQUE,NO APLICA 2021,FEMENINA,PALMIRA,MOTO,KIMCO,NO APLICA 2021,PARTICULAR,NO APLICA
596,HERIDOS,2021-03-31,2021,06:45,MAÑANA,MIERCOLES,TRINIDAD,CALLE 28 CARRERA 24,URBANA,TECNICO,3.52481,-76.29579,MOTOCICLISTA,1,NO APLICA,CHOQUE,NO APLICA 2021,MASCULINO,PALMIRA,MOTO,BAJAJ,NO APLICA 2021,PARTICULAR,NO APLICA
597,HERIDOS,2021-03-31,2021,22:10,NOCHE,MIERCOLES,SIMON,CALLE 57 CARRERA 44-55,URBANA,TECNICO,3.54863,-76.31579,MOTOCICLISTA,1,NO APLICA,CHOQUE,NO APLICA 2021,MASCULINO,SANTA BARBARA,MOTO,QINGQI,NO APLICA 2021,PARTICULAR,NO APLICA
598,HERIDOS,2021-03-31,2021,22:10,NOCHE,MIERCOLES,SIMON,CALLE 57 CARRERA 44-55,URBANA,TECNICO,3.54863,-76.31579,NO APLICA,NO APLICA,NO APLICA,CHOQUE,NO APLICA 2021,MASCULINO,NO APLICA,MOTO,KAWASAKI,NO APLICA 2021,PARTICULAR,NO APLICA
599,DAÑOS,2021-03-31,2021,15:00,TARDE,MIERCOLES,VERSALLES,CARRERA 28 CALLE 42,URBANA,TECNICO,3.53807,-76.29738,NO APLICA,NO APLICA,NO APLICA,CHOQUE,NO APLICA 2021,MASCULINO,NO APLICA,CAMIONETA,KIA,NO APLICA 2021,PARTICULAR,NO APLICA
600,DAÑOS,2021-03-31,2021,15:00,TARDE,MIERCOLES,VERSALLES,CARRERA 28 CALLE 42,URBANA,TECNICO,3.53807,-76.29738,NO APLICA,NO APLICA,NO APLICA,CHOQUE,NO APLICA 2021,MASCULINO,NO APLICA,CAMION,DODGE,NO APLICA 2021,PUBLICO,NO APLICA
601,HERIDOS,2021-03-31,2021,19:30,NOCHE,MIERCOLES,CHAPINERO SUR,CARRERA 32 CALLE 5,URBANA,TECNICO,3.50716,-76.31193,NO APLICA,NO APLICA,NO APLICA,ATROPELLO,NO APLICA 2021,MASCULINO,NO APLICA,CAMIONETA,TOYOTA,NO APLICA 2021,PARTICULAR,NO APLICA
602,HERIDOS,2021-03-31,2021,19:30,NOCHE,MIERCOLES,CHAPINERO SUR,CARRERA 32 CALLE 5,URBANA,TECNICO,3.50716,-76.31193,PEATON,1,NO APLICA,ATROPELLO,NO APLICA 2021,MASCULINO,PALMIRA,NO APLICA,NO APLICA,NO APLICA 2021,NO APLICA,NO APLICA
603,HERIDOS,2021-04-01,2021,13:10,TARDE,JUEVES,COLOMBIA,CALLE 33 CARRERA 31,URBANA,TECNICO,3.53076,-76.30104,MOTOCICLISTA,1,NO APLICA,CHOQUE,NO APLICA 2021,FEMENINA,PALMIRA,MOTO,SUZUKI,NO APLICA 2021,PARTICULAR,NO APLICA
604,HERIDOS,2021-04-01,2021,13:10,TARDE,JUEVES,COLOMBIA,CALLE 33 CARRERA 31,URBANA,TECNICO,3.53076,-76.30104,MOTOCICLISTA,1,NO APLICA,CHOQUE,NO APLICA 2021,FEMENINA,RAUL,MOTO,KIMCO,NO APLICA 2021,PARTICULAR,NO APLICA
605,HERIDOS,2021-04-01,2021,13:10,TARDE,JUEVES,COLOMBIA,CALLE 33 CARRERA 31,URBANA,TECNICO,3.53076,-76.30104,ACOMPAÑANTE MOTOCICLISTA,1,NO APLICA,CHOQUE,NO APLICA 2021,FEMENINA,PALMIRA,NO APLICA,NO APLICA,NO APLICA 2021,NO APLICA,NO APLICA
606,HERIDOS,2021-04-01,2021,13:10,TARDE,JUEVES,COLOMBIA,CALLE 33 CARRERA 31,URBANA,TECNICO,3.53076,-76.30104,ACOMPAÑANTE MOTOCICLISTA,1,NO APLICA,CHOQUE,NO APLICA 2021,FEMENINA,RAUL,NO APLICA,NO APLICA,NO APLICA 2021,NO APLICA,NO APLICA
607,DAÑOS,2021-04-01,2021,10:20,MAÑANA,JUEVES,LA EMILIA,CALLE 35 CARRERA 38,URBANA,TECNICO,3.53281,-76.308,NO APLICA,NO APLICA,NO APLICA,CHOQUE,NO APLICA 2021,MASCULINO,NO APLICA,AUTOMOVIL,HYUNDAI,NO APLICA 2021,PUBLICO,FLOTA PALMIRA
608,DAÑOS,2021-04-01,2021,10:20,MAÑANA,JUEVES,LA EMILIA,CALLE 35 CARRERA 38,URBANA,TECNICO,3.53281,-76.308,NO APLICA,NO APLICA,NO APLICA,CHOQUE,NO APLICA 2021,MASCULINO,NO APLICA,AUTOMOVIL,HYUNDAI,NO APLICA 2021,PUBLICO,COOTRANSPAL
609,DAÑOS,2021-04-01,2021,10:40,MAÑANA,JUEVES,SEMBRADOR,CARRERA 16 CALLE 22A,URBANA,TECNICO,3.52001,-76.28963,NO APLICA,NO APLICA,NO APLICA,CHOQUE,NO APLICA 2021,FEMENINA,NO APLICA,MOTO,KIMCO,NO APLICA 2021,PARTICULAR,NO APLICA
610,DAÑOS,2021-04-01,2021,10:40,MAÑANA,JUEVES,SEMBRADOR,CARRERA 16 CALLE 22A,URBANA,TECNICO,3.52001,-76.28963,NO APLICA,NO APLICA,NO APLICA,CHOQUE,NO APLICA 2021,MASCULINO,NO APLICA,CAMIONETA,CHERY,NO APLICA 2021,PUBLICO,FLOTA TRASNPORTE ESPECIAL
611,HERIDOS,2021-04-01,2021,15:30,TARDE,JUEVES,COLOMBIA,CALLE 33 CARRERA 30,URBANA,TECNICO,3.5306,-76.30013,MOTOCICLISTA,1,NO APLICA,CHOQUE,NO APLICA 2021,MASCULINO,PALMIRA,MOTO,YAMAHA,NO APLICA 2021,PARTICULAR,NO APLICA
612,HERIDOS,2021-04-01,2021,15:30,TARDE,JUEVES,COLOMBIA,CALLE 33 CARRERA 30,URBANA,TECNICO,3.5306,-76.30013,NO APLICA,NO APLICA,NO APLICA,CHOQUE,NO APLICA 2021,FEMENINA,NO APLICA,CAMIONETA,KIA,NO APLICA 2021,PARTICULAR,NO APLICA
613,HERIDOS,2021-04-01,2021,18:15,NOCHE,JUEVES,DANUBIO,CARRERA 19 CALLE 33,URBANA,TECNICO,3.52921,-76.29046,NO APLICA,NO APLICA,NO APLICA,CHOQUE,NO APLICA 2021,MASCULINO,NO APLICA,CAMIONETA,CHEVROLET,NO APLICA 2021,PARTICULAR,NO APLICA
614,HERIDOS,2021-04-01,2021,18:15,NOCHE,JUEVES,DANUBIO,CARRERA 19 CALLE 33,URBANA,TECNICO,3.52921,-76.29046,MOTOCICLISTA,1,NO APLICA,CHOQUE,NO APLICA 2021,MASCULINO,PALMIRA,MOTO,HONDA,NO APLICA 2021,PARTICULAR,NO APLICA
615,HERIDOS,2021-04-01,2021,22:10,NOCHE,JUEVES,TRINIDAD,CALLE 29 CARRERA 24,URBANA,TECNICO,3.52563,-76.29568,NO APLICA,NO APLICA,NO APLICA,CHOQUE,NO APLICA 2021,MASCULINO,NO APLICA,AUTOMOVIL,CHEVROLET,NO APLICA 2021,PARTICULAR,NO APLICA
616,HERIDOS,2021-04-01,2021,22:10,NOCHE,JUEVES,TRINIDAD,CALLE 29 CARRERA 24,URBANA,TECNICO,3.52563,-76.29568,MOTOCICLISTA,1,NO APLICA,CHOQUE,NO APLICA 2021,MASCULINO,PALMIRA,MOTO,VICTORY,NO APLICA 2021,PARTICULAR,NO APLICA
617,HERIDOS,2021-04-01,2021,22:10,NOCHE,JUEVES,TRINIDAD,CALLE 29 CARRERA 24,URBANA,TECNICO,3.52563,-76.29568,ACOMPAÑANTE MOTOCICLISTA,1,NO APLICA,CHOQUE,NO APLICA 2021,FEMENINA,PALMIRA,NO APLICA,NO APLICA,NO APLICA 2021,NO APLICA,NO APLICA
618,DAÑOS,2021-04-02,2021,18:30,NOCHE,VIERNES,TRINIDAD,CALLE 31 CARRERA 20,URBANA,TECNICO,3.5271,-76.29206,NO APLICA,NO APLICA,NO APLICA,CHOQUE,NO APLICA 2021,MASCULINO,NO APLICA,MOTO,YAMAHA,NO APLICA 2021,PARTICULAR,NO APLICA
619,DAÑOS,2021-04-02,2021,18:30,NOCHE,VIERNES,TRINIDAD,CALLE 31 CARRERA 20,URBANA,TECNICO,3.5271,-76.29206,NO APLICA,NO APLICA,NO APLICA,CHOQUE,NO APLICA 2021,MASCULINO,NO APLICA,AUTOMOVIL,HYUNDAI,NO APLICA 2021,PARTICULAR,NO APLICA
620,HERIDOS,2021-04-03,2021,17:15,TARDE,SABADO,JUAN PABLO,TRASVERSAL 39 CALLE 48A-49,URBANA,TECNICO,3.54328,-76.31062,MOTOCICLISTA,1,NO APLICA,ATROPELLO,NO APLICA 2021,MASCULINO,RAUL,MOTO,SUZUKI,NO APLICA 2021,PARTICULAR,NO APLICA
621,HERIDOS,2021-04-03,2021,17:15,TARDE,SABADO,JUAN PABLO,TRASVERSAL 39 CALLE 48A-49,URBANA,TECNICO,3.54328,-76.31062,PEATON,1,NO APLICA,ATROPELLO,NO APLICA 2021,MASCULINO,RAUL,NO APLICA,NO APLICA,NO APLICA 2021,NO APLICA,NO APLICA
622,DAÑOS,2021-04-03,2021,18:00,NOCHE,SABADO,SAN CAYETANO,CARRERA 25 CALLE 40,URBANA,TECNICO,3.53597,-76.29478,NO APLICA,NO APLICA,NO APLICA,CHOQUE,NO APLICA 2021,FEMENINA,NO APLICA,AUTOMOVIL,CHEVROLET,NO APLICA 2021,PARTICULAR,NO APLICA
623,DAÑOS,2021-04-03,2021,18:00,NOCHE,SABADO,SAN CAYETANO,CARRERA 25 CALLE 40,URBANA,TECNICO,3.53597,-76.29478,NO APLICA,NO APLICA,NO APLICA,CHOQUE,NO APLICA 2021,MASCULINO,NO APLICA,AUTOMOVIL,KIA,NO APLICA 2021,PARTICULAR,NO APLICA
624,DAÑOS,2021-04-04,2021,07:20,MAÑANA,DOMINGO,TRINIDAD,CARRERA 24 CALLE 29,URBANA,TECNICO,3.52563,-76.29568,NO APLICA,NO APLICA,NO APLICA,CHOQUE,NO APLICA 2021,MASCULINO,NO APLICA,AUTOMOVIL,DAEWOO,NO APLICA 2021,PARTICULAR,NO APLICA
625,DAÑOS,2021-04-04,2021,07:20,MAÑANA,DOMINGO,TRINIDAD,CARRERA 24 CALLE 29,URBANA,TECNICO,3.52563,-76.29568,NO APLICA,NO APLICA,NO APLICA,CHOQUE,NO APLICA 2021,MASCULINO,NO APLICA,AUTOMOVIL,CHEVROLET,NO APLICA 2021,PARTICULAR,NO APLICA
626,DAÑOS,2021-03-28,2021,14:50,TARDE,DOMINGO,PRADO,CARRERA 41 CALLE 33A-20,URBANA,TECNICO,3.53153,-76.31137,NO APLICA,NO APLICA,NO APLICA,CHOQUE,NO APLICA 2021,MASCULINO,NO APLICA,AUTOMOVIL,MAZDA,NO APLICA 2021,PARTICULAR,NO APLICA
627,DAÑOS,2021-03-28,2021,14:50,TARDE,DOMINGO,PRADO,CARRERA 41 CALLE 33A-20,URBANA,TECNICO,3.53153,-76.31137,NO APLICA,NO APLICA,NO APLICA,CHOQUE,NO APLICA 2021,MASCULINO,NO APLICA,CAMIONETA,NISSAN,NO APLICA 2021,PARTICULAR,NO APLICA
628,DAÑOS,2021-03-28,2021,14:50,TARDE,DOMINGO,PRADO,CARRERA 41 CALLE 33A-20,URBANA,TECNICO,3.53153,-76.31137,NO APLICA,NO APLICA,NO APLICA,CHOQUE,NO APLICA 2021,MASCULINO,NO APLICA,AUTOMOVIL,MAZDA,NO APLICA 2021,PUBLICO,NO APLICA
629,DAÑOS,2021-03-28,2021,20:20,NOCHE,DOMINGO,ZAMORANO,CARRERA 28 CALLE 65A-25,URBANA,TECNICO,3.55287,-76.29327,NO APLICA,NO APLICA,NO APLICA,CHOQUE,NO APLICA 2021,MASCULINO,NO APLICA,AUTOMOVIL,CHEVROLET,NO APLICA 2021,PARTICULAR,NO APLICA
630,DAÑOS,2021-03-28,2021,20:20,NOCHE,DOMINGO,ZAMORANO,CARRERA 28 CALLE 65A-25,URBANA,TECNICO,3.55287,-76.29327,NO APLICA,NO APLICA,NO APLICA,CHOQUE,NO APLICA 2021,MASCULINO,NO APLICA,MOTO,AKT,NO APLICA 2021,PARTICULAR,NO APLICA
631,HERIDOS,2021-03-30,2021,20:00,NOCHE,MARTES,VIA PALMIRA BUITRERA,KM 3 + 400 MTS,RURAL,TECNICO,3.5033,-76.22257,MOTOCICLISTA,1,NO APLICA,CHOQUE,NO APLICA 2021,MASCULINO,RAUL,MOTO,AKT,NO APLICA 2021,PARTICULAR,NO APLICA
632,HERIDOS,2021-03-30,2021,20:00,NOCHE,MARTES,VIA PALMIRA BUITRERA,KM 3 + 400 MTS,RURAL,TECNICO,3.5033,-76.22257,CICLISTA,1,NO APLICA,CHOQUE,NO APLICA 2021,MASCULINO,RAUL,MOTO,GW,NO APLICA 2021,PARTICULAR,NO APLICA
633,HERIDOS,2021-04-05,2021,08:00,MAÑANA,LUNES,SANTA TERESITA,CARRERA 35 CALLE 49-48,URBANA,TECNICO,3.54402,-76.30758,MOTOCICLISTA,1,NO APLICA,CHOQUE,NO APLICA 2021,FEMENINA,RAUL,MOTO,HONDA,NO APLICA 2021,PARTICULAR,NO APLICA
634,HERIDOS,2021-04-05,2021,08:00,MAÑANA,LUNES,SANTA TERESITA,CARRERA 35 CALLE 49-48,URBANA,TECNICO,3.54402,-76.30758,MOTOCICLISTA,1,NO APLICA,CHOQUE,NO APLICA 2021,MASCULINO,RAUL,MOTO,TVS,NO APLICA 2021,PARTICULAR,NO APLICA
635,HERIDOS,2021-04-05,2021,08:00,MAÑANA,LUNES,SANTA TERESITA,CARRERA 35 CALLE 49-48,URBANA,TECNICO,3.54402,-76.30758,ACOMPAÑANTE MOTOCICLISTA,1,NO APLICA,CHOQUE,NO APLICA 2021,MASCULINO,RAUL,NO APLICA,NO APLICA,NO APLICA 2021,NO APLICA,NO APLICA
636,HERIDOS,2021-04-06,2021,07:20,MAÑANA,MARTES,CENTRO,CALLE 30 CARRERA 32,URBANA,TECNICO,3.52745,-76.30247,MOTOCICLISTA,1,NO APLICA,CHOQUE,NO APLICA 2021,FEMENINA,PALMIRA,MOTO,HONDA,NO APLICA 2021,PARTICULAR,NO APLICA
637,HERIDOS,2021-04-06,2021,07:20,MAÑANA,MARTES,CENTRO,CALLE 30 CARRERA 32,URBANA,TECNICO,3.52745,-76.30247,NO APLICA,NO APLICA,NO APLICA,CHOQUE,NO APLICA 2021,MASCULINO,NO APLICA,MOTO,SUZUKI,NO APLICA 2021,PARTICULAR,NO APLICA
638,HERIDOS,2021-04-06,2021,07:20,MAÑANA,MARTES,CENTRO,CALLE 30 CARRERA 32,URBANA,TECNICO,3.52745,-76.30247,ACOMPAÑANTE MOTOCICLISTA,1,NO APLICA,CHOQUE,NO APLICA 2021,FEMENINA,PALMIRA,NO APLICA,NO APLICA,NO APLICA 2021,NO APLICA,NO APLICA
639,HERIDOS,2021-04-06,2021,08:00,MAÑANA,MARTES,CHAPINERO SUR,CARRERA 32 CALLE 8-10,URBANA,TECNICO,3.50906,-76.3084,NO APLICA,NO APLICA,NO APLICA,CHOQUE,NO APLICA 2021,MASCULINO,NO APLICA,AUTOMOVIL,KIA,NO APLICA 2021,PARTICULAR,NO APLICA
640,HERIDOS,2021-04-06,2021,08:00,MAÑANA,MARTES,CHAPINERO SUR,CARRERA 32 CALLE 8-10,URBANA,TECNICO,3.50906,-76.3084,MOTOCICLISTA,1,NO APLICA,CHOQUE,NO APLICA 2021,MASCULINO,PALMIRA,MOTO,HONDA,NO APLICA 2021,PARTICULAR,NO APLICA