,GRAVEDAD,FECHA,AÑO,HORA,JORNADA,DIA_SEMANA,BARRIO-CORREGIMIENTO-VIA,DIRECCION,ZONA,AUTORIDAD,LAT,LONG,CONDICION_VICTIMA,LESIONADO,HOMICIDIOS,TIPO_ACCIDENTE,HIPOTESIS,GENERO,CLINICA,CLASE_VEHICULO,MARCA,MATRICULA,TIPO DE SERVICIO,EMPRESA
641,DAÑOS,2021-04-06,2021,10:20,MAÑANA,MARTES,SAN PEDRO,CALLE 35B CARRERA 9,URBANA,TECNICO,3.53198,-76.28272,NO APLICA,NO APLICA,NO APLICA,CHOQUE,NO APLICA 2021,FEMENINA,NO APLICA,AUTOMOVIL,CHEVROLET,NO APLICA 2021,PARTICULAR,NO APLICA
642,DAÑOS,2021-04-06,2021,10:20,MAÑANA,MARTES,SAN PEDRO,CALLE 35B CARRERA 9,URBANA,TECNICO,3.53198,-76.28272,NO APLICA,NO APLICA,NO APLICA,CHOQUE,NO APLICA 2021,MASCULINO,NO APLICA,CAMION,JAC,NO APLICA 2021,PUBLICO,NO APLICA
643,DAÑOS,2021-04-06,2021,15:40,TARDE,MARTES,ITALIA,CALLE 6 CARRERA 30,URBANA,TECNICO,3.50575,-76.30502,NO APLICA,NO APLICA,NO APLICA,CHOQUE,NO APLICA 2021,MASCULINO,NO APLICA,CAMIONETA,CHEVROLET,NO APLICA 2021,PARTICULAR,NO APLICA
644,DAÑOS,2021-04-06,2021,15:40,TARDE,MARTES,ITALIA,CALLE 6 CARRERA 30,URBANA,TECNICO,3.50575,-76.30502,NO APLICA,NO APLICA,NO APLICA,CHOQUE,NO APLICA 2021,MASCULINO,NO APLICA,AUTOMOVIL,CHEVROLET,NO APLICA 2021,PARTICULAR,NO APLICA
645,DAÑOS,2021-04-06,2021,16:30,TARDE,MARTES,CAMPESTRE,CALLE 42 CARRERA 9-21,URBANA,TECNICO,3.53693,-76.28233,NO APLICA,NO APLICA,NO APLICA,CHOQUE,NO APLICA 2021,MASCULINO,NO APLICA,MOTO,KIMCO,NO APLICA 2021,PARTICULAR,NO APLICA
646,DAÑOS,2021-04-06,2021,16:30,TARDE,MARTES,CAMPESTRE,CALLE 42 CARRERA 9-21,URBANA,TECNICO,3.53693,-76.28233,NO APLICA,NO APLICA,NO APLICA,CHOQUE,NO APLICA 2021,MASCULINO,NO APLICA,AUTOMOVIL,CHEVROLET,NO APLICA 2021,PARTICULAR,NO APLICA
647,DAÑOS,2021-04-06,2021,18:20,NOCHE,MARTES,CAMPESTRE,CALLE 42 CARRERA 9-10,URBANA,TECNICO,3.5369,-76.28295,NO APLICA,NO APLICA,NO APLICA,CHOQUE,NO APLICA 2021,MASCULINO,NO APLICA,AUTOMOVIL,MAZDA,NO APLICA 2021,PARTICULAR,NO APLICA
648,DAÑOS,2021-04-06,2021,18:20,NOCHE,MARTES,CAMPESTRE,CALLE 42 CARRERA 9-10,URBANA,TECNICO,3.5369,-76.28295,NO APLICA,NO APLICA,NO APLICA,CHOQUE,NO APLICA 2021,MASCULINO,NO APLICA,MICROBUS,CHEVROLET,NO APLICA 2021,PUBLICO,NO APLICA
649,HERIDOS,2021-04-08,2021,06:00,MAÑANA,JUEVES,DANUBIO,CARRERA 19 CALLE 33-17,URBANA,TECNICO,3.52957,-76.29047,MOTOCICLISTA,1,NO APLICA,ATROPELLO,NO APLICA 2021,MASCULINO,PALMA,MOTO,BAJAJ,NO APLICA 2021,PARTICULAR,NO APLICA
650,HERIDOS,2021-04-08,2021,06:00,MAÑANA,JUEVES,DANUBIO,CARRERA 19 CALLE 33-17,URBANA,TECNICO,3.52957,-76.29047,PEATON,1,NO APLICA,ATROPELLO,NO APLICA 2021,FEMENINA,FRACTURAS,NO APLICA,NO APLICA,NO APLICA 2021,NO APLICA,NO APLICA
651,DAÑOS,2021-04-08,2021,07:20,MAÑANA,JUEVES,PRIMERO DE MAYO,CALLE 42 CARRERA 15-16,URBANA,TECNICO,3.537,-76.28791,NO APLICA,NO APLICA,NO APLICA,CHOQUE,NO APLICA 2021,FEMENINA,NO APLICA,AUTOMOVIL,KIA,NO APLICA 2021,PARTICULAR,NO APLICA
652,DAÑOS,2021-04-08,2021,07:20,MAÑANA,JUEVES,PRIMERO DE MAYO,CALLE 42 CARRERA 15-16,URBANA,TECNICO,3.537,-76.28791,NO APLICA,NO APLICA,NO APLICA,CHOQUE,NO APLICA 2021,MASCULINO,NO APLICA,MOTO,BAJAJ,NO APLICA 2021,PARTICULAR,NO APLICA
653,HERIDOS,2021-04-08,2021,10:30,MAÑANA,JUEVES,NUEVO,CARRERA 32 CALLE 27,URBANA,TECNICO,3.52496,-76.30289,NO APLICA,NO APLICA,NO APLICA,CHOQUE,NO APLICA 2021,MASCULINO,NO APLICA,CAMIONETA,RENAULT,NO APLICA 2021,PARTICULAR,NO APLICA
654,HERIDOS,2021-04-08,2021,10:30,MAÑANA,JUEVES,NUEVO,CARRERA 32 CALLE 27,URBANA,TECNICO,3.52496,-76.30289,MOTOCICLISTA,1,NO APLICA,CHOQUE,NO APLICA 2021,FEMENINA,RAUL,MOTO,SUZUKI,NO APLICA 2021,PARTICULAR,NO APLICA
655,DAÑOS,2021-04-07,2021,16:15,TARDE,MIERCOLES,COLOMBINA,CALLE 31 CARRERA 16,URBANA,TECNICO,3.52665,-76.28867,NO APLICA,NO APLICA,NO APLICA,CHOQUE,NO APLICA 2021,MASCULINO,NO APLICA,MOTO,AKT,NO APLICA 2021,PARTICULAR,NO APLICA
656,DAÑOS,2021-04-07,2021,16:15,TARDE,MIERCOLES,COLOMBINA,CALLE 31 CARRERA 16,URBANA,TECNICO,3.52665,-76.28867,NO APLICA,NO APLICA,NO APLICA,CHOQUE,NO APLICA 2021,MASCULINO,NO APLICA,CAMIONETA,CHEVROLET,NO APLICA 2021,PARTICULAR,NO APLICA
657,HERIDOS,2021-04-09,2021,08:00,MAÑANA,VIERNES,JARDIN,CALLE 32 CARRERA 1,URBANA,TECNICO,3.52799,-76.27744,MOTOCICLISTA,1,NO APLICA,CHOQUE,NO APLICA 2021,FEMENINA,PALMIRA,MOTO,SUZUKI,NO APLICA 2021,PARTICULAR,NO APLICA
658,HERIDOS,2021-04-09,2021,08:00,MAÑANA,VIERNES,JARDIN,CALLE 32 CARRERA 1,URBANA,TECNICO,3.52799,-76.27744,NO APLICA,NO APLICA,NO APLICA,CHOQUE,NO APLICA 2021,MASCULINO,NO APLICA,MOTO,BAJAJ,NO APLICA 2021,PARTICULAR,NO APLICA
659,HERIDOS,2021-04-10,2021,12:00,TARDE,SABADO,ITALIA,CALLE 6 CARRERA 29,URBANA,TECNICO,3.50555,-76.30173,MOTOCICLISTA,1,NO APLICA,CHOQUE,NO APLICA 2021,MASCULINO,RAUL,MOTO,TVS,NO APLICA 2021,PARTICULAR,NO APLICA
660,HERIDOS,2021-04-10,2021,12:00,TARDE,SABADO,ITALIA,CALLE 6 CARRERA 29,URBANA,TECNICO,3.50555,-76.30173,MOTOCICLISTA,1,NO APLICA,CHOQUE,NO APLICA 2021,MASCULINO,RAUL,MOTO,AKT,NO APLICA 2021,PARTICULAR,NO APLICA
661,HERIDOS,2021-04-10,2021,12:00,TARDE,SABADO,ITALIA,CALLE 6 CARRERA 29,URBANA,TECNICO,3.50555,-76.30173,ACOMPAÑANTE MOTOCICLISTA,1,NO APLICA,CHOQUE,NO APLICA 2021,FEMENINA,RAUL,NO APLICA,NO APLICA,NO APLICA 2021,NO APLICA,NO APLICA
662,DAÑOS,2021-04-10,2021,15:15,TARDE,SABADO,CENTRO POBLADO ROZO,AVENIDA 9 CALLE 11,RURAL,TECNICO,3.61546,-76.38734,NO APLICA,NO APLICA,NO APLICA,CHOQUE,NO APLICA 2021,MASCULINO,NO APLICA,AUTOMOVIL,KIA,NO APLICA 2021,PARTICULAR,NO APLICA
663,DAÑOS,2021-04-10,2021,15:15,TARDE,SABADO,CENTRO POBLADO ROZO,AVENIDA 9 CALLE 11,RURAL,TECNICO,3.61546,-76.38734,NO APLICA,NO APLICA,NO APLICA,CHOQUE,NO APLICA 2021,MASCULINO,NO APLICA,CAMIONETA,KIA,NO APLICA 2021,PARTICULAR,NO APLICA
664,HERIDOS,2021-04-10,2021,22:10,NOCHE,SABADO,SAN PEDRO,CALLE 40 CARRERA 16,URBANA,TECNICO,3.53565,-76.28838,MOTOCICLISTA,1,NO APLICA,CHOQUE,NO APLICA 2021,MASCULINO,RAUL,MOTO,JIALING,NO APLICA 2021,PARTICULAR,NO APLICA
665,HERIDOS,2021-04-10,2021,22:10,NOCHE,SABADO,SAN PEDRO,CALLE 40 CARRERA 16,URBANA,TECNICO,3.53565,-76.28838,NO APLICA,NO APLICA,NO APLICA,CHOQUE,NO APLICA 2021,FEMENINA,NO APLICA,AUTOMOVIL,CHEVROLET,NO APLICA 2021,PARTICULAR,NO APLICA
666,HERIDOS,2021-04-10,2021,22:30,NOCHE,SABADO,COLOMBINA,CARRERA 18 CALLE 26,URBANA,TECNICO,3.52258,-76.2909,NO APLICA,NO APLICA,NO APLICA,CHOQUE,NO APLICA 2021,MASCULINO,NO APLICA,MOTO,HONDA,NO APLICA 2021,PARTICULAR,NO APLICA
667,HERIDOS,2021-04-10,2021,22:30,NOCHE,SABADO,COLOMBINA,CARRERA 18 CALLE 26,URBANA,TECNICO,3.52258,-76.2909,NO APLICA,NO APLICA,NO APLICA,CHOQUE,NO APLICA 2021,MASCULINO,NO APLICA,AUTOMOVIL,HYUNDAI,NO APLICA 2021,PUBLICO,COOP TRANS PALMERAS
668,HERIDOS,2021-04-10,2021,22:30,NOCHE,SABADO,COLOMBINA,CARRERA 18 CALLE 26,URBANA,TECNICO,3.52258,-76.2909,ACOMPAÑANTE MOTOCICLISTA,1,NO APLICA,CHOQUE,NO APLICA 2021,FEMENINA,RAUL,NO APLICA,NO APLICA,NO APLICA 2021,NO APLICA,NO APLICA
669,HERIDOS,2021-04-11,2021,10:40,MAÑANA,DOMINGO,COSECHA,CALLE 70 CARRERA 21-05,URBANA,TECNICO,3.5561,-76.28652,NO APLICA,NO APLICA,NO APLICA,ATROPELLO,NO APLICA 2021,MASCULINO,NO APLICA,MOTO,YAMAHA,NO APLICA 2021,PARTICULAR,NO APLICA
670,HERIDOS,2021-04-11,2021,10:40,MAÑANA,DOMINGO,COSECHA,CALLE 70 CARRERA 21-05,URBANA,TECNICO,3.5561,-76.28652,PEATON,1,NO APLICA,ATROPELLO,NO APLICA 2021,FEMENINA,PALMA,NO APLICA,NO APLICA,NO APLICA 2021,NO APLICA,NO APLICA
671,DAÑOS,2021-04-11,2021,20:50,NOCHE,DOMINGO,LOPEZ,CALLE 41 CARRERA 30,URBANA,TECNICO,3.53744,-76.29889,NO APLICA,NO APLICA,NO APLICA,CHOQUE,NO APLICA 2021,MASCULINO,NO APLICA,MOTO,HONDA,NO APLICA 2021,PARTICULAR,NO APLICA
672,DAÑOS,2021-04-11,2021,20:50,NOCHE,DOMINGO,LOPEZ,CALLE 41 CARRERA 30,URBANA,TECNICO,3.53744,-76.29889,NO APLICA,NO APLICA,NO APLICA,CHOQUE,NO APLICA 2021,FEMENINA,NO APLICA,AUTOMOVIL,RENAULT,NO APLICA 2021,PARTICULAR,NO APLICA
673,HERIDOS,2021-04-12,2021,08:55,MAÑANA,LUNES,SANTA ANA,CALLE 35 CARRERA 44,URBANA,TECNICO,3.53219,-76.31493,MOTOCICLISTA,1,NO APLICA,CHOQUE,NO APLICA 2021,FEMENINA,PALMA,MOTO,BRONCO,NO APLICA 2021,PARTICULAR,NO APLICA
674,HERIDOS,2021-04-12,2021,08:55,MAÑANA,LUNES,SANTA ANA,CALLE 35 CARRERA 44,URBANA,TECNICO,3.53219,-76.31493,NO APLICA,NO APLICA,NO APLICA,CHOQUE,NO APLICA 2021,FEMENINA,NO APLICA,CAMIONETA,HONDA,NO APLICA 2021,PARTICULAR,NO APLICA
675,DAÑOS,2021-04-12,2021,09:30,MAÑANA,LUNES,RIVERA ESCOBAR,CALLE 31 CARRERA 35,URBANA,TECNICO,3.52897,-76.30578,NO APLICA,NO APLICA,NO APLICA,CHOQUE OBJETO FIJO,NO APLICA 2021,MASCULINO,NO APLICA,TRACTO CAMION,CHEVROLET,NO APLICA 2021,PUBLICO,NO APLICA
676,MUERTO,2021-04-12,2021,16:20,TARDE,LUNES,RESERVAS ZAMORANO,CARRERA 34 E CALLE 62,URBANA,TECNICO,3.55255,-76.30353,NO APLICA,NO APLICA,NO APLICA,CHOQUE,NO APLICA 2021,MASCULINO,NO APLICA,BUS,HYUNDAI,NO APLICA 2021,PUBLICO,BRASILIA
677,MUERTO,2021-04-12,2021,16:20,TARDE,LUNES,RESERVAS ZAMORANO,CARRERA 34 E CALLE 62,URBANA,TECNICO,3.55255,-76.30353,MOTOCICLISTA,NO APLICA,1,CHOQUE,NO APLICA 2021,MASCULINO,SANTA BARBARA,MOTO,HERO,NO APLICA 2021,PARTICULAR,NO APLICA
678,HERIDOS,2021-04-12,2021,15:40,TARDE,LUNES,SANTAN ISABEL,CARRERA 28 CALLE 44 -100,URBANA,TECNICO,3.53938,-76.29712,MOTOCICLISTA,1,NO APLICA,CHOQUE,NO APLICA 2021,MASCULINO,FRACTURAS,MOTO,HONDA,NO APLICA 2021,PARTICULAR,NO APLICA
679,HERIDOS,2021-04-12,2021,15:40,TARDE,LUNES,SANTAN ISABEL,CARRERA 28 CALLE 44 -100,URBANA,TECNICO,3.53938,-76.29712,NO APLICA,NO APLICA,NO APLICA,CHOQUE,NO APLICA 2021,MASCULINO,NO APLICA,MOTO,AKT,NO APLICA 2021,PARTICULAR,NO APLICA
680,HERIDOS,2021-04-12,2021,18:00,NOCHE,LUNES,SAN CAYETANO,CALLE 42 CARRERA 22,URBANA,TECNICO,3.53726,-76.29239,MOTOCICLISTA,1,NO APLICA,CHOQUE,NO APLICA 2021,MASCULINO,PALMIRA,MOTO,HONDA,NO APLICA 2021,PARTICULAR,NO APLICA
681,HERIDOS,2021-04-12,2021,18:00,NOCHE,LUNES,SAN CAYETANO,CALLE 42 CARRERA 22,URBANA,TECNICO,3.53726,-76.29239,MOTOCICLISTA,1,NO APLICA,CHOQUE,NO APLICA 2021,MASCULINO,PALMIRA,MOTO,HONDA,NO APLICA 2021,PARTICULAR,NO APLICA
682,HERIDOS,2021-04-12,2021,18:00,NOCHE,LUNES,SAN CAYETANO,CALLE 42 CARRERA 22,URBANA,TECNICO,3.53726,-76.29239,ACOMPAÑANTE MOTOCICLISTA,1,NO APLICA,CHOQUE,NO APLICA 2021,FEMENINA,PALMIRA,NO APLICA,NO APLICA,NO APLICA 2021,NO APLICA,NO APLICA
683,HERIDOS,2021-04-12,2021,17:50,TARDE,LUNES,CENTRO,CALLE 29 CARRERA 32,URBANA,TECNICO,3.5266,-76.30264,NO APLICA,NO APLICA,NO APLICA,CHOQUE,NO APLICA 2021,MASCULINO,NO APLICA,AUTOMOVIL,CHERY,NO APLICA 2021,PARTICULAR,NO APLICA
684,HERIDOS,2021-04-12,2021,17:50,TARDE,LUNES,CENTRO,CALLE 29 CARRERA 32,URBANA,TECNICO,3.5266,-76.30264,NO APLICA,1,NO APLICA,CHOQUE,NO APLICA 2021,MASCULINO,RAUL,MOTO,AKT,NO APLICA 2021,PARTICULAR,NO APLICA
685,DAÑOS,2021-04-13,2021,07:30,MAÑANA,MARTES,NUEVO,CALLE 27 CARRERA 32,URBANA,TECNICO,3.52495,-76.30291,NO APLICA,NO APLICA,NO APLICA,CHOQUE,NO APLICA 2021,MASCULINO,NO APLICA,AUTOMOVIL,CHEVROLET,NO APLICA 2021,PUBLICO,COOP TRANS PALMERAS
686,DAÑOS,2021-04-13,2021,07:30,MAÑANA,MARTES,NUEVO,CALLE 27 CARRERA 32,URBANA,TECNICO,3.52495,-76.30291,NO APLICA,NO APLICA,NO APLICA,CHOQUE,NO APLICA 2021,MASCULINO,NO APLICA,CAMIONETA,CHEVROLET,NO APLICA 2021,PARTICULAR,NO APLICA
687,HERIDOS,2021-04-13,2021,19:40,NOCHE,MARTES,CENTRO POBLADO ROZO,CALLE 14 CARRERA 10-175,URBANA,TECNICO,3.61493,-76.38989,MOTOCICLISTA,1,NO APLICA,CHOQUE,NO APLICA 2021,MASCULINO,PALMA,MOTO,AKT,NO APLICA 2021,PARTICULAR,NO APLICA
688,HERIDOS,2021-04-13,2021,19:40,NOCHE,MARTES,CENTRO POBLADO ROZO,CALLE 14 CARRERA 10-175,URBANA,TECNICO,3.61493,-76.38989,NO APLICA,NO APLICA,NO APLICA,CHOQUE,NO APLICA 2021,MASCULINO,NO APLICA,AUTOMOVIL,VOLKSWAGEN,NO APLICA 2021,PARTICULAR,NO APLICA
689,HERIDOS,2021-04-13,2021,19:40,NOCHE,MARTES,CENTRO POBLADO ROZO,CALLE 14 CARRERA 10-175,URBANA,TECNICO,3.61493,-76.38989,ACOMPAÑANTE MOTOCICLISTA,1,NO APLICA,CHOQUE,NO APLICA 2021,FEMENINA,PALMA,NO APLICA,NO APLICA,NO APLICA 2021,NO APLICA,NO APLICA
690,DAÑOS,2021-04-13,2021,14:40,TARDE,MARTES,CENTRO,CARRERA 31 CALLE 31-15,URBANA,TECNICO,3.52842,-76.30175,NO APLICA,NO APLICA,NO APLICA,CHOQUE,NO APLICA 2021,MASCULINO,NO APLICA,AUTOMOVIL,KIA,NO APLICA 2021,PARTICULAR,NO APLICA
691,DAÑOS,2021-04-13,2021,14:40,TARDE,MARTES,CENTRO,CARRERA 31 CALLE 31-15,URBANA,TECNICO,3.52842,-76.30175,NO APLICA,NO APLICA,NO APLICA,CHOQUE,NO APLICA 2021,MASCULINO,NO APLICA,MOTO,HONDA,NO APLICA 2021,PARTICULAR,NO APLICA
692,MUERTO,2021-04-14,2021,06:50,MAÑANA,MIERCOLES,SANTA RITA,CARRERA 28 CALLE 38,URBANA,TECNICO,3.53481,-76.29777,NO APLICA,NO APLICA,NO APLICA,CHOQUE,NO APLICA 2021,MASCULINO,NO APLICA,MOTO,YAMAHA,NO APLICA 2021,PARTICULAR,NO APLICA
693,MUERTO,2021-04-14,2021,06:50,MAÑANA,MIERCOLES,SANTA RITA,CARRERA 28 CALLE 38,URBANA,TECNICO,3.53481,-76.29777,NO APLICA,NO APLICA,NO APLICA,CHOQUE,NO APLICA 2021,MASCULINO,NO APLICA,MOTO,SUZUKI,NO APLICA 2021,PARTICULAR,NO APLICA
694,MUERTO,2021-04-14,2021,06:50,MAÑANA,MIERCOLES,SANTA RITA,CARRERA 28 CALLE 38,URBANA,TECNICO,3.53481,-76.29777,ACOMPAÑANTE MOTOCICLISTA,NO APLICA,1,CHOQUE,NO APLICA 2021,FEMENINA,RAUL,NO APLICA,NO APLICA,NO APLICA 2021,NO APLICA,NO APLICA
695,HERIDOS,2021-04-14,2021,12:15,TARDE,MIERCOLES,LA EMILIA,CARRERA 35 CALLE 41-06,URBANA,TECNICO,3.53816,-76.30658,NO APLICA,NO APLICA,NO APLICA,CHOQUE,NO APLICA 2021,MASCULINO,NO APLICA,CAMION,DODGE,NO APLICA 2021,PARTICULAR,NO APLICA
696,HERIDOS,2021-04-14,2021,12:15,TARDE,MIERCOLES,LA EMILIA,CARRERA 35 CALLE 41-06,URBANA,TECNICO,3.53816,-76.30658,NO APLICA,NO APLICA,NO APLICA,CHOQUE,NO APLICA 2021,MASCULINO,NO APLICA,CAMION,DODGE,NO APLICA 2021,PARTICULAR,NO APLICA
697,HERIDOS,2021-04-14,2021,12:15,TARDE,MIERCOLES,LA EMILIA,CARRERA 35 CALLE 41-06,URBANA,TECNICO,3.53816,-76.30658,MOTOCICLISTA,1,NO APLICA,CHOQUE,NO APLICA 2021,MASCULINO,PALMIRA,MOTO,HONDA,NO APLICA 2021,PARTICULAR,NO APLICA
698,HERIDOS,2021-04-14,2021,12:15,TARDE,MIERCOLES,LA EMILIA,CARRERA 35 CALLE 41-06,URBANA,TECNICO,3.53816,-76.30658,ACOMPAÑANTE MOTOCICLISTA,1,NO APLICA,CHOQUE,NO APLICA 2021,FEMENINA,PALMIRA,NO APLICA,NO APLICA,NO APLICA 2021,NO APLICA,NO APLICA
699,HERIDOS,2021-04-14,2021,14:00,TARDE,MIERCOLES,URIBE,CALLE 34 CARRERA 22,URBANA,TECNICO,3.53046,-76.29336,NO APLICA,NO APLICA,NO APLICA,CHOQUE,NO APLICA 2021,MASCULINO,NO APLICA,CAMIONETA,TOYOTA,NO APLICA 2021,PARTICULAR,NO APLICA
700,HERIDOS,2021-04-14,2021,14:00,TARDE,MIERCOLES,URIBE,CALLE 34 CARRERA 22,URBANA,TECNICO,3.53046,-76.29336,MOTOCICLISTA,1,NO APLICA,CHOQUE,NO APLICA 2021,MASCULINO,PALMIRA,MOTO,HONDA,NO APLICA 2021,PARTICULAR,NO APLICA
701,HERIDOS,2021-04-14,2021,14:00,TARDE,MIERCOLES,URIBE,CALLE 34 CARRERA 22,URBANA,TECNICO,3.53046,-76.29336,ACOMPAÑANTE MOTOCICLISTA,1,NO APLICA,CHOQUE,NO APLICA 2021,FEMENINA,PALMIRA,NO APLICA,NO APLICA,NO APLICA 2021,NO APLICA,NO APLICA
702,HERIDOS,2021-04-14,2021,15:20,TARDE,MIERCOLES,LIBERTAD,CARRERA 12 CALLE 39,URBANA,TECNICO,3.53511,-76.28497,NO APLICA,NO APLICA,NO APLICA,CHOQUE,NO APLICA 2021,FEMENINA,NO APLICA,MOTO,BAJAJ,NO APLICA 2021,PARTICULAR,NO APLICA
703,HERIDOS,2021-04-14,2021,15:20,TARDE,MIERCOLES,LIBERTAD,CARRERA 12 CALLE 39,URBANA,TECNICO,3.53511,-76.28497,NO APLICA,NO APLICA,NO APLICA,CHOQUE,NO APLICA 2021,MASCULINO,NO APLICA,MOTO,KEEWAY,NO APLICA 2021,PARTICULAR,NO APLICA
704,HERIDOS,2021-04-14,2021,15:20,TARDE,MIERCOLES,LIBERTAD,CARRERA 12 CALLE 39,URBANA,TECNICO,3.53511,-76.28497,ACOMPAÑANTE MOTOCICLISTA,1,NO APLICA,CHOQUE,NO APLICA 2021,FEMENINA,PALMA,NO APLICA,NO APLICA,NO APLICA 2021,NO APLICA,NO APLICA
705,DAÑOS,2021-04-14,2021,19:35,NOCHE,MIERCOLES,CENTRO,CALLE 29 CARRERA 31,URBANA,TECNICO,3.52575,-76.30195,NO APLICA,NO APLICA,NO APLICA,CHOQUE,NO APLICA 2021,MASCULINO,NO APLICA,AUTOMOVIL,KIA,NO APLICA 2021,PARTICULAR,NO APLICA
706,DAÑOS,2021-04-14,2021,19:35,NOCHE,MIERCOLES,CENTRO,CALLE 29 CARRERA 31,URBANA,TECNICO,3.52575,-76.30195,NO APLICA,NO APLICA,NO APLICA,CHOQUE,NO APLICA 2021,MASCULINO,NO APLICA,MOTO,HONDA,NO APLICA 2021,PARTICULAR,NO APLICA
707,HERIDOS,2021-04-15,2021,09:20,MAÑANA,JUEVES,FLORES,CARRERA 1 CALLE 30,URBANA,TECNICO,3.52108,-76.27801,MOTOCICLISTA,1,NO APLICA,CHOQUE,NO APLICA 2021,MASCULINO,PALMIRA,MOTO,BAJAJ,NO APLICA 2021,PARTICULAR,NO APLICA
708,HERIDOS,2021-04-15,2021,09:20,MAÑANA,JUEVES,FLORES,CARRERA 1 CALLE 30,URBANA,TECNICO,3.52108,-76.27801,NO APLICA,NO APLICA,NO APLICA,CHOQUE,NO APLICA 2021,MASCULINO,NO APLICA,CAMIONETA,CHEVROLET,NO APLICA 2021,PARTICULAR,NO APLICA
709,HERIDOS,2021-04-15,2021,09:20,MAÑANA,JUEVES,FLORES,CARRERA 1 CALLE 30,URBANA,TECNICO,3.52108,-76.27801,ACOMPAÑANTE MOTOCICLISTA,1,NO APLICA,CHOQUE,NO APLICA 2021,MASCULINO,PALMA,NO APLICA,NO APLICA,NO APLICA 2021,NO APLICA,NO APLICA
710,HERIDOS,2021-04-15,2021,12:30,TARDE,JUEVES,URIBE,CALLE 32 CARRERA 20,URBANA,TECNICO,3.52795,-76.29193,NO APLICA,NO APLICA,NO APLICA,CHOQUE,NO APLICA 2021,FEMENINA,NO APLICA,CAMIONETA,RENAULT,NO APLICA 2021,PARTICULAR,NO APLICA
711,HERIDOS,2021-04-15,2021,12:30,TARDE,JUEVES,URIBE,CALLE 32 CARRERA 20,URBANA,TECNICO,3.52795,-76.29193,MOTOCICLISTA,1,NO APLICA,CHOQUE,NO APLICA 2021,FEMENINA,RAUL,MOTO,JIALING,NO APLICA 2021,PARTICULAR,NO APLICA
712,DAÑOS,2021-04-16,2021,06:20,MAÑANA,VIERNES,RIVERA ESCOBAR,CALLE 31 CARRERA 34,URBANA,TECNICO,3.52879,-76.30461,NO APLICA,NO APLICA,NO APLICA,CHOQUE,NO APLICA 2021,MASCULINO,NO APLICA,MOTO,SUZUKI,NO APLICA 2021,PARTICULAR,NO APLICA
713,DAÑOS,2021-04-16,2021,06:20,MAÑANA,VIERNES,RIVERA ESCOBAR,CALLE 31 CARRERA 34,URBANA,TECNICO,3.52879,-76.30461,NO APLICA,NO APLICA,NO APLICA,CHOQUE,NO APLICA 2021,MASCULINO,NO APLICA,CAMIONETA,HYUNDAI,NO APLICA 2021,PARTICULAR,NO APLICA
714,DAÑOS,2021-04-16,2021,10:00,MAÑANA,VIERNES,COLOMBIA,CALLE 33 CARRERA 33-74,URBANA,TECNICO,3.53109,-76.30331,NO APLICA,NO APLICA,NO APLICA,CHOQUE,NO APLICA 2021,MASCULINO,NO APLICA,CAMPERO,AUDI,NO APLICA 2021,PARTICULAR,NO APLICA
715,DAÑOS,2021-04-16,2021,10:00,MAÑANA,VIERNES,COLOMBIA,CALLE 33 CARRERA 33-74,URBANA,TECNICO,3.53109,-76.30331,NO APLICA,NO APLICA,NO APLICA,CHOQUE,NO APLICA 2021,MASCULINO,NO APLICA,AUTOMOVIL,HYUNDAI,NO APLICA 2021,PUBLICO,NO APLICA
716,HERIDOS,2021-04-16,2021,09:30,MAÑANA,VIERNES,URIBE,CARRERA 23 CALLE 32,URBANA,TECNICO,3.52829,-76.29449,MOTOCICLISTA,1,NO APLICA,CHOQUE,NO APLICA 2021,MASCULINO,PALMIRA,MOTO,YAMAHA,NO APLICA 2021,PARTICULAR,NO APLICA
717,HERIDOS,2021-04-16,2021,09:30,MAÑANA,VIERNES,URIBE,CARRERA 23 CALLE 32,URBANA,TECNICO,3.52829,-76.29449,NO APLICA,NO APLICA,NO APLICA,CHOQUE,NO APLICA 2021,FEMENINA,NO APLICA,AUTOMOVIL,KIA,NO APLICA 2021,PARTICULAR,NO APLICA
718,HERIDOS,2021-04-16,2021,13:00,TARDE,VIERNES,RECREO,CALLE 21 CARRERA 30,URBANA,TECNICO,3.51976,-76.30206,NO APLICA,NO APLICA,NO APLICA,CHOQUE,NO APLICA 2021,MASCULINO,NO APLICA,CAMPERO,RENAULT,NO APLICA 2021,PARTICULAR,NO APLICA
719,HERIDOS,2021-04-16,2021,13:00,TARDE,VIERNES,RECREO,CALLE 21 CARRERA 30,URBANA,TECNICO,3.51976,-76.30206,MOTOCICLISTA,1,NO APLICA,CHOQUE,NO APLICA 2021,MASCULINO,PALMIRA,MOTO,HONDA,NO APLICA 2021,PARTICULAR,NO APLICA
720,HERIDOS,2021-04-16,2021,21:05,NOCHE,VIERNES,SANTA MARIA DEL PALMAR,CARRERA 3 CALLE 43-16,URBANA,TECNICO,3.53897,-76.28056,MOTOCICLISTA,1,NO APLICA,CHOQUE,NO APLICA 2021,MASCULINO,PALMIRA,MOTO,AKT,NO APLICA 2021,PARTICULAR,NO APLICA