,GRAVEDAD,FECHA,AÑO,HORA,JORNADA,DIA_SEMANA,BARRIO-CORREGIMIENTO-VIA,DIRECCION,ZONA,AUTORIDAD,LAT,LONG,CONDICION_VICTIMA,LESIONADO,HOMICIDIOS,TIPO_ACCIDENTE,HIPOTESIS,GENERO,CLINICA,CLASE_VEHICULO,MARCA,MATRICULA,TIPO DE SERVICIO,EMPRESA
721,HERIDOS,2021-04-16,2021,21:05,NOCHE,VIERNES,SANTA MARIA DEL PALMAR,CARRERA 3 CALLE 43-16,URBANA,TECNICO,3.53897,-76.28056,MOTOCICLISTA,NO APLICA,NO APLICA,CHOQUE,NO APLICA 2021,FEMENINA,NO APLICA,CAMIONETA,NISSAN,NO APLICA 2021,PARTICULAR,NO APLICA
722,HERIDOS,2021-04-17,2021,21:30,NOCHE,SABADO,ITALIA,CALLE 6 CARRERA 30B,URBANA,TECNICO,3.50575,-76.306,NO APLICA,NO APLICA,NO APLICA,CHOQUE,NO APLICA 2021,MASCULINO,NO APLICA,CAMION,DAIHATSU,NO APLICA 2021,PARTICULAR,NO APLICA
723,HERIDOS,2021-04-17,2021,21:30,NOCHE,SABADO,ITALIA,CALLE 6 CARRERA 30B,URBANA,TECNICO,3.50575,-76.306,MOTOCICLISTA,1,NO APLICA,CHOQUE,NO APLICA 2021,MASCULINO,PALMIRA,MOTO,SUZUKI,NO APLICA 2021,PARTICULAR,NO APLICA
724,HERIDOS,2021-04-17,2021,21:30,NOCHE,SABADO,ITALIA,CALLE 6 CARRERA 30B,URBANA,TECNICO,3.50575,-76.306,ACOMPAÑANTE MOTOCICLISTA,1,NO APLICA,CHOQUE,NO APLICA 2021,MASCULINO,PALMIRA,NO APLICA,NO APLICA,NO APLICA 2021,NO APLICA,NO APLICA
725,MUERTO,2021-04-18,2021,05:45,MADRUGADA,DOMINGO,VIA PALMIRA TIENDA NUEVA,HACIENDA LA ESPERANZA GUAYABAL,RURAL,TECNICO,3.54796,-76.25941,MOTOCICLISTA,NO APLICA,1,CHOQUE OBJETO FIJO,NO APLICA 2021,MASCULINO,NO APLICA,MOTO,AKT,NO APLICA 2021,PARTICULAR,NO APLICA
726,MUERTO,2021-04-18,2021,05:45,MADRUGADA,DOMINGO,VIA PALMIRA TIENDA NUEVA,HACIENDA LA ESPERANZA GUAYABAL,RURAL,TECNICO,3.54796,-76.25941,ACOMPAÑANTE MOTOCICLISTA,1,NO APLICA,CHOQUE OBJETO FIJO,NO APLICA 2021,FEMENINA,PALMA,NO APLICA,NO APLICA,NO APLICA 2021,NO APLICA,NO APLICA
727,HERIDOS,2021-04-18,2021,06:45,MAÑANA,DOMINGO,RECREO,CALLE 22 CARRERA 29,URBANA,TECNICO,3.52034,-76.30074,MOTOCICLISTA,1,NO APLICA,CHOQUE,NO APLICA 2021,MASCULINO,PALMIRA,MOTO,HONDA,NO APLICA 2021,PARTICULAR,NO APLICA
728,HERIDOS,2021-04-18,2021,06:45,MAÑANA,DOMINGO,RECREO,CALLE 22 CARRERA 29,URBANA,TECNICO,3.52034,-76.30074,NO APLICA,NO APLICA,NO APLICA,CHOQUE,NO APLICA 2021,MASCULINO,NO APLICA,AUTOMOVIL,MERCEDES BENZ,NO APLICA 2021,PARTICULAR,NO APLICA
729,HERIDOS,2021-04-18,2021,06:45,MAÑANA,DOMINGO,RECREO,CALLE 22 CARRERA 29,URBANA,TECNICO,3.52034,-76.30074,ACOMPAÑANTE MOTOCICLISTA,1,NO APLICA,CHOQUE,NO APLICA 2021,FEMENINA,PALMIRA,NO APLICA,NO APLICA,NO APLICA 2021,NO APLICA,NO APLICA
730,HERIDOS,2021-04-19,2021,06:50,MAÑANA,LUNES,ZAMORANO,CALLE 65 CARRERA 28-02,URBANA,TECNICO,3.55226,-76.29364,MOTOCICLISTA,1,NO APLICA,CHOQUE,NO APLICA 2021,MASCULINO,PALMA,MOTO,AKT,NO APLICA 2021,PARTICULAR,NO APLICA
731,HERIDOS,2021-04-19,2021,06:50,MAÑANA,LUNES,ZAMORANO,CALLE 65 CARRERA 28-02,URBANA,TECNICO,3.55226,-76.29364,NO APLICA,NO APLICA,NO APLICA,CHOQUE,NO APLICA 2021,MASCULINO,NO APLICA,AUTOMOVIL,MAZDA,NO APLICA 2021,PARTICULAR,NO APLICA
732,DAÑOS,2021-04-20,2021,16:00,TARDE,MARTES,HAROLD EDER,CALLE 51 CARRERA 36,URBANA,TECNICO,3.54459,-76.3083,NO APLICA,NO APLICA,NO APLICA,CHOQUE,NO APLICA 2021,FEMENINA,NO APLICA,MOTO,VICTORY,NO APLICA 2021,PARTICULAR,NO APLICA
733,DAÑOS,2021-04-20,2021,16:00,TARDE,MARTES,HAROLD EDER,CALLE 51 CARRERA 36,URBANA,TECNICO,3.54459,-76.3083,NO APLICA,NO APLICA,NO APLICA,CHOQUE,NO APLICA 2021,MASCULINO,NO APLICA,CAMIONETA,CHEVROLET,NO APLICA 2021,PARTICULAR,NO APLICA
734,HERIDOS,2021-04-20,2021,17:00,TARDE,MARTES,SANTA BARBARA,CALLE 31 CARRERA 38A,URBANA,TECNICO,3.5294,-76.30852,MOTOCICLISTA,1,NO APLICA,CHOQUE,NO APLICA 2021,MASCULINO,SANTA BARBARA,MOTO,YAMAHA,NO APLICA 2021,PARTICULAR,NO APLICA
735,HERIDOS,2021-04-20,2021,17:00,TARDE,MARTES,SANTA BARBARA,CALLE 31 CARRERA 38A,URBANA,TECNICO,3.5294,-76.30852,NO APLICA,NO APLICA,NO APLICA,CHOQUE,NO APLICA 2021,MASCULINO,NO APLICA,AUTOMOVIL,VOLKSWAGEN,NO APLICA 2021,PARTICULAR,NO APLICA
736,HERIDOS,2021-04-20,2021,17:00,TARDE,MARTES,SANTA BARBARA,CALLE 31 CARRERA 38A,URBANA,TECNICO,3.5294,-76.30852,ACOMPAÑANTE MOTOCICLISTA,1,NO APLICA,CHOQUE,NO APLICA 2021,FEMENINA,SANTA BARBARA,NO APLICA,NO APLICA,NO APLICA 2021,NO APLICA,NO APLICA
737,DAÑOS,2021-04-20,2021,19:00,NOCHE,MARTES,ESTONIA,CALLE 46 CARRERA 32,URBANA,TECNICO,3.54153,-76.30072,NO APLICA,NO APLICA,NO APLICA,CHOQUE OBJETO FIJO,NO APLICA 2021,MASCULINO,NO APLICA,CAMION,JMC,NO APLICA 2021,PARTICULAR,NO APLICA
738,DAÑOS,2021-04-20,2021,21:00,NOCHE,MARTES,CENTRO,CARRERA 32 CALLE 28,URBANA,TECNICO,3.52585,-76.30271,NO APLICA,NO APLICA,NO APLICA,CHOQUE,NO APLICA 2021,MASCULINO,NO APLICA,AUTOMOVIL,MAZDA,NO APLICA 2021,PARTICULAR,NO APLICA
739,DAÑOS,2021-04-20,2021,21:00,NOCHE,MARTES,CENTRO,CARRERA 32 CALLE 28,URBANA,TECNICO,3.52585,-76.30271,NO APLICA,NO APLICA,NO APLICA,CHOQUE,NO APLICA 2021,FEMENINA,NO APLICA,AUTOMOVIL,RENAULT,NO APLICA 2021,PARTICULAR,NO APLICA
740,HERIDOS,2021-04-21,2021,18:00,NOCHE,MIERCOLES,MERCEDES,CARRERA 28 CALLE 53,URBANA,TECNICO,3.54616,-76.29611,NO APLICA,NO APLICA,NO APLICA,CHOQUE,NO APLICA 2021,MASCULINO,NO APLICA,BUSETA,NISSAN,NO APLICA 2021,PUBLICO,NO APLICA
741,HERIDOS,2021-04-21,2021,18:00,NOCHE,MIERCOLES,MERCEDES,CARRERA 28 CALLE 53,URBANA,TECNICO,3.54616,-76.29611,MOTOCICLISTA,1,NO APLICA,CHOQUE,NO APLICA 2021,FEMENINA,PALMA,MOTO,VICTORY,NO APLICA 2021,PARTICULAR,NO APLICA
742,DAÑOS,2021-04-22,2021,07:30,MAÑANA,JUEVES,LA EMILIA,CARRERA 38 CALLE 35-09,URBANA,TECNICO,3.53282,-76.30805,NO APLICA,NO APLICA,NO APLICA,CHOQUE,NO APLICA 2021,MASCULINO,NO APLICA,AUTOMOVIL,CHEVROLET,NO APLICA 2021,PARTICULAR,NO APLICA
743,DAÑOS,2021-04-22,2021,07:30,MAÑANA,JUEVES,LA EMILIA,CARRERA 38 CALLE 35-09,URBANA,TECNICO,3.53282,-76.30805,NO APLICA,NO APLICA,NO APLICA,CHOQUE,NO APLICA 2021,FEMENINA,NO APLICA,AUTOMOVIL,MAZDA,NO APLICA 2021,PARTICULAR,NO APLICA
744,HERIDOS,2021-04-22,2021,18:00,NOCHE,JUEVES,SANTA BARBARA,CALLE 31 CARRERAS 43-44,URBANA,TECNICO,3.53001,-76.31411,NO APLICA,NO APLICA,NO APLICA,CHOQUE,NO APLICA 2021,MASCULINO,NO APLICA,CAMPERO,FORD,NO APLICA 2021,PARTICULAR,NO APLICA
745,HERIDOS,2021-04-22,2021,18:00,NOCHE,JUEVES,SANTA BARBARA,CALLE 31 CARRERAS 43-44,URBANA,TECNICO,3.53001,-76.31411,MOTOCICLISTA,1,NO APLICA,CHOQUE,NO APLICA 2021,FEMENINA,PALMA,MOTO,YAMAHA,NO APLICA 2021,PARTICULAR,NO APLICA
746,HERIDOS,2021-04-22,2021,16:40,TARDE,JUEVES,URIBE,CALLE 34 CARRERA22,URBANA,TECNICO,3.52733,-76.29376,NO APLICA,NO APLICA,NO APLICA,CHOQUE,NO APLICA 2021,MASCULINO,NO APLICA,AUTOMOVIL,RENAULT,NO APLICA 2021,PARTICULAR,NO APLICA
747,HERIDOS,2021-04-22,2021,16:40,TARDE,JUEVES,URIBE,CALLE 34 CARRERA22,URBANA,TECNICO,3.52733,-76.29376,MOTOCICLISTA,1,NO APLICA,CHOQUE,NO APLICA 2021,MASCULINO,PALMA,MOTO,BAJAJ,NO APLICA 2021,PARTICULAR,NO APLICA
748,DAÑOS,2021-04-23,2021,13:00,TARDE,VIERNES,MERCEDES,CARRERA 28 CALLE 54-31,URBANA,TECNICO,3.54691,-76.29559,NO APLICA,NO APLICA,NO APLICA,CHOQUE,NO APLICA 2021,MASCULINO,NO APLICA,CAMIONETA,NISSAN,NO APLICA 2021,PARTICULAR,NO APLICA
749,DAÑOS,2021-04-23,2021,13:00,TARDE,VIERNES,MERCEDES,CARRERA 28 CALLE 54-31,URBANA,TECNICO,3.54691,-76.29559,NO APLICA,NO APLICA,NO APLICA,CHOQUE,NO APLICA 2021,MASCULINO,NO APLICA,CAMIONETA,MAZDA,NO APLICA 2021,PARTICULAR,NO APLICA
750,HERIDOS,2021-04-25,2021,17:00,TARDE,DOMINGO,SANTA MARIA DEL PALMAR,CALLE 42 TRASVERSAL 2,URBANA,TECNICO,3.53686,-76.27885,MOTOCICLISTA,1,NO APLICA,CHOQUE,NO APLICA 2021,MASCULINO,PALMA,MOTO,SUZUKI,NO APLICA 2021,PARTICULAR,NO APLICA
751,HERIDOS,2021-04-25,2021,17:00,TARDE,DOMINGO,SANTA MARIA DEL PALMAR,CALLE 42 TRASVERSAL 2,URBANA,TECNICO,3.53686,-76.27885,NO APLICA,NO APLICA,NO APLICA,CHOQUE,NO APLICA 2021,MASCULINO,NO APLICA,BUS,CHEVROLET,NO APLICA 2021,PUBLICO,BRASILIA
752,HERIDOS,2021-04-26,2021,10:30,MAÑANA,LUNES,LIBERTAD,CALLE 38 CARRERA 12,URBANA,TECNICO,3.53417,-76.285,NO APLICA,NO APLICA,NO APLICA,CHOQUE,NO APLICA 2021,FEMENINA,NO APLICA,AUTOMOVIL,CHEVROLET,NO APLICA 2021,PARTICULAR,NO APLICA
753,HERIDOS,2021-04-26,2021,10:30,MAÑANA,LUNES,LIBERTAD,CALLE 38 CARRERA 12,URBANA,TECNICO,3.53417,-76.285,CICLISTA,1,NO APLICA,CHOQUE,NO APLICA 2021,FEMENINA,PALMIRA,BICICLETA,NO APLICA,NO APLICA 2021,PARTICULAR,NO APLICA
754,DAÑOS,2021-04-26,2021,08:00,MAÑANA,LUNES,SANTA RITA,CALLE 38 CARRERA 25,URBANA,TECNICO,3.53441,-76.295,NO APLICA,NO APLICA,NO APLICA,CHOQUE,NO APLICA 2021,MASCULINO,NO APLICA,AUTOMOVIL,FORD,NO APLICA 2021,PARTICULAR,NO APLICA
755,DAÑOS,2021-04-26,2021,08:00,MAÑANA,LUNES,SANTA RITA,CALLE 38 CARRERA 25,URBANA,TECNICO,3.53441,-76.29502,NO APLICA,NO APLICA,NO APLICA,CHOQUE,NO APLICA 2021,MASCULINO,NO APLICA,MOTO,HONDA,NO APLICA 2021,PARTICULAR,NO APLICA
756,DAÑOS,2021-04-27,2021,16:00,TARDE,MARTES,OBRERO,CALLE 33  CARRERA 24,URBANA,TECNICO,3.52985,-76.29517,NO APLICA,NO APLICA,NO APLICA,CHOQUE,NO APLICA 2021,FEMENINA,NO APLICA,AUTOMOVIL,CHERY,NO APLICA 2021,PARTICULAR,NO APLICA
757,DAÑOS,2021-04-27,2021,16:00,TARDE,MARTES,OBRERO,CALLE 33  CARRERA 24,URBANA,TECNICO,3.52985,-76.29517,NO APLICA,NO APLICA,NO APLICA,CHOQUE,NO APLICA 2021,MASCULINO,NO APLICA,MOTO,BAJAJ,NO APLICA 2021,PARTICULAR,NO APLICA
758,DAÑOS,2021-04-27,2021,19:30,NOCHE,MARTES,COLOMBIA,CALLE 33 CARRERA 33,URBANA,TECNICO,3.53104,-76.303,NO APLICA,NO APLICA,NO APLICA,CHOQUE,NO APLICA 2021,MASCULINO,NO APLICA,AUTOMOVIL,HYUNDAI,NO APLICA 2021,PUBLICO,NO APLICA
759,DAÑOS,2021-04-27,2021,19:30,NOCHE,MARTES,COLOMBIA,CALLE 33 CARRERA 33,URBANA,TECNICO,3.53104,-76.303,NO APLICA,NO APLICA,NO APLICA,CHOQUE,NO APLICA 2021,FEMENINA,NO APLICA,CAMIONETA,CHEVROLET,NO APLICA 2021,PARTICULAR,NO APLICA
760,MUERTO,2021-05-03,2021,07:50,MAÑANA,LUNES,URIBE,CARRERA 22 CALLE 35,URBANA,TECNICO,3.53131,-76.29327,MOTOCICLISTA,NO APLICA,NO APLICA,CHOQUE,NO APLICA 2021,FEMENINA,NO APLICA,MOTO,HONDA,NO APLICA 2021,PARTICULAR,NO APLICA
761,MUERTO,2021-05-03,2021,07:50,MAÑANA,LUNES,URIBE,CARRERA 22 CALLE 35,URBANA,TECNICO,3.53131,-76.29327,ACOMPAÑANTE MOTOCICLISTA,NO APLICA,1,CHOQUE,NO APLICA 2021,MASCULINO,NO APLICA,MOTO,HONDA,NO APLICA 2021,PARTICULAR,NO APLICA
763,DAÑOS,2021-05-11,2021,14:30,TARDE,MARTES,POPULAR MODELO,CARRERA 1 CALLE 32C - 26,URBANA,TECNICO,3.52806,-76.27739,NO APLICA,NO APLICA,NO APLICA,CHOQUE,NO APLICA 2021,MASCULINO,NO APLICA,AUTOMOVIL,HYUNDAI,NO APLICA 2021,PARTICULAR,NO APLICA
764,MUERTO,2021-05-03,2021,07:50,MAÑANA,LUNES,URIBE,CARRERA 22 CALLE 35,URBANA,TECNICO,3.53131,-76.29327,ACOMPAÑANTE MOTOCICLISTA,1,NO APLICA,CHOQUE,NO APLICA 2021,FEMENINA,NO APLICA,NO APLICA,NO APLICA,NO APLICA 2021,NO APLICA,NO APLICA
765,HERIDOS,2021-05-13,2021,10:40,MAÑANA,JUEVES,BIZERTA,CARRERA 22 CALLE 37A - 31,URBANA,TECNICO,3.53372,-76.29287,NO APLICA,NO APLICA,NO APLICA,CHOQUE,NO APLICA 2021,MASCULINO,NO APLICA,AUTOMOVIL,CHEVROLET,NO APLICA 2021,PARTICULAR,NO APLICA
766,HERIDOS,2021-05-13,2021,10:40,MAÑANA,JUEVES,BIZERTA,CARRERA 22 CALLE 37A - 31,URBANA,TECNICO,3.53372,-76.29287,CICLISTA,NO APLICA,NO APLICA,CHOQUE,NO APLICA 2021,MASCULINO,NO APLICA,BICICLETA,MONARK,NO APLICA 2021,PARTICULAR,NO APLICA
769,HERIDOS,2021-05-13,2021,15:00,TARDE,JUEVES,ITALIA,CALLE 6A CARRERA 24,URBANA,TECNICO,3.50538,-76.29598,NO APLICA,NO APLICA,NO APLICA,CHOQUE,NO APLICA 2021,MASCULINO,NO APLICA,MOTO,HERO,NO APLICA 2021,PARTICULAR,NO APLICA
770,HERIDOS,2021-05-13,2021,15:00,TARDE,JUEVES,ITALIA,CALLE 6A CARRERA 24,URBANA,TECNICO,3.50538,-76.29598,ACOMPAÑANTE MOTOCICLISTA,NO APLICA,NO APLICA,CHOQUE,NO APLICA 2021,MASCULINO,NO APLICA,MOTO,HERO,NO APLICA 2021,PARTICULAR,NO APLICA
771,HERIDOS,2021-05-13,2021,16:30,TARDE,JUEVES,TREBOL,CARRERA 21 CALLE 26,URBANA,TECNICO,3.52257,-76.29343,NO APLICA,1,NO APLICA,CHOQUE,NO APLICA 2021,FEMENINA,FRACTURAS,MOTOCICLO,NISSAN,NO APLICA 2021,PARTICULAR,NO APLICA
772,HERIDOS,2021-05-13,2021,16:30,TARDE,JUEVES,TREBOL,CARRERA 21 CALLE 26,URBANA,TECNICO,3.52257,-76.29343,MOTOCICLISTA,NO APLICA,NO APLICA,CHOQUE,NO APLICA 2021,FEMENINA,NO APLICA,MOTO,AYCO,NO APLICA 2021,PARTICULAR,NO APLICA
773,DAÑOS,2021-05-14,2021,16:30,TARDE,VIERNES,COLOMBINA,CALLE 29 CARRERA 14 - 30,URBANA,TECNICO,3.52455,-76.28758,NO APLICA,1,NO APLICA,CHOQUE,NO APLICA 2021,MASCULINO,PALMIRA,VOLQUETA,INTERNATIONAL,NO APLICA 2021,PARTICULAR,NO APLICA
774,DAÑOS,2021-05-14,2021,16:30,TARDE,VIERNES,COLOMBINA,CALLE 29 CARRERA 14 - 30,URBANA,TECNICO,3.52455,-76.28758,NO APLICA,NO APLICA,NO APLICA,CHOQUE,NO APLICA 2021,MASCULINO,NO APLICA,AUTOMOVIL,MAZDA,NO APLICA 2021,PARTICULAR,NO APLICA
775,HERIDOS,2021-05-14,2021,18:30,TARDE,VIERNES,PRIMERO DE MAYO,CALLE 42 CARRRA 14,URBANA,TECNICO,3.53697,-76.28654,ACOMPAÑANTE BICICLETA,NO APLICA,NO APLICA,CHOQUE,NO APLICA 2021,FEMENINA,NO APLICA,BICICLETA,PLAYERA,NO APLICA 2021,PARTICULAR,NO APLICA
776,HERIDOS,2021-05-14,2021,18:30,TARDE,VIERNES,PRIMERO DE MAYO,CALLE 42 CARRRA 14,URBANA,TECNICO,3.53697,-76.28654,MOTOCICLISTA,1,NO APLICA,CHOQUE,NO APLICA 2021,MASCULINO,RAUL,MOTO,YAMAHA,NO APLICA 2021,PARTICULAR,NO APLICA
777,DAÑOS,2021-05-15,2021,10:30,MAÑANA,SABADO,TRINIDAD,CALLE 28 CARRERA 24,URBANA,TECNICO,3.52481,-76.29578,NO APLICA,1,NO APLICA,CHOQUE,NO APLICA 2021,MASCULINO,NO APLICA,CAMIONETA,MITSUBISHI,NO APLICA 2021,CALI,NO APLICA
778,DAÑOS,2021-05-15,2021,10:30,MAÑANA,SABADO,TRINIDAD,CALLE 28 CARRERA 24,URBANA,TECNICO,3.52481,-76.29578,NO APLICA,NO APLICA,NO APLICA,CHOQUE,NO APLICA 2021,MASCULINO,NO APLICA,AUTOMOVIL,CHEVROLET,NO APLICA 2021,PARTICULAR,NO APLICA
779,DAÑOS,2021-05-16,2021,14:00,TARDE,DOMINGO,CENTRO,CALLE 28 CARRERA 28,URBANA,TECNICO,3.5239,-76.2867,NO APLICA,NO APLICA,NO APLICA,CHOQUE,NO APLICA 2021,MASCULINO,NO APLICA,AUTOMOVIL,HYUNDAI,NO APLICA 2021,PUBLICO,TRANS UNION DE TAXIS
780,DAÑOS,2021-05-16,2021,14:00,TARDE,DOMINGO,CENTRO,CALLE 28 CARRERA 28,URBANA,TECNICO,3.5239,-76.2867,NO APLICA,NO APLICA,NO APLICA,CHOQUE,NO APLICA 2021,MASCULINO,NO APLICA,MOTO,YAMAHA,NO APLICA 2021,PARTICULAR,NO APLICA
781,DAÑOS,2021-05-17,2021,02:10,MADRUGADA,LUNES,PRIMERO DE MAYO,CALLE 42 CARRERA 13,URBANA,TECNICO,3.53694,-76.28573,NO APLICA,NO APLICA,NO APLICA,CHOQUE,NO APLICA 2021,MASCULINO,NO APLICA,AUTOMOVIL,CHEVROLET,NO APLICA 2021,PARTICULAR,NO APLICA
782,DAÑOS,2021-05-17,2021,02:10,MADRUGADA,LUNES,CENTRO,CALLE 29 CARRERA 28,URBANA,TECNICO,3.52606,-76.29907,NO APLICA,NO APLICA,NO APLICA,CHOQUE,NO APLICA 2021,MASCULINO,NO APLICA,MOTO,HERO,NO APLICA 2021,PARTICULAR,NO APLICA
783,DAÑOS,2021-05-17,2021,19:20,NOCHE,LUNES,SEMBRADOR,CALLE 23 CARRERA 23,URBANA,TECNICO,3.52071,-76.29498,NO APLICA,NO APLICA,NO APLICA,CHOQUE,NO APLICA 2021,MASCULINO,NO APLICA,AUTOMOVIL,KIA,NO APLICA 2021,PARTICULAR,NO APLICA
785,DAÑOS,2021-05-18,2021,12:40,TARDE,MARTES,TRINIDAD,CALLE 22 CARRERA 30,URBANA,TECNICO,3.52048,-76.30188,NO APLICA,NO APLICA,NO APLICA,CHOQUE,NO APLICA 2021,MASCULINO,NO APLICA,AUTOMOVIL,HYUNDAI,NO APLICA 2021,PUBLICO,UNITAX
786,DAÑOS,2021-05-18,2021,12:40,TARDE,MARTES,TRINIDAD,CALLE 22 CARRERA 30,URBANA,TECNICO,3.52048,-76.30188,NO APLICA,NO APLICA,NO APLICA,CHOQUE,NO APLICA 2021,MASCULINO,NO APLICA,AUTOMOVIL,RENAULT,NO APLICA 2021,PARTICULAR,NO APLICA
787,DAÑOS,2021-05-19,2021,12:10,TARDE,MIERCOLES,COLOMBINA,CARRERA 18 CALLE 30-23,URBANA,TECNICO,3.52706,-76.29891,NO APLICA,NO APLICA,NO APLICA,CHOQUE,NO APLICA 2021,FEMENINA,NO APLICA,AUTOMOVIL,KIA,NO APLICA 2021,PARTICULAR,NO APLICA
788,DAÑOS,2021-05-19,2021,12:10,TARDE,MIERCOLES,COLOMBINA,CARRERA 18 CALLE 30-23,URBANA,TECNICO,3.52706,-76.29891,NO APLICA,NO APLICA,NO APLICA,CHOQUE,NO APLICA 2021,FEMENINA,NO APLICA,TRACCION ANIMAL,NO APLICA,NO APLICA 2021,NO APLICA,NO APLICA
789,DAÑOS,2021-05-20,2021,09:00,MAÑANA,JUEVES,CENTRO,CARRERA 32 CALLE 29,URBANA,TECNICO,3.52659,-76.30259,NO APLICA,NO APLICA,NO APLICA,CHOQUE,NO APLICA 2021,MASCULINO,NO APLICA,AUTOMOVIL,KIA,NO APLICA 2021,PARTICULAR,NO APLICA
790,DAÑOS,2021-05-20,2021,09:00,MAÑANA,JUEVES,CENTRO,CARRERA 32 CALLE 29,URBANA,TECNICO,3.52659,-76.30259,NO APLICA,NO APLICA,NO APLICA,CHOQUE,NO APLICA 2021,FEMENINA,NO APLICA,MOTO,BAJAJ,NO APLICA 2021,PARTICULAR,NO APLICA
791,DAÑOS,2021-05-20,2021,14:30,TARDE,JUEVES,JORGE ELICER GAITAN,CALLE 42 CARRERA 35,URBANA,TECNICO,3.53873,-76.30606,NO APLICA,NO APLICA,NO APLICA,CHOQUE,NO APLICA 2021,MASCULINO,NO APLICA,AUTOMOVIL,RENAULT,NO APLICA 2021,PARTICULAR,NO APLICA
792,DAÑOS,2021-05-20,2021,14:30,TARDE,JUEVES,JORGE ELICER GAITAN,CALLE 42 CARRERA 35,URBANA,TECNICO,3.53873,-76.30606,NO APLICA,NO APLICA,NO APLICA,CHOQUE,NO APLICA 2021,MASCULINO,NO APLICA,MOTO,VICTORY,NO APLICA 2021,PARTICULAR,NO APLICA
793,HERIDOS,2021-05-20,2021,16:00,TARDE,JUEVES,SAN PEDRO,CALLE 35 CARRERA 17,URBANA,TECNICO,3.53117,-76.28878,NO APLICA,NO APLICA,NO APLICA,CHOQUE,NO APLICA 2021,MASCULINO,NO APLICA,MOTO,YAMAHA,NO APLICA 2021,PARTICULAR,NO APLICA
794,HERIDOS,2021-05-20,2021,16:00,TARDE,JUEVES,SAN PEDRO,CALLE 35 CARRERA 17,URBANA,TECNICO,3.53117,-76.28878,NO APLICA,NO APLICA,NO APLICA,CHOQUE,NO APLICA 2021,FEMENINA,NO APLICA,MOTO,SUZUKI,NO APLICA 2021,PARTICULAR,NO APLICA
795,HERIDOS,2021-05-20,2021,16:00,TARDE,JUEVES,SAN PEDRO,CALLE 35 CARRERA 17,URBANA,TECNICO,3.53117,-76.28878,ACOMPAÑANTE MOTOCICLISTA,NO APLICA,NO APLICA,CHOQUE,NO APLICA 2021,MASCULINO,NO APLICA,MOTO,YAMAHA,NO APLICA 2021,PARTICULAR,NO APLICA
796,HERIDOS,2021-05-20,2021,18:45,TARDE,JUEVES,ITALIA,CALLE 6 CARRERA 30,URBANA,TECNICO,3.50598,-76.30798,MOTOCICLISTA,1,NO APLICA,CHOQUE,NO APLICA 2021,FEMENINA,PALMIRA,MOTO,HONDA,NO APLICA 2021,PARTICULAR,NO APLICA
797,HERIDOS,2021-05-20,2021,18:45,TARDE,JUEVES,ITALIA,CALLE 6 CARRERA 30,URBANA,TECNICO,3.50598,-76.30798,NO APLICA,1,NO APLICA,CHOQUE,NO APLICA 2021,MASCULINO,PALMIRA,AUTOMOVIL,KIA,NO APLICA 2021,PARTICULAR,NO APLICA
798,HERIDOS,2021-05-19,2021,22:40,NOCHE,MIERCOLES,SAUSES,CARRERA 1 CALLE 35,URBANA,TECNICO,3.53128,-76.27729,CICLISTA,NO APLICA,NO APLICA,CHOQUE,NO APLICA 2021,MASCULINO,NO APLICA,BICICLETA,KTM,NO APLICA 2021,PARTICULAR,NO APLICA
799,HERIDOS,2021-05-19,2021,22:40,NOCHE,MIERCOLES,SAUSES,CARRERA 1 CALLE 35,URBANA,TECNICO,3.53128,-76.27729,NO APLICA,1,NO APLICA,CHOQUE,NO APLICA 2021,MASCULINO,PALMA,AUTOMOVIL,MAZDA,NO APLICA 2021,PARTICULAR,NO APLICA
800,DAÑOS,2021-05-22,2021,14:00,TARDE,SABADO,LA EMILIA,CARRERA 35 CALLE 42,URBANA,TECNICO,3.53873,-76.30642,NO APLICA,NO APLICA,NO APLICA,CHOQUE,NO APLICA 2021,MASCULINO,NO APLICA,AUTOMOVIL,CHEVROLET,NO APLICA 2021,PARTICULAR,NO APLICA
801,DAÑOS,2021-05-22,2021,14:00,TARDE,SABADO,LA EMILIA,CARRERA 35 CALLE 42,URBANA,TECNICO,3.53873,-76.30642,NO APLICA,NO APLICA,NO APLICA,CHOQUE,NO APLICA 2021,MASCULINO,NO APLICA,CAMIONETA,CHEVROLET,NO APLICA 2021,PARTICULAR,NO APLICA
803,HERIDOS,2021-05-23,2021,19:30,NOCHE,DOMINGO,ZAMORANO,CALLE 65 CARRERA 28-02,URBANA,TECNICO,3.55226,-76.29364,NO APLICA,1,NO APLICA,OTRO,NO APLICA 2021,MASCULINO,PALMA,AUTOMOVIL,RENAULT,NO APLICA 2021,PARTICULAR,NO APLICA
804,HERIDOS,2021-05-23,2021,19:30,NOCHE,DOMINGO,ZAMORANO,CALLE 65 CARRERA 28-02,URBANA,TECNICO,3.55226,-76.29364,MOTOCICLISTA,NO APLICA,NO APLICA,CHOQUE,NO APLICA 2021,MASCULINO,NO APLICA,MOTO,HONDA,NO APLICA 2021,PARTICULAR,NO APLICA