,GRAVEDAD,FECHA,AÑO,HORA,JORNADA,DIA_SEMANA,BARRIO-CORREGIMIENTO-VIA,DIRECCION,ZONA,AUTORIDAD,LAT,LONG,CONDICION_VICTIMA,LESIONADO,HOMICIDIOS,TIPO_ACCIDENTE,HIPOTESIS,GENERO,CLINICA,CLASE_VEHICULO,MARCA,MATRICULA,TIPO DE SERVICIO,EMPRESA
805,MUERTO,2021-05-23,2021,00:05,MADRUGADA,DOMINGO,VIA PALMIRA TABLONES,KM 13 +,RURAL,TECNICO,3.59137,-76.20717,ACOMPAÑANTE MOTOCICLISTA,1,NO APLICA,VOLCAMIENTO,NO APLICA 2021,MASCULINO,NO APLICA,NO APLICA,NO APLICA,NO APLICA 2021,NO APLICA,NO APLICA
806,MUERTO,2021-05-23,2021,00:05,MADRUGADA,DOMINGO,VIA PALMIRA TABLONES,KM 13 +,RURAL,TECNICO,3.59137,-76.20717,MOTOCICLISTA,NO APLICA,1,VOLCAMIENTO,NO APLICA 2021,MASCULINO,NO APLICA,MOTO,YAMAHA,NO APLICA 2021,PARTICULAR,NO APLICA
807,HERIDOS,2021-05-24,2021,09:30,MAÑANA,DOMINGO,GUAYACANES DEL INGENIO,CALLE 23 CARRERA 19,URBANA,TECNICO,3.52065,-76.29087,MOTOCICLISTA,1,NO APLICA,CHOQUE,NO APLICA 2021,MASCULINO,NO APLICA,MOTO,BAJAJ,NO APLICA 2021,PARTICULAR,NO APLICA
808,HERIDOS,2021-05-24,2021,09:30,MAÑANA,DOMINGO,GUAYACANES DEL INGENIO,CALLE 23 CARRERA 19,URBANA,TECNICO,3.52065,-76.29087,MOTOCICLISTA,NO APLICA,NO APLICA,CHOQUE,NO APLICA 2021,MASCULINO,NO APLICA,MOTO,SUZUKI,NO APLICA 2021,PARTICULAR,NO APLICA
809,DAÑOS,2021-05-24,2021,08:30,MAÑANA,DOMINGO,INDUSTRIAL,CALLE 42 CARRERA 34C,URBANA,TECNICO,3.53878,-76.30469,NO APLICA,NO APLICA,NO APLICA,CHOQUE,NO APLICA 2021,MASCULINO,NO APLICA,CAMPERO,SUZUKI,NO APLICA 2021,PARTICULAR,NO APLICA
810,DAÑOS,2021-05-24,2021,08:30,MAÑANA,DOMINGO,INDUSTRIAL,CALLE 42 CARRERA 34C,URBANA,TECNICO,3.53878,-76.30469,NO APLICA,1,NO APLICA,CHOQUE,NO APLICA 2021,MASCULINO,PALMA,CAMIONETA,NISSAN,NO APLICA 2021,PARTICULAR,NO APLICA
811,DAÑOS,2021-05-25,2021,08:00,MAÑANA,LUNES,CORREGIMIENTO LA ZAPATA,LA ZAPATA BUITRERA,URBANA,TECNICO,3.52208,-76.21386,NO APLICA,1,NO APLICA,CHOQUE,NO APLICA 2021,MASCULINO,PALMA,MOTO,BAJAJ,NO APLICA 2021,PARTICULAR,NO APLICA
812,DAÑOS,2021-05-25,2021,08:00,MAÑANA,LUNES,CORREGIMIENTO LA ZAPATA,LA ZAPATA BUITRERA,URBANA,TECNICO,3.52208,-76.21386,NO APLICA,NO APLICA,NO APLICA,CHOQUE,NO APLICA 2021,MASCULINO,NO APLICA,CAMIONETA,CHEVROLET,NO APLICA 2021,PARTICULAR,NO APLICA
813,HERIDOS,2021-05-26,2021,13:30,TARDE,MARTES,ORLIDIA,CALLE 44 CARRERA 6EA-64,URBANA,TECNICO,3.54148,-76.27573,MOTOCICLISTA,NO APLICA,NO APLICA,CHOQUE,NO APLICA 2021,MASCULINO,NO APLICA,MOTO,HONDA,NO APLICA 2021,PARTICULAR,NO APLICA
814,HERIDOS,2021-05-26,2021,13:30,TARDE,MARTES,ORLIDIA,CALLE 44 CARRERA 6EA-64,URBANA,TECNICO,3.54148,-76.27573,ACOMPAÑANTE MOTOCICLISTA,1,NO APLICA,CHOQUE,NO APLICA 2021,MASCULINO,PALMIRA,MOTO,YAMAHA,NO APLICA 2021,PARTICULAR,NO APLICA
815,DAÑOS,2021-05-27,2021,10:55,MAÑANA,MIERCOLES,AEROPUERTO PALMIRA,AEROPUERTO ZONA CARGA,RURAL,TECNICO,3.55202,-76.38663,NO APLICA,NO APLICA,NO APLICA,CHOQUE,NO APLICA 2021,MASCULINO,NO APLICA,TRACTO CAMION,KENWORTH,NO APLICA 2021,PUBLICO,NO APLICA
816,DAÑOS,2021-05-27,2021,10:55,MAÑANA,MIERCOLES,AEROPUERTO PALMIRA,AEROPUERTO ZONA CARGA,RURAL,TECNICO,3.55202,-76.38663,NO APLICA,NO APLICA,NO APLICA,CHOQUE,NO APLICA 2021,FEMENINA,NO APLICA,CAMION,JAC,NO APLICA 2021,PUBLICO,NO APLICA
817,HERIDOS,2021-05-27,2021,12:50,TARDE,MIERCOLES,OBRERO,CALLE 32 CARRERA 26,URBANA,TECNICO,3.52846,-76.29695,MOTOCICLISTA,NO APLICA,NO APLICA,CHOQUE,NO APLICA 2021,MASCULINO,NO APLICA,MOTO,HONDA,NO APLICA 2021,PARTICULAR,NO APLICA
818,HERIDOS,2021-05-27,2021,12:50,TARDE,MIERCOLES,OBRERO,CALLE 32 CARRERA 26,URBANA,TECNICO,3.52846,-76.29695,NO APLICA,NO APLICA,NO APLICA,CHOQUE,NO APLICA 2021,MASCULINO,NO APLICA,MOTO,HONDA,NO APLICA 2021,PARTICULAR,NO APLICA
819,DAÑOS,2021-05-27,2021,19:20,NOCHE,MIERCOLES,TRINIDAD,CARRERA 23 CALLE 32,URBANA,TECNICO,3.52829,-76.29449,NO APLICA,1,NO APLICA,CHOQUE,NO APLICA 2021,MASCULINO,PALMA,AUTOMOVIL,CHEVROLET,NO APLICA 2021,PARTICULAR,NO APLICA
820,DAÑOS,2021-05-27,2021,19:20,NOCHE,MIERCOLES,TRINIDAD,CARRERA 23 CALLE 32,URBANA,TECNICO,3.52829,-76.29449,NO APLICA,NO APLICA,NO APLICA,CHOQUE,NO APLICA 2021,MASCULINO,NO APLICA,AUTOMOVIL,RENAULT,NO APLICA 2021,PARTICULAR,NO APLICA
821,HERIDOS,2021-05-29,2021,11:45,MAÑANA,VIERNES,FRAY LUIS AMIGO,CALLE 42 CARRERA 43-98,URBANA,TECNICO,3.53874,-76.31372,NO APLICA,NO APLICA,NO APLICA,CHOQUE,NO APLICA 2021,MASCULINO,NO APLICA,AUTOMOVIL,TOYOTA,NO APLICA 2021,PARTICULAR,NO APLICA
822,MUERTO,2021-05-29,2021,11:40,MAÑANA,SABADO,RESERVAS ZAMORANO,CALLE 60A  CARRERA 34A,URBANA,TECNICO,3.55131,-76.30342,MOTOCICLISTA,NO APLICA,1,VOLCAMIENTO,NO APLICA 2021,MASCULINO,NO APLICA,MOTO,BAJAJ,NO APLICA 2021,PARTICULAR,NO APLICA
823,HERIDOS,2021-05-29,2021,11:45,MAÑANA,VIERNES,FRAY LUIS AMIGO,CALLE 42 CARRERA 43-98,URBANA,TECNICO,3.53874,-76.31372,MOTOCICLISTA,1,NO APLICA,CHOQUE,NO APLICA 2021,MASCULINO,SAN RAFAEL EL CERRITO,MOTO,JIALING,NO APLICA 2021,PARTICULAR,NO APLICA
824,DAÑOS,2021-05-29,2021,19:30,NOCHE,VIERNES,COLOMBIA,CARRERA 30 CALLE 34,URBANA,TECNICO,3.5314,-76.29995,NO APLICA,1,NO APLICA,CHOQUE,NO APLICA 2021,MASCULINO,SAN RAFAEL EL CERRITO,AUTOMOVIL,MAZDA,NO APLICA 2021,PARTICULAR,NO APLICA
825,DAÑOS,2021-05-29,2021,19:30,NOCHE,VIERNES,COLOMBIA,CARRERA 30 CALLE 34,URBANA,TECNICO,3.5314,-76.29995,NO APLICA,NO APLICA,NO APLICA,CHOQUE,NO APLICA 2021,MASCULINO,NO APLICA,AUTOMOVIL,CHEVROLET,NO APLICA 2021,PARTICULAR,NO APLICA
826,HERIDOS,2021-05-30,2021,10:40,MAÑANA,SABADO,CENTRO POBLADO LA TORRE,CALLE 10 CARRERA 20-40,RURAL,TECNICO,3.61853,-76.42476,CONDUCTOR,NO APLICA,NO APLICA,CHOQUE,NO APLICA 2021,FEMENINA,NO APLICA,MOTO,SUZUKI,NO APLICA 2021,PARTICULAR,NO APLICA
827,HERIDOS,2021-05-30,2021,10:40,MAÑANA,SABADO,CENTRO POBLADO LA TORRE,CALLE 10 CARRERA 20-40,RURAL,TECNICO,3.61853,-76.42476,MOTOCICLISTA,NO APLICA,NO APLICA,CHOQUE,NO APLICA 2021,MASCULINO,NO APLICA,MOTO,JIALING,NO APLICA 2021,PARTICULAR,NO APLICA
828,DAÑOS,2021-05-30,2021,22:30,NOCHE,SABADO,LIBERTADORES,CALLE 27 CARRERA 20,URBANA,TECNICO,3.52357,-76.2925,NO APLICA,NO APLICA,NO APLICA,CHOQUE,NO APLICA 2021,MASCULINO,NO APLICA,AUTOMOVIL,NISSAN,NO APLICA 2021,PARTICULAR,NO APLICA
829,DAÑOS,2021-05-30,2021,22:30,NOCHE,SABADO,LIBERTADORES,CALLE 27 CARRERA 20,URBANA,TECNICO,3.52357,-76.2925,NO APLICA,NO APLICA,NO APLICA,CHOQUE,NO APLICA 2021,FEMENINA,NO APLICA,MOTO,SUZUKI,NO APLICA 2021,PARTICULAR,NO APLICA
830,DAÑOS,2021-05-31,2021,11:50,MAÑANA,DOMINGO,COLOMBINA,CALLE 31 CARRERA 18,URBANA,TECNICO,3.52687,-76.2904,NO APLICA,NO APLICA,NO APLICA,CHOQUE,NO APLICA 2021,MASCULINO,NO APLICA,AUTOMOVIL,KIA,NO APLICA 2021,PARTICULAR,NO APLICA
831,DAÑOS,2021-05-31,2021,11:50,MAÑANA,DOMINGO,COLOMBINA,CALLE 31 CARRERA 18,URBANA,TECNICO,3.52687,-76.2904,NO APLICA,NO APLICA,NO APLICA,CHOQUE,NO APLICA 2021,FEMENINA,NO APLICA,MOTO,HONDA,NO APLICA 2021,PARTICULAR,NO APLICA
832,DAÑOS,2021-05-31,2021,12:40,TARDE,DOMINGO,ITALIA,CARRERA 24 CALLE4B-43,URBANA,TECNICO,3.50122,-76.29617,NO APLICA,NO APLICA,NO APLICA,CHOQUE,NO APLICA 2021,MASCULINO,NO APLICA,MOTO,HERO,NO APLICA 2021,PARTICULAR,NO APLICA
833,DAÑOS,2021-05-31,2021,12:40,TARDE,DOMINGO,ITALIA,CARRERA 24 CALLE4B-43,URBANA,TECNICO,3.50122,-76.29617,NO APLICA,NO APLICA,NO APLICA,CHOQUE,NO APLICA 2021,MASCULINO,NO APLICA,MOTO,BAJAJ,NO APLICA 2021,PARTICULAR,NO APLICA
834,DAÑOS,2021-05-31,2021,19:40,NOCHE,DOMINGO,SAUSES,CALLE 35 CARRERA 1,URBANA,TECNICO,3.53127,-76.27729,NO APLICA,NO APLICA,NO APLICA,CHOQUE,NO APLICA 2021,MASCULINO,NO APLICA,AUTOMOVIL,KIA,NO APLICA 2021,PARTICULAR,NO APLICA
835,DAÑOS,2021-05-31,2021,19:40,NOCHE,DOMINGO,SAUSES,CALLE 35 CARRERA 1,URBANA,TECNICO,3.53127,-76.27729,NO APLICA,NO APLICA,NO APLICA,CHOQUE,NO APLICA 2021,FEMENINA,NO APLICA,MOTO,AKT,NO APLICA 2021,PARTICULAR,NO APLICA
836,DAÑOS,2021-06-01,2021,19:30,NOCHE,DOMINGO,URIBE,CALLE 35 CARRERA 21,URBANA,TECNICO,3.53122,-76.29245,NO APLICA,NO APLICA,NO APLICA,CHOQUE,NO APLICA 2021,MASCULINO,NO APLICA,AUTOMOVIL,MAZDA,NO APLICA 2021,PARTICULAR,NO APLICA
837,HERIDOS,2021-06-01,2021,19:30,NOCHE,DOMINGO,URIBE,CALLE 35 CARRERA 21,URBANA,TECNICO,3.53122,-76.29245,MOTOCICLISTA,1,NO APLICA,CHOQUE,NO APLICA 2021,FEMENINA,PALMIRA,MOTO,YAMAHA,NO APLICA 2021,PARTICULAR,NO APLICA
838,HERIDOS,2021-06-01,2021,19:30,NOCHE,DOMINGO,URIBE,CALLE 35 CARRERA 21,URBANA,TECNICO,3.53122,-76.29245,ACOMPAÑANTE MOTOCICLISTA,1,NO APLICA,CHOQUE,NO APLICA 2021,FEMENINA,PALMIRA,MOTO,YAMAHA,NO APLICA 2021,PARTICULAR,NO APLICA
839,HERIDOS,2021-06-02,2021,15:00,TARDE,MIERCOLES,LA EMILIA,CALLE 35 CARRERA 36,URBANA,TECNICO,3.53314,-76.30641,NO APLICA,NO APLICA,NO APLICA,CHOQUE,NO APLICA 2021,MASCULINO,NO APLICA,AUTOMOVIL,HYUNDAI,NO APLICA 2021,PUBLICO,COOVIPAL
840,HERIDOS,2021-06-02,2021,15:00,TARDE,MIERCOLES,LA EMILIA,CALLE 35 CARRERA 36,URBANA,TECNICO,3.53314,-76.30641,MOTOCICLISTA,1,NO APLICA,CHOQUE,NO APLICA 2021,FEMENINA,PALMIRA,MOTO,HONDA,NO APLICA 2021,PARTICULAR,NO APLICA
841,HERIDOS,2021-06-02,2021,15:00,TARDE,MIERCOLES,LA EMILIA,CALLE 35 CARRERA 36,URBANA,TECNICO,3.53314,-76.30641,ACOMPAÑANTE MOTOCICLISTA,1,NO APLICA,CHOQUE,NO APLICA 2021,MASCULINO,PALMIRA,MOTO,HONDA,NO APLICA 2021,PARTICULAR,NO APLICA
842,HERIDOS,2021-06-02,2021,16:40,TARDE,MIERCOLES,OBRERO,CALLE 35 CARRERA 26,URBANA,TECNICO,3.53177,-76.29641,MOTOCICLISTA,1,NO APLICA,CHOQUE,NO APLICA 2021,MASCULINO,PALMA,MOTO,SUZUKI,NO APLICA 2021,PARTICULAR,NO APLICA
843,HERIDOS,2021-06-02,2021,16:40,TARDE,MIERCOLES,OBRERO,CALLE 35 CARRERA 26,URBANA,TECNICO,3.53177,-76.29641,MOTOCICLISTA,1,NO APLICA,CHOQUE,NO APLICA 2021,FEMENINA,PALMA,AUTOMOVIL,NISSAN,NO APLICA 2021,PARTICULAR,NO APLICA
844,DAÑOS,2021-06-03,2021,12:10,TARDE,JUEVES,COLOMBINA,CALLE 29 CARRERA 13,URBANA,TECNICO,3.52457,-76.28665,NO APLICA,NO APLICA,NO APLICA,CHOQUE,NO APLICA 2021,MASCULINO,NO APLICA,CAMPERO,TOYOTA,NO APLICA 2021,PARTICULAR,NO APLICA
845,DAÑOS,2021-06-03,2021,14:30,TARDE,JUEVES,CENTRO,CALLE 29 CARRERA 26,URBANA,TECNICO,3.52585,-76.29743,NO APLICA,NO APLICA,NO APLICA,CHOQUE,NO APLICA 2021,MASCULINO,NO APLICA,AUTOMOVIL,KIA,NO APLICA 2021,PARTICULAR,NO APLICA
846,DAÑOS,2021-06-03,2021,14:30,TARDE,JUEVES,CENTRO,CALLE 29 CARRERA 26,URBANA,TECNICO,3.52585,-76.29743,NO APLICA,NO APLICA,NO APLICA,CHOQUE,NO APLICA 2021,MASCULINO,NO APLICA,AUTOMOVIL,HONDA,NO APLICA 2021,PARTICULAR,NO APLICA
847,DAÑOS,2021-06-03,2021,15:00,TARDE,JUEVES,VIA CALI PALMIRA,ITALCOL,RURAL,TECNICO,3.51082,-76.39878,NO APLICA,NO APLICA,NO APLICA,CHOQUE,NO APLICA 2021,MASCULINO,NO APLICA,TRACTO CAMION,INTERNATIONAL,NO APLICA 2021,PUBLICO,IMPOCOMA
848,DAÑOS,2021-06-03,2021,15:00,TARDE,JUEVES,VIA CALI PALMIRA,ITALCOL,RURAL,TECNICO,3.51082,-76.39878,NO APLICA,NO APLICA,NO APLICA,CHOQUE,NO APLICA 2021,MASCULINO,NO APLICA,TRACTO CAMION,KENWORTH,NO APLICA 2021,PUBLICO,NO APLICA
849,DAÑOS,2021-06-04,2021,11:50,MAÑANA,VIERNES,URIBE,CALLE 32 CARRERA 21-70,URBANA,TECNICO,3.52813,-76.29335,NO APLICA,NO APLICA,NO APLICA,CHOQUE,NO APLICA 2021,FEMENINA,NO APLICA,AUTOMOVIL,CHEVROLET,NO APLICA 2021,PARTICULAR,NO APLICA
850,DAÑOS,2021-06-04,2021,11:50,MAÑANA,VIERNES,URIBE,CALLE 32 CARRERA 21-70,URBANA,TECNICO,3.52813,-76.29335,NO APLICA,NO APLICA,NO APLICA,CHOQUE,NO APLICA 2021,MASCULINO,NO APLICA,CAMIONETA,DODGE,NO APLICA 2021,PARTICULAR,NO APLICA
851,HERIDOS,2021-06-03,2021,17:30,TARDE,JUEVES,JARDIN,CARRERA 1 CALLE 32A,URBANA,TECNICO,3.52731,-76.27757,NO APLICA,NO APLICA,NO APLICA,CHOQUE,NO APLICA 2021,MASCULINO,NO APLICA,MOTO,HONDA,NO APLICA 2021,PARTICULAR,NO APLICA
854,DAÑOS,2021-06-04,2021,16:40,TARDE,VIERNES,CENTRO,CARRERA 32 CALLE 28,URBANA,TECNICO,3.52731,-76.27757,NO APLICA,NO APLICA,NO APLICA,CHOQUE,NO APLICA 2021,MASCULINO,NO APLICA,CAMIONETA,NISSAN,NO APLICA 2021,PARTICULAR,NO APLICA
855,DAÑOS,2021-06-04,2021,16:40,TARDE,VIERNES,CENTRO,CARRERA 32 CALLE 28,URBANA,TECNICO,3.52731,-76.27757,NO APLICA,NO APLICA,NO APLICA,CHOQUE,NO APLICA 2021,MASCULINO,NO APLICA,MOTOCARRO,AYCO,NO APLICA 2021,PUBLICO,NO APLICA
856,HERIDOS,2021-06-04,2021,21:00,NOCHE,VIERNES,RIVERA ESCOBAR,CARRERA 35 CALLE 31-52,URBANA,TECNICO,3.52731,-76.27757,MOTOCICLISTA,1,NO APLICA,CHOQUE,NO APLICA 2021,MASCULINO,NO APLICA,MOTO,BAJAJ,NO APLICA 2021,PARTICULAR,NO APLICA
857,HERIDOS,2021-06-04,2021,21:00,NOCHE,VIERNES,RIVERA ESCOBAR,CARRERA 35 CALLE 31-52,URBANA,TECNICO,3.52731,-76.27757,MOTOCICLISTA,NO APLICA,NO APLICA,CHOQUE,NO APLICA 2021,MASCULINO,NO APLICA,AUTOMOVIL,CHEVROLET,NO APLICA 2021,PARTICULAR,NO APLICA
858,DAÑOS,2021-06-05,2021,01:00,MAÑANA,SABADO,COLOMBIA,CALLE 36 CARRERA 29,URBANA,TECNICO,3.53292,-76.29887,NO APLICA,NO APLICA,NO APLICA,CHOQUE,NO APLICA 2021,MASCULINO,NO APLICA,AUTOMOVIL,FIAT,NO APLICA 2021,PARTICULAR,NO APLICA
859,DAÑOS,2021-06-05,2021,01:00,MAÑANA,SABADO,COLOMBIA,CALLE 36 CARRERA 29,URBANA,TECNICO,3.53292,-76.29887,NO APLICA,NO APLICA,NO APLICA,CHOQUE,NO APLICA 2021,MASCULINO,NO APLICA,AUTOMOVIL,CHEVROLET,NO APLICA 2021,PARTICULAR,NO APLICA
860,HERIDOS,2021-06-05,2021,08:40,MAÑANA,SABADO,ALAMEDA,CARRERA 26 CALLE 70,URBANA,TECNICO,3.55662,-76.28853,NO APLICA,NO APLICA,NO APLICA,CHOQUE,NO APLICA 2021,MASCULINO,NO APLICA,MOTO,HONDA,NO APLICA 2021,PARTICULAR,NO APLICA
861,HERIDOS,2021-06-05,2021,08:40,MAÑANA,SABADO,ALAMEDA,CARRERA 26 CALLE 70,URBANA,TECNICO,3.55662,-76.28853,MOTOCICLISTA,1,NO APLICA,CHOQUE,NO APLICA 2021,FEMENINA,FRACTURAS,MOTO,KYMCO,NO APLICA 2021,PARTICULAR,NO APLICA
862,HERIDOS,2021-06-06,2021,01:00,MAÑANA,DOMINGO,COLOMBINA,CALLE 31 CARRERA 20,URBANA,TECNICO,3.52708,-76.29206,MOTOCICLISTA,1,NO APLICA,CHOQUE,NO APLICA 2021,MASCULINO,RAUL,MOTO,BAJAJ,NO APLICA 2021,NO APLICA,NO APLICA
863,HERIDOS,2021-06-06,2021,01:00,MAÑANA,DOMINGO,COLOMBINA,CALLE 31 CARRERA 20,URBANA,TECNICO,3.52708,-76.29206,NO APLICA,NO APLICA,NO APLICA,CHOQUE,NO APLICA 2021,MASCULINO,NO APLICA,MOTO,AUTECO,NO APLICA 2021,PARTICULAR,NO APLICA
864,HERIDOS,2021-06-06,2021,09:40,MAÑANA,DOMINGO,ZAMORANO,CARRERA 28 CALLE 65,URBANA,TECNICO,3.55225,-76.29357,MOTOCICLISTA,NO APLICA,NO APLICA,CHOQUE,NO APLICA 2021,MASCULINO,NO APLICA,AUTOMOVIL,CHEVROLET,NO APLICA 2021,PARTICULAR,NO APLICA
865,HERIDOS,2021-06-06,2021,09:40,MAÑANA,DOMINGO,ZAMORANO,CARRERA 28 CALLE 65,URBANA,TECNICO,3.55225,-76.29357,MOTOCICLISTA,1,NO APLICA,CHOQUE,NO APLICA 2021,MASCULINO,FRACTURAS,MOTO,SUZUKI,NO APLICA 2021,PARTICULAR,NO APLICA
867,HERIDOS,2021-06-06,2021,14:00,TARDE,DOMINGO,SAN PEDRO,CARRERA 19 CALLE 39-12,URBANA,TECNICO,3.53464,-76.29054,NO APLICA,NO APLICA,NO APLICA,CHOQUE,NO APLICA 2021,MASCULINO,NO APLICA,AUTOMOVIL,RENAULT,NO APLICA 2021,PARTICULAR,NO APLICA
868,HERIDOS,2021-06-07,2021,10:00,MAÑANA,LUNES,TREBOL,CARRERA 21 CALLE 26A,URBANA,TECNICO,3.5231,-76.29339,MOTOCICLISTA,1,NO APLICA,CHOQUE,NO APLICA 2021,MASCULINO,PALMIRA,MOTO,HONDA,NO APLICA 2021,PARTICULAR,NO APLICA
869,HERIDOS,2021-06-07,2021,10:00,MAÑANA,LUNES,TREBOL,CARRERA 21 CALLE 26A,URBANA,TECNICO,3.5231,-76.29339,NO APLICA,NO APLICA,NO APLICA,CHOQUE,NO APLICA 2021,FEMENINA,NO APLICA,AUTOMOVIL,CHEVROLET,NO APLICA 2021,PARTICULAR,NO APLICA
870,HERIDOS,2021-06-07,2021,10:00,MAÑANA,LUNES,TREBOL,CARRERA 21 CALLE 26A,URBANA,TECNICO,3.5231,-76.29339,ACOMPAÑANTE MOTOCICLISTA,1,NO APLICA,CHOQUE,NO APLICA 2021,FEMENINA,NO APLICA,MOTO,HONDA,NO APLICA 2021,PARTICULAR,NO APLICA
871,MUERTO,2021-06-07,2021,21:50,NOCHE,LUNES,CENTRO POBLAO LA TORRE,CALLE 10 CARRERA 19,RURAL,TECNICO,3.61721,-76.41054,MOTOCICLISTA,NO APLICA,1,OTRO,NO APLICA 2021,MASCULINO,NO APLICA,MOTO,BAJAJ,NO APLICA 2021,PARTICULAR,NO APLICA
872,HERIDOS,2021-06-08,2021,17:00,TARDE,MARTES,SAN PEDRO,CARRERA 16 CALLE 37,URBANA,TECNICO,3.533,-76.28821,MOTOCICLISTA,1,NO APLICA,CHOQUE,NO APLICA 2021,MASCULINO,RAUL,MOTO,KEEWAY,NO APLICA 2021,PARTICULAR,NO APLICA
873,HERIDOS,2021-06-08,2021,17:00,TARDE,MARTES,SAN PEDRO,CARRERA 16 CALLE 37,URBANA,TECNICO,3.533,-76.28821,NO APLICA,NO APLICA,NO APLICA,CHOQUE,NO APLICA 2021,MASCULINO,NO APLICA,AUTOMOVIL,HYUNDAI,NO APLICA 2021,PUBLICO,TRANS UNION DE TAXIS
874,DAÑOS,2021-06-08,2021,05:20,MAÑANA,MARTES,VIA PALMIRA HERRADURA,KM 1,RURAL,TECNICO,3.53672,-76.32283,NO APLICA,NO APLICA,NO APLICA,OTRO,NO APLICA 2021,MASCULINO,NO APLICA,AUTOMOVIL,CHEVROLET,NO APLICA 2021,PARTICULAR,NO APLICA
875,DAÑOS,2021-06-09,2021,07:00,MAÑANA,MIERCOLES,OBRERO,CALLE 35 CARRERA 24,URBANA,TECNICO,3.53152,-76.29496,NO APLICA,NO APLICA,NO APLICA,CHOQUE,NO APLICA 2021,MASCULINO,NO APLICA,AUTOMOVIL,HYUNDAI,NO APLICA 2021,PUBLICO,COOTRANSPAL
876,DAÑOS,2021-06-09,2021,07:00,MAÑANA,MIERCOLES,OBRERO,CALLE 35 CARRERA 24,URBANA,TECNICO,3.53152,-76.29496,NO APLICA,NO APLICA,NO APLICA,CHOQUE,NO APLICA 2021,MASCULINO,NO APLICA,MOTO,HONDA,NO APLICA 2021,PARTICULAR,NO APLICA
877,DAÑOS,2021-06-09,2021,08:20,MAÑANA,MIERCOLES,JUAN PABLO,CARRERA 39 CALLE 44 -61,URBANA,TECNICO,3.54065,-76.31006,NO APLICA,NO APLICA,NO APLICA,CHOQUE,NO APLICA 2021,FEMENINA,NO APLICA,AUTOMOVIL,RENAULT,NO APLICA 2021,PARTICULAR,NO APLICA
878,DAÑOS,2021-06-09,2021,08:20,MAÑANA,MIERCOLES,JUAN PABLO,CARRERA 39 CALLE 44 -61,URBANA,TECNICO,3.54065,-76.31006,NO APLICA,NO APLICA,NO APLICA,CHOQUE,NO APLICA 2021,MASCULINO,NO APLICA,AUTOMOVIL,MAZDA,NO APLICA 2021,PARTICULAR,NO APLICA
879,DAÑOS,2021-06-09,2021,23:20,NOCHE,MIERCOLES,SANTA BARBARA,KM 6,RURAL,TECNICO,3.51096,-76.43796,NO APLICA,NO APLICA,NO APLICA,OTRO,NO APLICA 2021,MASCULINO,NO APLICA,TRACTO CAMION,KENWORTH,NO APLICA 2021,PUBLICO,COLTANUES
880,HERIDOS,2021-06-09,2021,18:10,TARDE,MIERCOLES,SANTA RITA,CARRERA 25 CALLE 38,URBANA,TECNICO,3.53442,-76.29502,MOTOCICLISTA,1,NO APLICA,CHOQUE,NO APLICA 2021,MASCULINO,RAUL,MOTO,YAMAHA,NO APLICA 2021,PARTICULAR,NO APLICA
881,HERIDOS,2021-06-09,2021,18:10,TARDE,MIERCOLES,SANTA RITA,CARRERA 25 CALLE 38,URBANA,TECNICO,3.53442,-76.29502,MOTOCICLISTA,NO APLICA,NO APLICA,CHOQUE,NO APLICA 2021,MASCULINO,NO APLICA,AUTOMOVIL,CHEVROLET,NO APLICA 2021,PARTICULAR,NO APLICA
882,DAÑOS,2021-06-10,2021,11:30,MAÑANA,JUEVES,SANTA BARBARA,CALLE 31 CARRERA 40,URBANA,TECNICO,3.52958,-76.30998,NO APLICA,NO APLICA,NO APLICA,CHOQUE,NO APLICA 2021,MASCULINO,NO APLICA,CAMIONETA,CHEVROLET,NO APLICA 2021,PARTICULAR,NO APLICA
883,DAÑOS,2021-06-10,2021,11:30,MAÑANA,JUEVES,SANTA BARBARA,CALLE 31 CARRERA 40,URBANA,TECNICO,3.52958,-76.30998,NO APLICA,NO APLICA,NO APLICA,CHOQUE,NO APLICA 2021,MASCULINO,NO APLICA,BUSETA,SKODA,NO APLICA 2021,PARTICULAR,NO APLICA
884,DAÑOS,2021-06-11,2021,13:30,TARDE,VIERNES,SESQUI,CARRERA 24 CALLE 12,URBANA,TECNICO,3.51039,-76.29587,NO APLICA,NO APLICA,NO APLICA,CHOQUE,NO APLICA 2021,MASCULINO,NO APLICA,AUTOMOVIL,RENAULT,NO APLICA 2021,PARTICULAR,NO APLICA
885,DAÑOS,2021-06-11,2021,13:30,TARDE,VIERNES,SESQUI,CARRERA 24 CALLE 12,URBANA,TECNICO,3.51039,-76.29587,NO APLICA,NO APLICA,NO APLICA,CHOQUE,NO APLICA 2021,MASCULINO,NO APLICA,CAMPERO,CHEVROLET,NO APLICA 2021,PARTICULAR,NO APLICA
886,HERIDOS,2021-06-11,2021,10:00,MAÑANA,VIERNES,BIZERTA,CALLE 36 CARRERA 32,URBANA,TECNICO,3.53335,-76.30161,NO APLICA,1,NO APLICA,CHOQUE,NO APLICA 2021,MASCULINO,NO APLICA,MOTO,SUZUKI,NO APLICA 2021,PARTICULAR,NO APLICA
887,HERIDOS,2021-06-11,2021,10:00,MAÑANA,VIERNES,BIZERTA,CALLE 36 CARRERA 32,URBANA,TECNICO,3.53335,-76.30161,NO APLICA,NO APLICA,NO APLICA,CHOQUE,NO APLICA 2021,MASCULINO,NO APLICA,AUTOMOVIL,HYUNDAI,NO APLICA 2021,PARTICULAR,NO APLICA