,GRAVEDAD,FECHA,AÑO,HORA,JORNADA,DIA_SEMANA,BARRIO-CORREGIMIENTO-VIA,DIRECCION,ZONA,AUTORIDAD,LAT,LONG,CONDICION_VICTIMA,LESIONADO,HOMICIDIOS,TIPO_ACCIDENTE,HIPOTESIS,GENERO,CLINICA,CLASE_VEHICULO,MARCA,MATRICULA,TIPO DE SERVICIO,EMPRESA
888,DAÑOS,2021-06-12,2021,14:00,TARDE,SABADO,ESTONIA,CARRERA 31 CALLE 45A,URBANA,TECNICO,3.54087,-76.32996,NO APLICA,NO APLICA,NO APLICA,CHOQUE,NO APLICA 2021,MASCULINO,NO APLICA,AUTOMOVIL,MAZDA,NO APLICA 2021,PUBLICO,COOP TRANS PALMERAS
889,DAÑOS,2021-06-12,2021,14:00,TARDE,SABADO,ESTONIA,CARRERA 31 CALLE 45A,URBANA,TECNICO,3.54087,-76.32996,NO APLICA,NO APLICA,NO APLICA,CHOQUE,NO APLICA 2021,MASCULINO,NO APLICA,CAMION,CHEVROLET,NO APLICA 2021,PUBLICO,NO APLICA
890,HERIDOS,2021-06-14,2021,12:20,TARDE,LUNES,SAN PEDRO,CARRERA 19 CALLE 39,URBANA,TECNICO,3.53465,-76.29058,MOTOCICLISTA,1,NO APLICA,OTRO,NO APLICA 2021,FEMENINA,NO APLICA,MOTO,KYMCO,NO APLICA 2021,PARTICULAR,NO APLICA
891,DAÑOS,2021-06-14,2021,05:40,MAÑANA,LUNES,SAN PEDRO,CARRERA 19 CALLE 42,URBANA,TECNICO,3.53465,-76.29058,NO APLICA,NO APLICA,NO APLICA,CHOQUE,NO APLICA 2021,MASCULINO,NO APLICA,AUTOMOVIL,KIA,NO APLICA 2021,PARTICULAR,NO APLICA
892,DAÑOS,2021-06-14,2021,05:40,MAÑANA,LUNES,SAN PEDRO,CARRERA 19 CALLE 42,URBANA,TECNICO,3.53465,-76.29058,NO APLICA,NO APLICA,NO APLICA,CHOQUE,NO APLICA 2021,MASCULINO,NO APLICA,CAMIONETA,TOYOTA,NO APLICA 2021,PARTICULAR,NO APLICA
893,DAÑOS,2021-06-14,2021,12:00,MAÑANA,LUNES,SAN PEDRO,CALLE 35 CARRERA 11,URBANA,TECNICO,3.53182,-76.28391,NO APLICA,NO APLICA,NO APLICA,CHOQUE,NO APLICA 2021,MASCULINO,NO APLICA,CAMIONETA,KIA,NO APLICA 2021,PARTICULAR,NO APLICA
894,DAÑOS,2021-06-14,2021,12:00,MAÑANA,LUNES,SAN PEDRO,CALLE 35 CARRERA 11,URBANA,TECNICO,3.53182,-76.28391,NO APLICA,NO APLICA,NO APLICA,CHOQUE,NO APLICA 2021,MASCULINO,NO APLICA,MOTO,HONDA,NO APLICA 2021,PARTICULAR,NO APLICA
895,HERIDOS,2021-06-14,2021,11:00,MAÑANA,LUNES,CENTRO,CARRERA 29 CALLE 28,URBANA,TECNICO,3.52541,-76.30001,NO APLICA,NO APLICA,NO APLICA,CHOQUE,NO APLICA 2021,MASCULINO,NO APLICA,MOTO,HERO,NO APLICA 2021,PARTICULAR,NO APLICA
896,HERIDOS,2021-06-14,2021,11:00,MAÑANA,LUNES,CENTRO,CARRERA 29 CALLE 28,URBANA,TECNICO,3.52541,-76.30001,NO APLICA,NO APLICA,NO APLICA,CHOQUE,NO APLICA 2021,MASCULINO,NO APLICA,MOTO,AKT,NO APLICA 2021,PARTICULAR,NO APLICA
897,HERIDOS,2021-06-14,2021,11:00,MAÑANA,LUNES,CENTRO,CARRERA 29 CALLE 28,URBANA,TECNICO,3.52541,-76.30001,NO APLICA,1,NO APLICA,CHOQUE,NO APLICA 2021,FEMENINA,PALMIRA,MOTO,AKT,NO APLICA 2021,PARTICULAR,NO APLICA
898,DAÑOS,2021-06-16,2021,06:15,MAÑANA,MIERCOLES,VERSALLES,CALLE 42 CARRERA 28,URBANA,TECNICO,3.53787,-76.2971,NO APLICA,NO APLICA,NO APLICA,CHOQUE,NO APLICA 2021,MASCULINO,NO APLICA,TRACTO CAMION,CHEVROLET,NO APLICA 2021,PUBLICO,TRANSPORTES BASTIDAS
899,DAÑOS,2021-06-16,2021,06:15,MAÑANA,MIERCOLES,VERSALLES,CALLE 42 CARRERA 28,URBANA,TECNICO,3.53787,-76.2971,NO APLICA,NO APLICA,NO APLICA,CHOQUE,NO APLICA 2021,FEMENINA,NO APLICA,AUTOMOVIL,RENAULT,NO APLICA 2021,PARTICULAR,NO APLICA
900,HERIDOS,2021-06-16,2021,10:45,MAÑANA,MIERCOLES,COLOMBINA,CALLE 29 CARRERA 15,URBANA,TECNICO,3.52458,-76.28798,MOTOCICLISTA,1,NO APLICA,CHOQUE,NO APLICA 2021,MASCULINO,PALMIRA,MOTO,BAJAJ,NO APLICA 2021,PARTICULAR,NO APLICA
901,HERIDOS,2021-06-16,2021,10:45,MAÑANA,MIERCOLES,COLOMBINA,CALLE 29 CARRERA 15,URBANA,TECNICO,3.52458,-76.28798,NO APLICA,NO APLICA,NO APLICA,CHOQUE,NO APLICA 2021,MASCULINO,NO APLICA,MOTO,YAMAHA,NO APLICA 2021,PARTICULAR,NO APLICA
902,HERIDOS,2021-06-15,2021,17:10,TARDE,MARTES,BOSQUE,CALLE 31 CARRERA 2-18,URBANA,TECNICO,3.52527,-76.27925,NO APLICA,NO APLICA,NO APLICA,CHOQUE,NO APLICA 2021,MASCULINO,NO APLICA,MOTO,SUZUKI,NO APLICA 2021,PARTICULAR,NO APLICA
903,HERIDOS,2021-06-15,2021,17:10,TARDE,MARTES,BOSQUE,CALLE 31 CARRERA 2-18,URBANA,TECNICO,3.52527,-76.27925,NO APLICA,NO APLICA,NO APLICA,CHOQUE,NO APLICA 2021,MASCULINO,NO APLICA,MOTO,BAJAJ,NO APLICA 2021,PARTICULAR,NO APLICA
904,HERIDOS,2021-06-15,2021,17:10,TARDE,MARTES,BOSQUE,CALLE 31 CARRERA 2-18,URBANA,TECNICO,3.52527,-76.27925,ACOMPAÑANTE MOTOCICLISTA,1,NO APLICA,CHOQUE,NO APLICA 2021,FEMENINA,PALMA,MOTO,BAJAJ,NO APLICA 2021,PARTICULAR,NO APLICA
905,DAÑOS,2021-06-18,2021,09:30,MAÑANA,VIERNES,ESTONIA,CARRERA 34C CALLES 43 Y 44,URBANA,TECNICO,3.53969,-76.30465,NO APLICA,NO APLICA,NO APLICA,CHOQUE,NO APLICA 2021,FEMENINA,NO APLICA,AUTOMOVIL,MAZDA,NO APLICA 2021,PARTICULAR,NO APLICA
906,DAÑOS,2021-06-18,2021,09:30,MAÑANA,VIERNES,ESTONIA,CARRERA 34C CALLES 43 Y 44,URBANA,TECNICO,3.53969,-76.30465,NO APLICA,NO APLICA,NO APLICA,CHOQUE,NO APLICA 2021,MASCULINO,NO APLICA,CAMIONETA,KIA,NO APLICA 2021,PARTICULAR,NO APLICA
907,DAÑOS,2021-06-19,2021,14:20,TARDE,SABADO,NUEVO,CARRERA 29 CALLE 26,URBANA,TECNICO,3.52368,-76.30027,NO APLICA,NO APLICA,NO APLICA,CHOQUE,NO APLICA 2021,FEMENINA,NO APLICA,AUTOMOVIL,KIA,NO APLICA 2021,PARTICULAR,NO APLICA
908,DAÑOS,2021-06-19,2021,14:20,TARDE,SABADO,NUEVO,CARRERA 29 CALLE 26,URBANA,TECNICO,3.52368,-76.30027,NO APLICA,NO APLICA,NO APLICA,CHOQUE,NO APLICA 2021,MASCULINO,NO APLICA,AUTOMOVIL,CHEVROLET,NO APLICA 2021,PARTICULAR,NO APLICA
909,DAÑOS,2021-06-19,2021,14:00,TARDE,SABADO,OBRERO,CARRERA 26 CALLE 37,URBANA,TECNICO,3.53333,-76.29616,NO APLICA,NO APLICA,NO APLICA,CHOQUE,NO APLICA 2021,MASCULINO,NO APLICA,AUTOMOVIL,KIA,NO APLICA 2021,PUBLICO,COOP TRANS PALMERAS
910,DAÑOS,2021-06-19,2021,14:00,TARDE,SABADO,OBRERO,CARRERA 26 CALLE 37,URBANA,TECNICO,3.53333,-76.29616,NO APLICA,NO APLICA,NO APLICA,CHOQUE,NO APLICA 2021,MASCULINO,NO APLICA,MOTO,AKT,NO APLICA 2021,PARTICULAR,NO APLICA
911,HERIDOS,2021-06-20,2021,01:30,MAÑANA,DOMINGO,SAN PEDRO,CALLE 39 CARERA 15A,URBANA,TECNICO,3.53479,-76.288,MOTOCICLISTA,1,NO APLICA,VOLCAMIENTO,NO APLICA 2021,MASCULINO,RAUL,MOTO,SUZUKI,NO APLICA 2021,PARTICULAR,NO APLICA
912,MUERTO,2021-06-20,2021,10:15,MAÑANA,DOMINGO,SANTA TERESITA,TRASVERSAL 35 CALLE 35-110,URBANA,TECNICO,3.54455,-76.30791,CONDUCTOR,1,NO APLICA,OTRO,NO APLICA 2021,MASCULINO,PALMIRA,VOLQUETA,INTERNATIONAL,NO APLICA 2021,PUBLICO,NO APLICA
913,MUERTO,2021-06-20,2021,10:15,MAÑANA,DOMINGO,SANTA TERESITA,TRASVERSAL 35 CALLE 35-110,URBANA,TECNICO,3.54455,-76.30791,MOTOCICLISTA,NO APLICA,1,OTRO,NO APLICA 2021,MASCULINO,NO APLICA,MOTO,AUTECO,NO APLICA 2021,PARTICULAR,NO APLICA
914,HERIDOS,2021-06-20,2021,13:00,TARDE,DOMINGO,RECREO,CALLE 22 CARRERA 27,URBANA,TECNICO,3.52014,-76.29908,MOTOCICLISTA,1,NO APLICA,CHOQUE,NO APLICA 2021,MASCULINO,PALMIRA,MOTO,YAMAHA,NO APLICA 2021,PARTICULAR,NO APLICA
915,HERIDOS,2021-06-20,2021,13:00,TARDE,DOMINGO,RECREO,CALLE 22 CARRERA 27,URBANA,TECNICO,3.52014,-76.29908,MOTOCICLISTA,NO APLICA,NO APLICA,CHOQUE,NO APLICA 2021,MASCULINO,NO APLICA,AUTOMOVIL,FIAT,NO APLICA 2021,PARTICULAR,NO APLICA
916,HERIDOS,2021-06-20,2021,13:00,TARDE,DOMINGO,RECREO,CALLE 22 CARRERA 27,URBANA,TECNICO,3.52014,-76.29908,ACOMPAÑANTE MOTOCICLISTA,1,NO APLICA,CHOQUE,NO APLICA 2021,FEMENINA,PALMIRA,MOTO,YAMAHA,NO APLICA 2021,PARTICULAR,NO APLICA
917,DAÑOS,2021-06-21,2021,17:10,TARDE,LUNES,ESTONIA,CARRERA 32A CALLE 44,URBANA,TECNICO,3.53989,-76.3013,NO APLICA,NO APLICA,NO APLICA,CHOQUE,NO APLICA 2021,FEMENINA,NO APLICA,AUTOMOVIL,RENAULT,NO APLICA 2021,PARTICULAR,NO APLICA
919,DAÑOS,2021-06-22,2021,18:30,TARDE,MARTES,TRINIDAD,CARRERA 24 CALLE 28-64,URBANA,TECNICO,3.52481,-76.29578,NO APLICA,NO APLICA,NO APLICA,CHOQUE,NO APLICA 2021,MASCULINO,NO APLICA,CAMIONETA,TOYOTA,NO APLICA 2021,PARTICULAR,NO APLICA
920,DAÑOS,2021-06-22,2021,18:30,TARDE,MARTES,TRINIDAD,CARRERA 24 CALLE 28-64,URBANA,TECNICO,3.52481,-76.29578,NO APLICA,NO APLICA,NO APLICA,CHOQUE,NO APLICA 2021,MASCULINO,NO APLICA,MOTO,YAMAHA,NO APLICA 2021,PARTICULAR,NO APLICA
921,HERIDOS,2021-06-21,2021,10:15,MAÑANA,LUNES,SAN CAYETANO,CALLE 42 CARRERAS  25 A 27,URBANA,TECNICO,3.53772,-76.29527,MOTOCICLISTA,1,NO APLICA,ATROPELLO,NO APLICA 2021,MASCULINO,FRACTURAS,MOTO,YAMAHA,NO APLICA 2021,PARTICULAR,NO APLICA
922,HERIDOS,2021-06-21,2021,10:15,MAÑANA,LUNES,SAN CAYETANO,CALLE 42 CARRERAS  25 A 27,URBANA,TECNICO,3.53772,-76.29527,PEATON,1,NO APLICA,ATROPELLO,NO APLICA 2021,MASCULINO,PALMA,NO APLICA,NO APLICA,NO APLICA 2021,NO APLICA,NO APLICA
923,DAÑOS,2021-06-21,2021,12:15,MAÑANA,LUNES,SANTA RITA,CARRERA 28 CALLES 38A,URBANA,TECNICO,3.5353,-76.29771,NO APLICA,NO APLICA,NO APLICA,CHOQUE,NO APLICA 2021,MASCULINO,NO APLICA,AUTOMOVIL,CHEVROLET,NO APLICA 2021,PARTICULAR,NO APLICA
924,DAÑOS,2021-06-21,2021,12:15,MAÑANA,LUNES,SANTA RITA,CARRERA 28 CALLES 38A,URBANA,TECNICO,3.5353,-76.29771,NO APLICA,NO APLICA,NO APLICA,CHOQUE,NO APLICA 2021,MASCULINO,NO APLICA,MOTO,KYMCO,NO APLICA 2021,PARTICULAR,NO APLICA
925,DAÑOS,2021-06-22,2021,10:30,MAÑANA,MARTES,OLIMPICO,CALLE 23 CARRERA 36-40,URBANA,TECNICO,3.52201,-76.30765,NO APLICA,NO APLICA,NO APLICA,CHOQUE,NO APLICA 2021,MASCULINO,NO APLICA,AUTOMOVIL,CHEVROLET,NO APLICA 2021,PARTICULAR,NO APLICA
926,DAÑOS,2021-06-22,2021,10:30,MAÑANA,MARTES,OLIMPICO,CALLE 23 CARRERA 36-40,URBANA,TECNICO,3.52201,-76.30765,NO APLICA,NO APLICA,NO APLICA,CHOQUE,NO APLICA 2021,MASCULINO,NO APLICA,AUTOMOVIL,KIA,NO APLICA 2021,PUBLICO,DEMOCRACIA POR TODOS
927,DAÑOS,2021-06-22,2021,10:30,MAÑANA,MARTES,OLIMPICO,CALLE 23 CARRERA 36-40,URBANA,TECNICO,3.52201,-76.30765,NO APLICA,NO APLICA,NO APLICA,CHOQUE,NO APLICA 2021,MASCULINO,NO APLICA,AUTOMOVIL,RENAULT,NO APLICA 2021,PARTICULAR,INVIAS
928,DAÑOS,2021-06-22,2021,12:00,MAÑANA,MARTES,LOPEZ,CARRERA 30 CALLE 41,URBANA,TECNICO,3.53742,-76.2989,NO APLICA,NO APLICA,NO APLICA,CHOQUE,NO APLICA 2021,MASCULINO,NO APLICA,MOTO,HONDA,NO APLICA 2021,PARTICULAR,NO APLICA
929,DAÑOS,2021-06-22,2021,12:00,MAÑANA,MARTES,LOPEZ,CARRERA 30 CALLE 41,URBANA,TECNICO,3.53742,-76.2989,NO APLICA,NO APLICA,NO APLICA,CHOQUE,NO APLICA 2021,MASCULINO,NO APLICA,AUTOMOVIL,CHERY,NO APLICA 2021,PARTICULAR,NO APLICA
930,HERIDOS,2021-06-22,2021,15:45,TARDE,MARTES,COLOMBIA,CARRERA 31 CALLE 35,URBANA,TECNICO,3.53235,-76.30079,MOTOCICLISTA,1,NO APLICA,CHOQUE,NO APLICA 2021,MASCULINO,NO APLICA,MOTO,YAMAHA,NO APLICA 2021,PARTICULAR,NO APLICA
931,HERIDOS,2021-06-22,2021,15:45,TARDE,MARTES,COLOMBIA,CARRERA 31 CALLE 35,URBANA,TECNICO,3.53235,-76.30079,NO APLICA,NO APLICA,NO APLICA,CHOQUE,NO APLICA 2021,FEMENINA,NO APLICA,AUTOMOVIL,KIA,NO APLICA 2021,PARTICULAR,NO APLICA
932,HERIDOS,2021-06-22,2021,15:30,TARDE,MARTES,SAN PEDRO,CARRERA 19 CALLE 39,URBANA,TECNICO,3.53464,-76.29057,CONDUCTOR,1,NO APLICA,CHOQUE,NO APLICA 2021,MASCULINO,PALMA,MOTO,AKT,NO APLICA 2021,PARTICULAR,NO APLICA
933,HERIDOS,2021-06-22,2021,15:30,TARDE,MARTES,SAN PEDRO,CARRERA 19 CALLE 39,URBANA,TECNICO,3.53464,-76.29057,NO APLICA,NO APLICA,NO APLICA,CHOQUE,NO APLICA 2021,MASCULINO,NO APLICA,CAMIONETA,CHEVROLET,NO APLICA 2021,OFICIAL,NO APLICA
934,HERIDOS,2021-06-23,2021,12:30,TARDE,MIERCOLES,COLOMBIA,CALLE 33 CARRERA 30,URBANA,TECNICO,3.5305,-76.30011,MOTOCICLISTA,1,NO APLICA,CHOQUE,NO APLICA 2021,FEMENINA,PALMIRA,MOTO,VICTORY,NO APLICA 2021,PARTICULAR,NO APLICA
935,HERIDOS,2021-06-23,2021,12:30,TARDE,MIERCOLES,COLOMBIA,CALLE 33 CARRERA 30,URBANA,TECNICO,3.5305,-76.30011,NO APLICA,NO APLICA,NO APLICA,CHOQUE,NO APLICA 2021,MASCULINO,NO APLICA,MOTO,BAJAJ,NO APLICA 2021,PARTICULAR,NO APLICA
936,DAÑOS,2021-06-23,2021,18:00,TARDE,MIERCOLES,AEROPUERTO PALMIRA,AEROPUERTO,RURAL,TECNICO,3.53618,-76.38794,NO APLICA,NO APLICA,NO APLICA,CHOQUE,NO APLICA 2021,FEMENINA,NO APLICA,AUTOMOVIL,NISSAN,NO APLICA 2021,PARTICULAR,NO APLICA
937,DAÑOS,2021-06-23,2021,18:00,TARDE,MIERCOLES,AEROPUERTO PALMIRA,AEROPUERTO,RURAL,TECNICO,3.53618,-76.38794,NO APLICA,NO APLICA,NO APLICA,CHOQUE,NO APLICA 2021,FEMENINA,NO APLICA,CAMPERO,SSANGYONG,NO APLICA 2021,PARTICULAR,NO APLICA
939,DAÑOS,2021-06-24,2021,06:10,MAÑANA,JUEVES,TRINIDAD,CALLE 28 CARRERA 24-62,URBANA,TECNICO,3.52482,-76.29593,NO APLICA,NO APLICA,NO APLICA,CHOQUE,NO APLICA 2021,MASCULINO,NO APLICA,CAMION,CHEVROLET,NO APLICA 2021,PARTICULAR,NO APLICA
940,HERIDOS,2021-06-24,2021,21:50,NOCHE,JUEVES,PERSEVERANCIA,CALLE 11 CARRERA 25N,URBANA,TECNICO,3.50995,-76.2985,MOTOCICLISTA,1,NO APLICA,CHOQUE,NO APLICA 2021,FEMENINA,PALMA,MOTO,AKT,NO APLICA 2021,PARTICULAR,NO APLICA
941,HERIDOS,2021-06-24,2021,21:50,NOCHE,JUEVES,PERSEVERANCIA,CALLE 11 CARRERA 25N,URBANA,TECNICO,3.50995,-76.2985,MOTOCICLISTA,NO APLICA,NO APLICA,CHOQUE,NO APLICA 2021,MASCULINO,NO APLICA,AUTOMOVIL,KIA,NO APLICA 2021,PARTICULAR,NO APLICA
942,HERIDOS,2021-06-23,2021,20:00,NOCHE,MIERCOLES,CENTRO,CALLE 29 CARRERA 25,URBANA,TECNICO,3.52575,-76.29654,NO APLICA,NO APLICA,NO APLICA,CHOQUE,NO APLICA 2021,FEMENINA,NO APLICA,MOTO,SUZUKI,NO APLICA 2021,PARTICULAR,NO APLICA
943,HERIDOS,2021-06-23,2021,20:00,NOCHE,MIERCOLES,CENTRO,CALLE 29 CARRERA 25,URBANA,TECNICO,3.52575,-76.29654,NO APLICA,NO APLICA,NO APLICA,CHOQUE,NO APLICA 2021,MASCULINO,NO APLICA,MOTO,HONDA,NO APLICA 2021,PARTICULAR,NO APLICA
944,HERIDOS,2021-06-23,2021,20:00,NOCHE,MIERCOLES,CENTRO,CALLE 29 CARRERA 25,URBANA,TECNICO,3.52575,-76.29654,ACOMPAÑANTE MOTOCICLISTA,1,NO APLICA,CHOQUE,NO APLICA 2021,FEMENINA,NO APLICA,MOTO,SUZUKI,NO APLICA 2021,PARTICULAR,NO APLICA
945,HERIDOS,2021-06-24,2021,15:30,TARDE,JUEVES,TREBOL,CALLE 26A CARRERA 21,URBANA,TECNICO,3.5231,-76.29339,MOTOCICLISTA,1,NO APLICA,CHOQUE,NO APLICA 2021,MASCULINO,SANTA BARBARA,MOTO,HONDA,NO APLICA 2021,PARTICULAR,NO APLICA
946,HERIDOS,2021-06-24,2021,15:30,TARDE,JUEVES,TREBOL,CALLE 26A CARRERA 21,URBANA,TECNICO,3.5231,-76.29339,MOTOCICLISTA,NO APLICA,NO APLICA,CHOQUE,NO APLICA 2021,MASCULINO,NO APLICA,MOTO,YAMAHA,NO APLICA 2021,PARTICULAR,NO APLICA
948,DAÑOS,2021-06-24,2021,17:00,TARDE,JUEVES,MERCEDES,CALLE 65 CARRERA 25A-47,URBANA,TECNICO,3.55102,-76.28955,NO APLICA,NO APLICA,NO APLICA,CHOQUE,NO APLICA 2021,FEMENINA,NO APLICA,AUTOMOVIL,NISSAN,NO APLICA 2021,PARTICULAR,NO APLICA
950,DAÑOS,2021-06-25,2021,07:20,MAÑANA,VIERNES,DELICIAS,CARRERA 25 CALLE 25-17,URBANA,TECNICO,3.52224,-76.29704,NO APLICA,NO APLICA,NO APLICA,OTRO,NO APLICA 2021,MASCULINO,NO APLICA,TRACTO CAMION,KENWORTH,NO APLICA 2021,PUBLICO,TRANSPORTES REFRIGERADOS
951,DAÑOS,2021-06-25,2021,07:20,MAÑANA,VIERNES,DELICIAS,CARRERA 25 CALLE 25-17,URBANA,TECNICO,3.52224,-76.29704,NO APLICA,NO APLICA,NO APLICA,OTRO,NO APLICA 2021,MASCULINO,NO APLICA,NO APLICA,NO APLICA,NO APLICA 2021,NO APLICA,NO APLICA
952,DAÑOS,2021-06-26,2021,09:00,MAÑANA,SABADO,RIVERA ESCOBAR,CALLE 31 CARRERA 35,URBANA,TECNICO,3.52761,-76.29618,NO APLICA,NO APLICA,NO APLICA,CHOQUE,NO APLICA 2021,MASCULINO,NO APLICA,AUTOMOVIL,CHEVROLET,NO APLICA 2021,PARTICULAR,NO APLICA
953,DAÑOS,2021-06-26,2021,09:00,MAÑANA,SABADO,RIVERA ESCOBAR,CALLE 31 CARRERA 35,URBANA,TECNICO,3.52761,-76.29618,NO APLICA,NO APLICA,NO APLICA,CHOQUE,NO APLICA 2021,MASCULINO,NO APLICA,MOTO,SUZUKI,NO APLICA 2021,PARTICULAR,NO APLICA
954,HERIDOS,2021-06-26,2021,10:00,MAÑANA,SABADO,URIBE,CARRERA 21 CALLE 34,URBANA,TECNICO,3.53031,-76.29252,MOTOCICLISTA,1,NO APLICA,CHOQUE,NO APLICA 2021,MASCULINO,PALMIRA,MOTO,HERO,NO APLICA 2021,PARTICULAR,NO APLICA
955,HERIDOS,2021-06-26,2021,10:00,MAÑANA,SABADO,URIBE,CARRERA 21 CALLE 34,URBANA,TECNICO,3.53031,-76.29252,MOTOCICLISTA,1,NO APLICA,CHOQUE,NO APLICA 2021,FEMENINA,PALMIRA,MOTO,STARKER,NO APLICA 2021,PARTICULAR,NO APLICA
956,HERIDOS,2021-06-26,2021,10:00,MAÑANA,SABADO,URIBE,CARRERA 21 CALLE 34,URBANA,TECNICO,3.53031,-76.29252,ACOMPAÑANTE MOTOCICLISTA,1,NO APLICA,CHOQUE,NO APLICA 2021,FEMENINA,PALMIRA,MOTO,HERO,NO APLICA 2021,PARTICULAR,NO APLICA
957,DAÑOS,2021-06-26,2021,14:20,TARDE,SABADO,ESTONIA,CALLE 42 CARRERA 32A-25,URBANA,TECNICO,3.53837,-76.30089,NO APLICA,NO APLICA,NO APLICA,CHOQUE,NO APLICA 2021,MASCULINO,NO APLICA,AUTOMOVIL,HYUNDAI,NO APLICA 2021,PUBLICO,FLOTA PALMIRA
958,DAÑOS,2021-06-26,2021,14:20,TARDE,SABADO,ESTONIA,CALLE 42 CARRERA 32A-25,URBANA,TECNICO,3.53837,-76.30089,NO APLICA,NO APLICA,NO APLICA,CHOQUE,NO APLICA 2021,MASCULINO,NO APLICA,BUS,HINO,NO APLICA 2021,PUBLICO,COODETRANS PALMIRA
959,DAÑOS,2021-06-26,2021,17:10,TARDE,SABADO,CENTRO,CALLE 31 CARRERA 25-31,URBANA,TECNICO,3.52763,-76.29625,NO APLICA,NO APLICA,NO APLICA,CHOQUE,NO APLICA 2021,MASCULINO,NO APLICA,AUTOMOVIL,RENAULT,NO APLICA 2021,PARTICULAR,NO APLICA
960,DAÑOS,2021-06-26,2021,17:10,TARDE,SABADO,CENTRO,CALLE 31 CARRERA 25-31,URBANA,TECNICO,3.52763,-76.29625,NO APLICA,NO APLICA,NO APLICA,CHOQUE,NO APLICA 2021,MASCULINO,NO APLICA,MOTO,AKT,NO APLICA 2021,PARTICULAR,NO APLICA
961,HERIDOS,2021-06-28,2021,21:10,NOCHE,MIERCOLES,ESTONIA,CALLE 42 CARRERA 32,URBANA,TECNICO,3.53844,-76.30087,NO APLICA,NO APLICA,NO APLICA,CHOQUE,NO APLICA 2021,MASCULINO,NO APLICA,AUTOMOVIL,RENAULT,NO APLICA 2021,PARTICULAR,NO APLICA
962,HERIDOS,2021-06-28,2021,21:10,NOCHE,MIERCOLES,ESTONIA,CALLE 42 CARRERA 32,URBANA,TECNICO,3.53844,-76.30087,NO APLICA,1,NO APLICA,CHOQUE,NO APLICA 2021,MASCULINO,NO APLICA,MOTO,SUZUKI,NO APLICA 2021,PARTICULAR,NO APLICA
963,DAÑOS,2021-07-01,2021,08:30,MAÑANA,JUEVES,CENTRO,CALLE 31 CARRERA 33A,URBANA,TECNICO,3.52874,-76.3043,NO APLICA,NO APLICA,NO APLICA,CHOQUE,NO APLICA 2021,MASCULINO,NO APLICA,MOTO,YAMAHA,NO APLICA 2021,PARTICULAR,NO APLICA
964,DAÑOS,2021-07-01,2021,08:30,MAÑANA,JUEVES,CENTRO,CALLE 31 CARRERA 33A,URBANA,TECNICO,3.52874,-76.3043,NO APLICA,NO APLICA,NO APLICA,CHOQUE,NO APLICA 2021,MASCULINO,NO APLICA,AUTOMOVIL,RENAULT,NO APLICA 2021,PARTICULAR,NO APLICA
965,DAÑOS,2021-07-01,2021,11:00,MAÑANA,JUEVES,VIA PALMIRA CANDELARIA,KM 1,RURAL,TECNICO,3.49824,-76.31988,NO APLICA,NO APLICA,NO APLICA,CHOQUE,NO APLICA 2021,MASCULINO,NO APLICA,AUTOMOVIL,RENAULT,NO APLICA 2021,PARTICULAR,NO APLICA
966,DAÑOS,2021-07-01,2021,11:00,MAÑANA,JUEVES,VIA PALMIRA CANDELARIA,KM 1,RURAL,TECNICO,3.49824,-76.31988,NO APLICA,NO APLICA,NO APLICA,CHOQUE,NO APLICA 2021,MASCULINO,NO APLICA,AUTOMOVIL,SUZUKI,NO APLICA 2021,PARTICULAR,NO APLICA
967,DAÑOS,2021-07-01,2021,15:00,TARDE,JUEVES,VIA PALMIRA CORONADO,KM 6 + 800 MTS,RURAL,TECNICO,3.57172,-76.31544,NO APLICA,NO APLICA,NO APLICA,CHOQUE,NO APLICA 2021,MASCULINO,NO APLICA,MICROBUS,CHEVROLET,NO APLICA 2021,PUBLICO,TRANS GAVIOTA
968,DAÑOS,2021-07-01,2021,15:00,TARDE,JUEVES,VIA PALMIRA CORONADO,KM 6 + 800 MTS,RURAL,TECNICO,3.57172,-76.31544,NO APLICA,NO APLICA,NO APLICA,CHOQUE,NO APLICA 2021,MASCULINO,NO APLICA,AUTOMOVIL,CHEVROLET,NO APLICA 2021,PARTICULAR,NO APLICA
969,DAÑOS,2021-07-01,2021,16:40,TARDE,JUEVES,PRIMERO DE MAYO,CALLE 41 CARRERA 9,URBANA,TECNICO,3.53629,-76.28232,NO APLICA,NO APLICA,NO APLICA,CHOQUE,NO APLICA 2021,MASCULINO,NO APLICA,AUTOMOVIL,MAZDA,NO APLICA 2021,PARTICULAR,NO APLICA
970,HERIDOS,2021-07-01,2021,17:45,TARDE,JUEVES,DANUBIO,CALLE 33 CARRERA 19,URBANA,TECNICO,3.52925,-76.29045,MOTOCICLISTA,1,NO APLICA,CHOQUE,NO APLICA 2021,FEMENINA,FRACTURAS,MOTO,JIALING,NO APLICA 2021,PARTICULAR,NO APLICA
971,HERIDOS,2021-07-01,2021,17:45,TARDE,JUEVES,DANUBIO,CALLE 33 CARRERA 19,URBANA,TECNICO,3.52925,-76.29045,NO APLICA,NO APLICA,NO APLICA,CHOQUE,NO APLICA 2021,MASCULINO,NO APLICA,AUTOMOVIL,CHEVROLET,NO APLICA 2021,PARTICULAR,NO APLICA