,GRAVEDAD,FECHA,AÑO,HORA,JORNADA,DIA_SEMANA,BARRIO-CORREGIMIENTO-VIA,DIRECCION,ZONA,AUTORIDAD,LAT,LONG,CONDICION_VICTIMA,LESIONADO,HOMICIDIOS,TIPO_ACCIDENTE,HIPOTESIS,GENERO,CLINICA,CLASE_VEHICULO,MARCA,MATRICULA,TIPO DE SERVICIO,EMPRESA
972,HERIDOS,2021-07-02,2021,07:30,MAÑANA,VIERNES,NUEVO,CARRERA 32 CALLE 27,URBANA,TECNICO,3.52495,-76.30291,MOTOCICLISTA,1,NO APLICA,CHOQUE,NO APLICA 2021,MASCULINO,RAUL,MOTO,HONDA,NO APLICA 2021,PARTICULAR,NO APLICA
973,HERIDOS,2021-07-02,2021,07:30,MAÑANA,VIERNES,NUEVO,CARRERA 32 CALLE 27,URBANA,TECNICO,3.52495,-76.30291,NO APLICA,NO APLICA,NO APLICA,CHOQUE,NO APLICA 2021,MASCULINO,NO APLICA,CAMIONETA,MITSUBISHI,NO APLICA 2021,PARTICULAR,NO APLICA
974,DAÑOS,2021-07-02,2021,17:00,TARDE,VIERNES,VERSALLES,CALLE 42 CARRERA 30-70,URBANA,TECNICO,3.5382,-76.29918,NO APLICA,NO APLICA,NO APLICA,CHOQUE,NO APLICA 2021,FEMENINA,NO APLICA,AUTOMOVIL,CHEVROLET,NO APLICA 2021,PARTICULAR,NO APLICA
975,DAÑOS,2021-07-02,2021,17:00,TARDE,VIERNES,VERSALLES,CALLE 42 CARRERA 30-70,URBANA,TECNICO,3.5382,-76.29918,NO APLICA,NO APLICA,NO APLICA,CHOQUE,NO APLICA 2021,MASCULINO,NO APLICA,AUTOMOVIL,CHEVROLET,NO APLICA 2021,PARTICULAR,NO APLICA
976,HERIDOS,2021-07-02,2021,17:20,TARDE,VIERNES,SAN CAYETANO,CARRERA 23 CALLE 39,URBANA,TECNICO,3.53499,-76.29342,MOTOCICLISTA,1,NO APLICA,CHOQUE,NO APLICA 2021,FEMENINA,RAUL,MOTO,AKT,NO APLICA 2021,PARTICULAR,NO APLICA
977,HERIDOS,2021-07-02,2021,17:20,TARDE,VIERNES,SAN CAYETANO,CARRERA 23 CALLE 39,URBANA,TECNICO,3.53499,-76.29342,NO APLICA,NO APLICA,NO APLICA,CHOQUE,NO APLICA 2021,FEMENINA,NO APLICA,AUTOMOVIL,NISSAN,NO APLICA 2021,PARTICULAR,NO APLICA
978,DAÑOS,2021-07-03,2021,07:50,MAÑANA,SABADO,VERSALLES,CARRERA 28 CALLE 42,URBANA,TECNICO,3.5379,-76.29736,NO APLICA,NO APLICA,NO APLICA,CHOQUE,NO APLICA 2021,MASCULINO,NO APLICA,AUTOMOVIL,AUDI,NO APLICA 2021,PARTICULAR,NO APLICA
979,DAÑOS,2021-07-03,2021,07:50,MAÑANA,SABADO,VERSALLES,CARRERA 28 CALLE 42,URBANA,TECNICO,3.5379,-76.29736,NO APLICA,NO APLICA,NO APLICA,CHOQUE,NO APLICA 2021,MASCULINO,NO APLICA,TRACTO CAMION,KENWORTH,NO APLICA 2021,PUBLICO,NO APLICA
980,HERIDOS,2021-07-03,2021,00:40,MADRUGADA,SABADO,CENTRO,CALLE 29 CARRERA 31,URBANA,TECNICO,3.52651,-76.30185,MOTOCICLISTA,1,NO APLICA,CHOQUE,NO APLICA 2021,MASCULINO,PALMIRA,MOTO,HONDA,NO APLICA 2021,PARTICULAR,NO APLICA
981,HERIDOS,2021-07-03,2021,00:40,MADRUGADA,SABADO,CENTRO,CALLE 29 CARRERA 31,URBANA,TECNICO,3.52651,-76.30185,NO APLICA,NO APLICA,NO APLICA,CHOQUE,NO APLICA 2021,MASCULINO,NO APLICA,MAQUINARIA,COKUNDAI,NO APLICA 2021,PARTICULAR,NO APLICA
982,HERIDOS,2021-07-03,2021,00:40,MADRUGADA,SABADO,CENTRO,CALLE 29 CARRERA 31,URBANA,TECNICO,3.52651,-76.30185,ACOMPAÑANTE MOTOCICLISTA,1,NO APLICA,CHOQUE,NO APLICA 2021,FEMENINA,NO APLICA,NO APLICA,NO APLICA,NO APLICA 2021,NO APLICA,NO APLICA
983,HERIDOS,2021-07-03,2021,02:30,MADRUGADA,SABADO,LA EMILIA,CALLE 36 CARRERA 39,URBANA,TECNICO,3.53344,-76.30897,MOTOCICLISTA,1,NO APLICA,CHOQUE,NO APLICA 2021,MASCULINO,PALMIRA,MOTO,SUZUKI,NO APLICA 2021,PARTICULAR,NO APLICA
984,HERIDOS,2021-07-03,2021,02:30,MADRUGADA,SABADO,LA EMILIA,CALLE 36 CARRERA 39,URBANA,TECNICO,3.53344,-76.30897,MOTOCICLISTA,1,NO APLICA,CHOQUE,NO APLICA 2021,MASCULINO,PALMIRA,MOTO,KTM,NO APLICA 2021,PARTICULAR,NO APLICA
985,DAÑOS,2021-07-03,2021,10:15,MAÑANA,SABADO,PINOS,CALLE 41 CARRERA 21,URBANA,TECNICO,3.53649,-76.29172,NO APLICA,NO APLICA,NO APLICA,CHOQUE,NO APLICA 2021,MASCULINO,NO APLICA,AUTOMOVIL,MAZDA,NO APLICA 2021,PARTICULAR,NO APLICA
986,DAÑOS,2021-07-03,2021,10:15,MAÑANA,SABADO,PINOS,CALLE 41 CARRERA 21,URBANA,TECNICO,3.53649,-76.29172,NO APLICA,NO APLICA,NO APLICA,CHOQUE,NO APLICA 2021,MASCULINO,NO APLICA,AUTOMOVIL,CHERY,NO APLICA 2021,PARTICULAR,NO APLICA
987,HERIDOS,2021-07-05,2021,11:10,MAÑANA,LUNES,CENTRO,CARRERA 29 CALLE 27,URBANA,TECNICO,3.52459,-76.30013,MOTOCICLISTA,1,NO APLICA,CHOQUE,NO APLICA 2021,MASCULINO,PALMIRA,MOTO,SUZUKI,NO APLICA 2021,PARTICULAR,NO APLICA
988,HERIDOS,2021-07-05,2021,11:10,MAÑANA,LUNES,CENTRO,CARRERA 29 CALLE 27,URBANA,TECNICO,3.52459,-76.30013,NO APLICA,NO APLICA,NO APLICA,CHOQUE,NO APLICA 2021,MASCULINO,NO APLICA,MOTO,YAMAHA,NO APLICA 2021,PARTICULAR,NO APLICA
989,HERIDOS,2021-07-03,2021,11:15,MAÑANA,SABADO,URIBE,CALLE 33 CARRERA 23,URBANA,TECNICO,3.52959,-76.29347,NO APLICA,NO APLICA,NO APLICA,CHOQUE,NO APLICA 2021,MASCULINO,NO APLICA,AUTOMOVIL,RENAULT,NO APLICA 2021,PARTICULAR,NO APLICA
990,HERIDOS,2021-07-03,2021,11:15,MAÑANA,SABADO,URIBE,CALLE 33 CARRERA 23,URBANA,TECNICO,3.52959,-76.29347,NO APLICA,NO APLICA,NO APLICA,CHOQUE,NO APLICA 2021,MASCULINO,NO APLICA,AUTOMOVIL,CHEVROLET,NO APLICA 2021,PARTICULAR,NO APLICA
991,HERIDOS,2021-07-03,2021,11:15,MAÑANA,SABADO,URIBE,CALLE 33 CARRERA 23,URBANA,TECNICO,3.52959,-76.29347,ACOMPAÑANTE CONDUCTOR,1,NO APLICA,CHOQUE,NO APLICA 2021,FEMENINA,PALMIRA,NO APLICA,NO APLICA,NO APLICA 2021,NO APLICA,NO APLICA
992,DAÑOS,2021-07-03,2021,17:00,TARDE,SABADO,URIBE,CARRERA 21 CALLE 34,URBANA,TECNICO,3.53032,-76.29252,NO APLICA,NO APLICA,NO APLICA,CHOQUE,NO APLICA 2021,FEMENINA,NO APLICA,CAMIONETA,KIA,NO APLICA 2021,PARTICULAR,NO APLICA
993,DAÑOS,2021-07-03,2021,17:00,TARDE,SABADO,URIBE,CARRERA 21 CALLE 34,URBANA,TECNICO,3.53032,-76.29252,NO APLICA,NO APLICA,NO APLICA,CHOQUE,NO APLICA 2021,FEMENINA,NO APLICA,MOTO,HERO,NO APLICA 2021,PARTICULAR,NO APLICA
994,DAÑOS,2021-07-03,2021,22:00,NOCHE,SABADO,SAN PEDRO,CARRERA 19 CALLE 34,URBANA,TECNICO,3.53016,-76.29042,NO APLICA,NO APLICA,NO APLICA,CHOQUE,NO APLICA 2021,MASCULINO,NO APLICA,MOTO,HERO,NO APLICA 2021,PARTICULAR,NO APLICA
995,DAÑOS,2021-07-03,2021,22:00,NOCHE,SABADO,SAN PEDRO,CARRERA 19 CALLE 34,URBANA,TECNICO,3.53016,-76.29042,NO APLICA,NO APLICA,NO APLICA,CHOQUE,NO APLICA 2021,MASCULINO,NO APLICA,AUTOMOVIL,MAZDA,NO APLICA 2021,PARTICULAR,NO APLICA
996,HERIDOS,2021-07-04,2021,14:40,TARDE,DOMINGO,PRADO,CALLE 42 CARRERA 39-75,URBANA,TECNICO,3.53883,-76.31008,NO APLICA,NO APLICA,NO APLICA,CHOQUE,NO APLICA 2021,MASCULINO,NO APLICA,AUTOMOVIL,KIA,NO APLICA 2021,PUBLICO,NO APLICA
997,HERIDOS,2021-07-04,2021,14:40,TARDE,DOMINGO,PRADO,CALLE 42 CARRERA 39-75,URBANA,TECNICO,3.53883,-76.31008,MOTOCICLISTA,1,NO APLICA,CHOQUE,NO APLICA 2021,MASCULINO,PALMA,MOTO,HERO,NO APLICA 2021,PARTICULAR,NO APLICA
998,HERIDOS,2021-07-04,2021,14:40,TARDE,DOMINGO,PRADO,CALLE 42 CARRERA 39-75,URBANA,TECNICO,3.53883,-76.31008,ACOMPAÑANTE MOTOCICLISTA,1,NO APLICA,CHOQUE,NO APLICA 2021,MASCULINO,PALMA,NO APLICA,NO APLICA,NO APLICA 2021,NO APLICA,NO APLICA
999,HERIDOS,2021-07-04,2021,14:40,TARDE,DOMINGO,PRADO,CALLE 42 CARRERA 39-75,URBANA,TECNICO,3.53883,-76.31008,ACOMPAÑANTE MOTOCICLISTA,1,NO APLICA,CHOQUE,NO APLICA 2021,FEMENINA,PALMA,NO APLICA,NO APLICA,NO APLICA 2021,NO APLICA,NO APLICA
1000,HERIDOS,2021-07-04,2021,18:00,NOCHE,DOMINGO,ESTONIA,CALLE 45 CARRERA 32,URBANA,TECNICO,3.54046,-76.30068,NO APLICA,NO APLICA,NO APLICA,CHOQUE,NO APLICA 2021,FEMENINA,NO APLICA,AUTOMOVIL,HYUNDAI,NO APLICA 2021,PARTICULAR,NO APLICA
1001,HERIDOS,2021-07-04,2021,18:00,NOCHE,DOMINGO,ESTONIA,CALLE 45 CARRERA 32,URBANA,TECNICO,3.54046,-76.30068,MOTOCICLISTA,1,NO APLICA,CHOQUE,NO APLICA 2021,MASCULINO,PALMA,MOTO,AKT,NO APLICA 2021,PARTICULAR,NO APLICA
1002,HERIDOS,2021-07-04,2021,19:15,NOCHE,DOMINGO,CIUDAD DEL CAMPO,CALLE 100 CARRERA 22,RURAL,TECNICO,3.45741,-76.46787,MOTOCICLISTA,1,NO APLICA,CHOQUE,NO APLICA 2021,MASCULINO,UNIDAD MEDIA CALI,MOTO,HERO,NO APLICA 2021,PARTICULAR,NO APLICA
1003,HERIDOS,2021-07-04,2021,19:15,NOCHE,DOMINGO,CIUDAD DEL CAMPO,CALLE 100 CARRERA 22,RURAL,TECNICO,3.45741,-76.46787,NO APLICA,NO APLICA,NO APLICA,CHOQUE,NO APLICA 2021,MASCULINO,NO APLICA,MOTO,HONDA,NO APLICA 2021,PARTICULAR,NO APLICA
1004,HERIDOS,2021-07-04,2021,19:15,NOCHE,DOMINGO,CIUDAD DEL CAMPO,CALLE 100 CARRERA 22,RURAL,TECNICO,3.45741,-76.46787,ACOMPAÑANTE MOTOCICLISTA,1,NO APLICA,CHOQUE,NO APLICA 2021,FEMENINA,UNIDAD MEDIA CALI,NO APLICA,NO APLICA,NO APLICA 2021,NO APLICA,NO APLICA
1005,HERIDOS,2021-07-04,2021,23:30,NOCHE,DOMINGO,CIUDADELA PALMIRA,CALLE 24 CARRERA 17,URBANA,TECNICO,3.52177,-76.28997,MOTOCICLISTA,1,NO APLICA,CHOQUE,NO APLICA 2021,MASCULINO,PALMA,MOTO,SUZUKI,NO APLICA 2021,PARTICULAR,NO APLICA
1006,HERIDOS,2021-07-04,2021,23:30,NOCHE,DOMINGO,CIUDADELA PALMIRA,CALLE 24 CARRERA 17,URBANA,TECNICO,3.52177,-76.28997,MOTOCICLISTA,1,NO APLICA,CHOQUE,NO APLICA 2021,MASCULINO,PALMA,MOTO,VICTORY,NO APLICA 2021,PARTICULAR,NO APLICA
1007,HERIDOS,2021-07-04,2021,23:30,NOCHE,DOMINGO,CIUDADELA PALMIRA,CALLE 24 CARRERA 17,URBANA,TECNICO,3.52177,-76.28997,ACOMPAÑANTE MOTOCICLISTA,1,NO APLICA,CHOQUE,NO APLICA 2021,FEMENINA,PALMA,NO APLICA,NO APLICA,NO APLICA 2021,PARTICULAR,NO APLICA
1008,HERIDOS,2021-07-05,2021,15:30,TARDE,LUNES,GUAYACANES,CARRERA 18 CALLE 23,URBANA,TECNICO,3.52071,-76.29091,NO APLICA,NO APLICA,NO APLICA,CHOQUE,NO APLICA 2021,MASCULINO,NO APLICA,MOTO,HONDA,NO APLICA 2021,PARTICULAR,NO APLICA
1009,HERIDOS,2021-07-05,2021,15:30,TARDE,LUNES,GUAYACANES,CARRERA 18 CALLE 23,URBANA,TECNICO,3.52071,-76.29091,NO APLICA,NO APLICA,NO APLICA,CHOQUE,NO APLICA 2021,MASCULINO,NO APLICA,MOTO,SUZUKI,NO APLICA 2021,PARTICULAR,NO APLICA
1010,HERIDOS,2021-07-05,2021,15:30,TARDE,LUNES,GUAYACANES,CARRERA 18 CALLE 23,URBANA,TECNICO,3.52071,-76.29091,ACOMPAÑANTE MOTOCICLISTA,1,NO APLICA,CHOQUE,NO APLICA 2021,FEMENINA,NO APLICA,NO APLICA,NO APLICA,NO APLICA 2021,NO APLICA,NO APLICA
1011,DAÑOS,2021-07-05,2021,03:30,MADRUGADA,LUNES,ALTAMIRA,CARRERA 24 CALLE 46-55,URBANA,TECNICO,3.5415,-76.29331,NO APLICA,NO APLICA,NO APLICA,CHOQUE OBJETO FIJO,NO APLICA 2021,FEMENINA,NO APLICA,AUTOMOVIL,NISSAN,NO APLICA 2021,PARTICULAR,NO APLICA
1012,DAÑOS,2021-07-05,2021,20:30,NOCHE,LUNES,MERCEDES,DIAGONAL 28 CALLE 57,URBANA,TECNICO,3.54735,-76.29434,NO APLICA,NO APLICA,NO APLICA,CHOQUE,NO APLICA 2021,FEMENINA,NO APLICA,AUTOMOVIL,RENAULT,NO APLICA 2021,PARTICULAR,NO APLICA
1013,DAÑOS,2021-07-05,2021,20:30,NOCHE,LUNES,MERCEDES,DIAGONAL 28 CALLE 57,URBANA,TECNICO,3.54735,-76.29434,NO APLICA,NO APLICA,NO APLICA,CHOQUE,NO APLICA 2021,MASCULINO,NO APLICA,CAMPERO,RENAULT,NO APLICA 2021,PARTICULAR,NO APLICA
1014,HERIDOS,2021-07-06,2021,06:20,MAÑANA,MARTES,CENTRO,CALLE 31 CARRERA 29,URBANA,TECNICO,3.52803,-76.29963,MOTOCICLISTA,1,NO APLICA,CHOQUE,NO APLICA 2021,FEMENINA,PALMIRA,MOTO,KIMCO,NO APLICA 2021,PARTICULAR,NO APLICA
1015,HERIDOS,2021-07-06,2021,06:20,MAÑANA,MARTES,CENTRO,CALLE 31 CARRERA 29,URBANA,TECNICO,3.52803,-76.29963,NO APLICA,NO APLICA,NO APLICA,CHOQUE,NO APLICA 2021,MASCULINO,NO APLICA,MOTO,HONDA,NO APLICA 2021,PARTICULAR,NO APLICA
1016,DAÑOS,2021-07-06,2021,20:00,NOCHE,MARTES,URIBE,CALLE 35 CARRERA 21,URBANA,TECNICO,3.53121,-76.29245,NO APLICA,NO APLICA,NO APLICA,CHOQUE,NO APLICA 2021,MASCULINO,NO APLICA,AUTOMOVIL,RENAULT,NO APLICA 2021,PARTICULAR,NO APLICA
1017,DAÑOS,2021-07-06,2021,20:00,NOCHE,MARTES,URIBE,CALLE 35 CARRERA 21,URBANA,TECNICO,3.53121,-76.29245,NO APLICA,NO APLICA,NO APLICA,CHOQUE,NO APLICA 2021,FEMENINA,NO APLICA,AUTOMOVIL,RENAULT,NO APLICA 2021,PARTICULAR,NO APLICA
1018,DAÑOS,2021-07-07,2021,09:30,MAÑANA,MIERCOLES,BERLIN,CARRERA 31 CALLE 44-25,URBANA,TECNICO,3.53997,-76.29958,NO APLICA,NO APLICA,NO APLICA,CHOQUE,NO APLICA 2021,MASCULINO,NO APLICA,AUTOMOVIL,CHEVROLET,NO APLICA 2021,PARTICULAR,NO APLICA
1019,DAÑOS,2021-07-07,2021,09:30,MAÑANA,MIERCOLES,BERLIN,CARRERA 31 CALLE 44-25,URBANA,TECNICO,3.53997,-76.29958,NO APLICA,NO APLICA,NO APLICA,CHOQUE,NO APLICA 2021,MASCULINO,NO APLICA,CAMIONETA,TOYOTA,NO APLICA 2021,PARTICULAR,NO APLICA
1020,DAÑOS,2021-07-07,2021,12:00,TARDE,MIERCOLES,SANTA BARBARA,CALLE 31 CARRERA 43-44,URBANA,TECNICO,3.52916,-76.31811,NO APLICA,NO APLICA,NO APLICA,CHOQUE,NO APLICA 2021,MASCULINO,NO APLICA,AUTOMOVIL,CHEVROLET,NO APLICA 2021,PARTICULAR,NO APLICA
1021,DAÑOS,2021-07-07,2021,12:00,TARDE,MIERCOLES,SANTA BARBARA,CALLE 31 CARRERA 43-44,URBANA,TECNICO,3.52916,-76.31811,NO APLICA,NO APLICA,NO APLICA,CHOQUE,NO APLICA 2021,MASCULINO,NO APLICA,MOTO,HONDA,NO APLICA 2021,PARTICULAR,NO APLICA
1022,HERIDOS,2021-07-07,2021,14:30,TARDE,MIERCOLES,OBRERO,CALLE 35 CARRERA 24,URBANA,TECNICO,3.53153,-76.29497,NO APLICA,NO APLICA,NO APLICA,CHOQUE,NO APLICA 2021,MASCULINO,NO APLICA,AUTOMOVIL,RENAULT,NO APLICA 2021,PARTICULAR,NO APLICA
1023,HERIDOS,2021-07-07,2021,14:30,TARDE,MIERCOLES,OBRERO,CALLE 35 CARRERA 24,URBANA,TECNICO,3.53153,-76.29497,NO APLICA,NO APLICA,NO APLICA,CHOQUE,NO APLICA 2021,FEMENINA,NO APLICA,AUTOMOVIL,KIA,NO APLICA 2021,PARTICULAR,NO APLICA
1024,HERIDOS,2021-07-07,2021,14:30,TARDE,MIERCOLES,OBRERO,CALLE 35 CARRERA 24,URBANA,TECNICO,3.53153,-76.29497,ACOMPAÑANTE CONDUCTOR,1,NO APLICA,CHOQUE,NO APLICA 2021,MASCULINO,PALMIRA,NO APLICA,NO APLICA,NO APLICA 2021,NO APLICA,NO APLICA
1025,HERIDOS,2021-07-07,2021,14:30,TARDE,MIERCOLES,OBRERO,CALLE 35 CARRERA 24,URBANA,TECNICO,3.53153,-76.29497,ACOMPAÑANTE CONDUCTOR,1,NO APLICA,CHOQUE,NO APLICA 2021,MASCULINO,PALMIRA,NO APLICA,NO APLICA,NO APLICA 2021,NO APLICA,NO APLICA
1026,HERIDOS,2021-07-07,2021,14:30,TARDE,MIERCOLES,OBRERO,CALLE 35 CARRERA 24,URBANA,TECNICO,3.53153,-76.29497,ACOMPAÑANTE CONDUCTOR,1,NO APLICA,CHOQUE,NO APLICA 2021,MASCULINO,PALMIRA,NO APLICA,NO APLICA,NO APLICA 2021,NO APLICA,NO APLICA
1027,DAÑOS,2021-07-07,2021,16:50,TARDE,MIERCOLES,SANTA BARBARA,CARRERA 44 CALLE 27-31,URBANA,TECNICO,3.52579,-76.31496,NO APLICA,NO APLICA,NO APLICA,CHOQUE,NO APLICA 2021,MASCULINO,NO APLICA,AUTOMOVIL,KIA,NO APLICA 2021,PARTICULAR,NO APLICA
1028,DAÑOS,2021-07-07,2021,16:50,TARDE,MIERCOLES,SANTA BARBARA,CARRERA 44 CALLE 27-31,URBANA,TECNICO,3.52579,-76.31496,NO APLICA,NO APLICA,NO APLICA,CHOQUE,NO APLICA 2021,MASCULINO,NO APLICA,MOTO,HONDA,NO APLICA 2021,PARTICULAR,NO APLICA
1029,DAÑOS,2021-07-07,2021,17:10,TARDE,MIERCOLES,VERSALLES,CALLE 42 CARRERA 30,URBANA,TECNICO,3.53806,-76.29879,NO APLICA,NO APLICA,NO APLICA,CHOQUE,NO APLICA 2021,MASCULINO,NO APLICA,CAMIONETA,KIA,NO APLICA 2021,PARTICULAR,NO APLICA
1030,DAÑOS,2021-07-07,2021,17:10,TARDE,MIERCOLES,VERSALLES,CALLE 42 CARRERA 30,URBANA,TECNICO,3.53806,-76.29879,NO APLICA,NO APLICA,NO APLICA,CHOQUE,NO APLICA 2021,MASCULINO,NO APLICA,MOTO,HONDA,NO APLICA 2021,PARTICULAR,NO APLICA
1031,DAÑOS,2021-07-07,2021,17:20,TARDE,MIERCOLES,INDUSTRIAL,CARRERA 35 CALLE 42,URBANA,TECNICO,3.53875,-76.30693,NO APLICA,NO APLICA,NO APLICA,CHOQUE,NO APLICA 2021,MASCULINO,NO APLICA,CAMION,JMC,NO APLICA 2021,PARTICULAR,NO APLICA
1032,DAÑOS,2021-07-07,2021,17:20,TARDE,MIERCOLES,INDUSTRIAL,CARRERA 35 CALLE 42,URBANA,TECNICO,3.53875,-76.30693,NO APLICA,NO APLICA,NO APLICA,CHOQUE,NO APLICA 2021,MASCULINO,NO APLICA,CAMIONETA,CHEVROLET,NO APLICA 2021,PARTICULAR,NO APLICA
1033,HERIDOS,2021-07-07,2021,22:06,NOCHE,MIERCOLES,LA EMILIA,CALLE 37 CARRERA 36,URBANA,TECNICO,3.5347,-76.30672,NO APLICA,NO APLICA,NO APLICA,ATROPELLO,NO APLICA 2021,MASCULINO,NO APLICA,MOTO,YAMAHA,NO APLICA 2021,PARTICULAR,NO APLICA
1034,HERIDOS,2021-07-07,2021,22:06,NOCHE,MIERCOLES,LA EMILIA,CALLE 37 CARRERA 36,URBANA,TECNICO,3.5347,-76.30672,PEATON,1,NO APLICA,ATROPELLO,NO APLICA 2021,MASCULINO,PALMIRA,NO APLICA,NO APLICA,NO APLICA 2021,NO APLICA,NO APLICA
1035,DAÑOS,2021-07-08,2021,10:00,MAÑANA,JUEVES,OBRERO,CARRERA 26 CALLE 35,URBANA,TECNICO,3.53176,-76.29643,NO APLICA,NO APLICA,NO APLICA,CHOQUE,NO APLICA 2021,MASCULINO,NO APLICA,CAMIONETA,HYUNDAI,NO APLICA 2021,PARTICULAR,NO APLICA
1036,DAÑOS,2021-07-08,2021,10:00,MAÑANA,JUEVES,OBRERO,CARRERA 26 CALLE 35,URBANA,TECNICO,3.53176,-76.29643,NO APLICA,NO APLICA,NO APLICA,CHOQUE,NO APLICA 2021,MASCULINO,NO APLICA,CAMIONETA,NISSAN,NO APLICA 2021,PARTICULAR,NO APLICA
1037,HERIDOS,2021-07-08,2021,06:00,MAÑANA,JUEVES,VIA PALMIRA CANDELARIA,KM 1,RURAL,TECNICO,3.49824,-76.31988,NO APLICA,NO APLICA,NO APLICA,CHOQUE,NO APLICA 2021,MASCULINO,NO APLICA,AUTOMOVIL,MAZDA,NO APLICA 2021,PARTICULAR,NO APLICA
1038,HERIDOS,2021-07-08,2021,06:00,MAÑANA,JUEVES,VIA PALMIRA CANDELARIA,KM 1,RURAL,TECNICO,3.49824,-76.31988,MOTOCICLISTA,1,NO APLICA,CHOQUE,NO APLICA 2021,MASCULINO,PALMIRA,MOTO,AKT,NO APLICA 2021,PARTICULAR,NO APLICA
1039,DAÑOS,2021-07-08,2021,16:40,TARDE,JUEVES,RECREO,CARRERA 30 CALLE 18,URBANA,TECNICO,3.51695,-76.30256,NO APLICA,NO APLICA,NO APLICA,CHOQUE,NO APLICA 2021,MASCULINO,NO APLICA,MOTO,KAWASAKI,NO APLICA 2021,PARTICULAR,NO APLICA
1040,DAÑOS,2021-07-08,2021,16:40,TARDE,JUEVES,RECREO,CARRERA 30 CALLE 18,URBANA,TECNICO,3.51695,-76.30256,NO APLICA,NO APLICA,NO APLICA,CHOQUE,NO APLICA 2021,MASCULINO,NO APLICA,MOTO,HONDA,NO APLICA 2021,PARTICULAR,NO APLICA
1041,DAÑOS,2021-07-08,2021,14:00,TARDE,JUEVES,VIA CALI PALMIRA,ITALCON,RURAL,TECNICO,3.51054,-76.40514,NO APLICA,NO APLICA,NO APLICA,CHOQUE,NO APLICA 2021,MASCULINO,NO APLICA,CAMION,CHEVROLET,NO APLICA 2021,PUBLICO,NO APLICA
1042,DAÑOS,2021-07-08,2021,14:00,TARDE,JUEVES,VIA CALI PALMIRA,ITALCON,RURAL,TECNICO,3.51054,-76.40514,NO APLICA,NO APLICA,NO APLICA,CHOQUE,NO APLICA 2021,MASCULINO,NO APLICA,CAMION,JAC,NO APLICA 2021,PARTICULAR,NO APLICA
1043,DAÑOS,2021-07-09,2021,16:00,TARDE,VIERNES,CENTRO POBLADO ROZO,CALLE 10 CARRERA 14A,RURAL,TECNICO,3.61497,-76.3902,NO APLICA,NO APLICA,NO APLICA,CHOQUE,NO APLICA 2021,MASCULINO,NO APLICA,CAMPERO,TOYOTA,NO APLICA 2021,PARTICULAR,NO APLICA
1044,DAÑOS,2021-07-09,2021,16:00,TARDE,VIERNES,CENTRO POBLADO ROZO,CALLE 10 CARRERA 14A,RURAL,TECNICO,3.61497,-76.3902,NO APLICA,NO APLICA,NO APLICA,CHOQUE,NO APLICA 2021,MASCULINO,NO APLICA,CAMIONETA,DFSK,NO APLICA 2021,PUBLICO,NO APLICA
1045,DAÑOS,2021-07-09,2021,20:40,NOCHE,VIERNES,COLOMBIA,CARRERA 32 CALLE 39 -18,URBANA,TECNICO,3.53628,-76.30115,NO APLICA,NO APLICA,NO APLICA,CHOQUE,NO APLICA 2021,MASCULINO,NO APLICA,AUTOMOVIL,KIA,NO APLICA 2021,PUBLICO,COOTRANSPAL
1046,DAÑOS,2021-07-09,2021,20:40,NOCHE,VIERNES,COLOMBIA,CARRERA 32 CALLE 39 -18,URBANA,TECNICO,3.53628,-76.30115,NO APLICA,NO APLICA,NO APLICA,CHOQUE,NO APLICA 2021,MASCULINO,NO APLICA,AUTOMOVIL,RENAULT,NO APLICA 2021,PARTICULAR,NO APLICA
1047,DAÑOS,2021-07-10,2021,12:00,TARDE,SABADO,ITALIA,DIAGONAL 30 CALLE 12,URBANA,TECNICO,3.51167,-76.30269,NO APLICA,NO APLICA,NO APLICA,CHOQUE,NO APLICA 2021,MASCULINO,NO APLICA,CAMIONETA,DFSK,NO APLICA 2021,PUBLICO,NO APLICA
1048,DAÑOS,2021-07-10,2021,12:00,TARDE,SABADO,ITALIA,DIAGONAL 30 CALLE 12,URBANA,TECNICO,3.51167,-76.30269,NO APLICA,NO APLICA,NO APLICA,CHOQUE,NO APLICA 2021,MASCULINO,NO APLICA,MOTO,YAMAHA,NO APLICA 2021,PARTICULAR,NO APLICA
1049,DAÑOS,2021-07-10,2021,12:50,TARDE,SABADO,VIA CORONADO ROZO,KM 4 + 400 MTS,RURAL,TECNICO,3.56988,-76.3141,NO APLICA,NO APLICA,NO APLICA,CHOQUE,NO APLICA 2021,MASCULINO,NO APLICA,CAMIONETA,KIA,NO APLICA 2021,PARTICULAR,NO APLICA
1050,DAÑOS,2021-07-10,2021,12:50,TARDE,SABADO,VIA CORONADO ROZO,KM 4 + 400 MTS,RURAL,TECNICO,3.56988,-76.3141,NO APLICA,NO APLICA,NO APLICA,CHOQUE,NO APLICA 2021,MASCULINO,NO APLICA,AUTOMOVIL,CHEVROLET,NO APLICA 2021,PARTICULAR,NO APLICA
1051,MUERTO,2021-07-11,2021,03:45,MADRUGADA,DOMINGO,ZAMORANO,DIAGONAL 61 CARRERA 33,URBANA,TECNICO,3.55631,-76.30185,MOTOCICLISTA,NO APLICA,1,CHOQUE OBJETO FIJO,NO APLICA 2021,MASCULINO,NO APLICA,MOTO,SUZUKI,NO APLICA 2021,PARTICULAR,NO APLICA