,GRAVEDAD,FECHA,AÑO,HORA,JORNADA,DIA_SEMANA,BARRIO-CORREGIMIENTO-VIA,DIRECCION,ZONA,AUTORIDAD,LAT,LONG,CONDICION_VICTIMA,LESIONADO,HOMICIDIOS,TIPO_ACCIDENTE,HIPOTESIS,GENERO,CLINICA,CLASE_VEHICULO,MARCA,MATRICULA,TIPO DE SERVICIO,EMPRESA
1052,DAÑOS,2021-07-11,2021,14:00,TARDE,DOMINGO,VERSALLES,CALLE 42 CARRERA 28-13,URBANA,TECNICO,3.53787,-76.29755,NO APLICA,NO APLICA,NO APLICA,CHOQUE,NO APLICA 2021,MASCULINO,NO APLICA,AUTOMOVIL,KIA,NO APLICA 2021,PARTICULAR,NO APLICA
1053,DAÑOS,2021-07-11,2021,14:00,TARDE,DOMINGO,VERSALLES,CALLE 42 CARRERA 28-13,URBANA,TECNICO,3.53787,-76.29755,NO APLICA,NO APLICA,NO APLICA,CHOQUE,NO APLICA 2021,MASCULINO,NO APLICA,CAMION,JAC,NO APLICA 2021,PUBLICO,NO APLICA
1054,MUERTO,2021-07-11,2021,01:10,MADRUGADA,DOMINGO,SAN PEDRO,CALLE 40 CARRERA 19,URBANA,TECNICO,3.53706,-76.29064,MOTOCICLISTA,NO APLICA,1,VOLCAMIENTO,NO APLICA 2021,MASCULINO,NO APLICA,MOTO,SUZUKI,NO APLICA 2021,PARTICULAR,NO APLICA
1055,HERIDOS,2021-07-11,2021,23:30,NOCHE,DOMINGO,ZAMORANO,CARRERA 28 CALLE 65A-25,URBANA,TECNICO,3.55262,-76.2934,NO APLICA,NO APLICA,NO APLICA,CHOQUE,NO APLICA 2021,MASCULINO,NO APLICA,BUS,CHEVROLET,NO APLICA 2021,PARTICULAR,NO APLICA
1056,HERIDOS,2021-07-11,2021,23:30,NOCHE,DOMINGO,ZAMORANO,CARRERA 28 CALLE 65A-25,URBANA,TECNICO,3.55262,-76.2934,MOTOCICLISTA,1,NO APLICA,CHOQUE,NO APLICA 2021,MASCULINO,PALMIRA,MOTO,AKT,NO APLICA 2021,PARTICULAR,NO APLICA
1057,DAÑOS,2021-07-12,2021,02:30,MADRUGADA,LUNES,SANTA ISABEL,CARRERA 28 CALLE 43,URBANA,TECNICO,3.53888,-76.29721,NO APLICA,NO APLICA,NO APLICA,CHOQUE OBJETO FIJO,NO APLICA 2021,MASCULINO,NO APLICA,AUTOMOVIL,VOLKSWAGEN,NO APLICA 2021,PARTICULAR,NO APLICA
1058,DAÑOS,2021-07-12,2021,17:30,TARDE,LUNES,CAMPESTRE,CALLE 42 CARRERA 6-09,URBANA,TECNICO,3.53684,-76.2793,NO APLICA,NO APLICA,NO APLICA,CHOQUE,NO APLICA 2021,MASCULINO,NO APLICA,CAMIONETA,RENAULT,NO APLICA 2021,PARTICULAR,NO APLICA
1059,DAÑOS,2021-07-12,2021,17:30,TARDE,LUNES,CAMPESTRE,CALLE 42 CARRERA 6-09,URBANA,TECNICO,3.53684,-76.2793,NO APLICA,NO APLICA,NO APLICA,CHOQUE,NO APLICA 2021,MASCULINO,NO APLICA,MICROBUS,NISSAN,NO APLICA 2021,PUBLICO,LINEAS UNIVERSITARIAS
1060,DAÑOS,2021-07-12,2021,18:45,NOCHE,LUNES,SAN CAYETANO,CALLE 42 CARRERA 25,URBANA,TECNICO,3.53758,-76.29451,NO APLICA,NO APLICA,NO APLICA,CHOQUE,NO APLICA 2021,MASCULINO,NO APLICA,AUTOMOVIL,KIA,NO APLICA 2021,PUBLICO,COOP TRANS PALMERAS
1061,DAÑOS,2021-07-12,2021,18:45,NOCHE,LUNES,SAN CAYETANO,CALLE 42 CARRERA 25,URBANA,TECNICO,3.53758,-76.29451,NO APLICA,NO APLICA,NO APLICA,CHOQUE,NO APLICA 2021,MASCULINO,NO APLICA,AUTOMOVIL,KIA,NO APLICA 2021,PARTICULAR,NO APLICA
1062,HERIDOS,2021-07-12,2021,21:00,NOCHE,LUNES,LA EMILIA,CALLE 35 CARRERA 36,URBANA,TECNICO,3.53314,-76.30641,MOTOCICLISTA,1,NO APLICA,CHOQUE,NO APLICA 2021,MASCULINO,PALMA,MOTO,YAMAHA,NO APLICA 2021,PARTICULAR,NO APLICA
1063,HERIDOS,2021-07-12,2021,21:00,NOCHE,LUNES,LA EMILIA,CALLE 35 CARRERA 36,URBANA,TECNICO,3.53314,-76.30641,NO APLICA,NO APLICA,NO APLICA,CHOQUE,NO APLICA 2021,MASCULINO,NO APLICA,AUTOMOVIL,CHEVROLET,NO APLICA 2021,PARTICULAR,NO APLICA
1064,DAÑOS,2021-07-12,2021,12:10,TARDE,LUNES,CENTRO,CARRERA 23 CALLE 27-76,URBANA,TECNICO,3.52421,-76.29505,NO APLICA,NO APLICA,NO APLICA,CHOQUE,NO APLICA 2021,MASCULINO,NO APLICA,MOTOCARRO,AYCO,NO APLICA 2021,PUBLICO,NO APLICA
1065,DAÑOS,2021-07-12,2021,12:10,TARDE,LUNES,CENTRO,CARRERA 23 CALLE 27-76,URBANA,TECNICO,3.52421,-76.29505,NO APLICA,NO APLICA,NO APLICA,CHOQUE,NO APLICA 2021,MASCULINO,NO APLICA,AUTOMOVIL,RENAULT,NO APLICA 2021,OFICIAL,NO APLICA
1066,MUERTO,2021-07-12,2021,20:40,NOCHE,LUNES,VIA PALMASECA EL CERRITO,KM 14 + 450 MTS,RURAL,POLICIA,3.62371,-76.39341,CONDUCTOR,NO APLICA,1,CHOQUE,NO APLICA 2021,MASCULINO,NO APLICA,AUTOMOVIL,CHEVROLET,NO APLICA 2021,PARTICULAR,NO APLICA
1067,MUERTO,2021-07-12,2021,20:40,NOCHE,LUNES,VIA PALMASECA EL CERRITO,KM 14 + 450 MTS,RURAL,POLICIA,3.62371,-76.39341,ACOMPAÑANTE CONDUCTOR,NO APLICA,1,CHOQUE,NO APLICA 2021,MASCULINO,NO APLICA,AUTOMOVIL,CHEVROLET,NO APLICA 2021,PARTICULAR,NO APLICA
1068,HERIDOS,2021-07-13,2021,08:30,MAÑANA,MARTES,SANTA RITA,CARRERA 27 CALLE 38,URBANA,TECNICO,3.53466,-76.29674,MOTOCICLISTA,1,NO APLICA,CHOQUE,NO APLICA 2021,MASCULINO,PALMA,MOTO,SUZUKI,NO APLICA 2021,PARTICULAR,NO APLICA
1069,HERIDOS,2021-07-13,2021,08:30,MAÑANA,MARTES,SANTA RITA,CARRERA 27 CALLE 38,URBANA,TECNICO,3.53466,-76.29674,NO APLICA,NO APLICA,NO APLICA,CHOQUE,NO APLICA 2021,MASCULINO,NO APLICA,AUTOMOVIL,HYUNDAI,NO APLICA 2021,PARTICULAR,NO APLICA
1070,HERIDOS,2021-07-12,2021,21:05,NOCHE,LUNES,SAN PEDRO,CALLE 42 CARRERA 19,URBANA,TECNICO,3.53704,-76.29071,NO APLICA,NO APLICA,NO APLICA,CHOQUE,NO APLICA 2021,MASCULINO,NO APLICA,CAMIONETA,CHEVROLET,NO APLICA 2021,PARTICULAR,NO APLICA
1071,HERIDOS,2021-07-12,2021,21:05,NOCHE,LUNES,SAN PEDRO,CALLE 42 CARRERA 19,URBANA,TECNICO,3.53704,-76.29071,MOTOCICLISTA,1,NO APLICA,CHOQUE,NO APLICA 2021,FEMENINA,PALMA,MOTO,HONDA,NO APLICA 2021,PARTICULAR,NO APLICA
1072,DAÑOS,2021-07-13,2021,15:15,TARDE,MARTES,SEMBRADOR,CARRERA 19 CALLE 18,URBANA,TECNICO,3.51763,-76.29093,NO APLICA,NO APLICA,NO APLICA,CHOQUE,NO APLICA 2021,MASCULINO,NO APLICA,AUTOMOVIL,RENAULT,NO APLICA 2021,PARTICULAR,NO APLICA
1073,DAÑOS,2021-07-13,2021,15:15,TARDE,MARTES,SEMBRADOR,CARRERA 19 CALLE 18,URBANA,TECNICO,3.51763,-76.29093,NO APLICA,NO APLICA,NO APLICA,CHOQUE,NO APLICA 2021,MASCULINO,NO APLICA,AUTOMOVIL,RENAULT,NO APLICA 2021,PARTICULAR,NO APLICA
1074,HERIDOS,2021-07-13,2021,18:15,NOCHE,MARTES,SAN CAYETANO,CALLE 42 CARRERA 25,URBANA,TECNICO,3.53758,-76.29451,NO APLICA,NO APLICA,NO APLICA,CHOQUE,NO APLICA 2021,MASCULINO,NO APLICA,CAMIONETA,CALI,NO APLICA 2021,PARTICULAR,NO APLICA
1075,HERIDOS,2021-07-13,2021,18:15,NOCHE,MARTES,SAN CAYETANO,CALLE 42 CARRERA 25,URBANA,TECNICO,3.53758,-76.29451,CICLISTA,1,NO APLICA,CHOQUE,NO APLICA 2021,FEMENINA,PALMA,BICICLETA,NO APLICA,NO APLICA 2021,PARTICULAR,NO APLICA
1076,HERIDOS,2021-07-13,2021,15:30,TARDE,MARTES,URIBE,CALLE 34 CARRERA 22,URBANA,TECNICO,3.53045,-76.29336,NO APLICA,NO APLICA,NO APLICA,CHOQUE,NO APLICA 2021,MASCULINO,NO APLICA,CAMPERO,NISSAN,NO APLICA 2021,PARTICULAR,NO APLICA
1077,HERIDOS,2021-07-13,2021,15:30,TARDE,MARTES,URIBE,CALLE 34 CARRERA 22,URBANA,TECNICO,3.53045,-76.29336,MOTOCICLISTA,1,NO APLICA,CHOQUE,NO APLICA 2021,MASCULINO,FRACTURAS,MOTO,HONDA,NO APLICA 2021,PARTICULAR,NO APLICA
1078,HERIDOS,2021-07-13,2021,20:10,NOCHE,MARTES,BENEDICTA,CALLE 47 CARRERA 34,URBANA,TECNICO,3.54248,-76.30218,MOTOCICLISTA,1,NO APLICA,CHOQUE,NO APLICA 2021,FEMENINA,PALMA,MOTO,YAMAHA,NO APLICA 2021,PARTICULAR,NO APLICA
1079,HERIDOS,2021-07-13,2021,20:10,NOCHE,MARTES,BENEDICTA,CALLE 47 CARRERA 34,URBANA,TECNICO,3.54248,-76.30218,NO APLICA,NO APLICA,NO APLICA,CHOQUE,NO APLICA 2021,MASCULINO,NO APLICA,MOTO,AUTECO,NO APLICA 2021,PARTICULAR,NO APLICA
1080,DAÑOS,2021-07-13,2021,21:00,NOCHE,MARTES,SESQUI,CARRERA 32 CALLE 8-10,URBANA,TECNICO,3.50726,-76.3118,NO APLICA,NO APLICA,NO APLICA,CHOQUE,NO APLICA 2021,MASCULINO,NO APLICA,MOTO,AKT,NO APLICA 2021,PARTICULAR,NO APLICA
1081,DAÑOS,2021-07-13,2021,21:00,NOCHE,MARTES,SESQUI,CARRERA 32 CALLE 8-10,URBANA,TECNICO,3.50726,-76.3118,NO APLICA,NO APLICA,NO APLICA,CHOQUE,NO APLICA 2021,MASCULINO,NO APLICA,CAMIONETA,NISSAN,NO APLICA 2021,PARTICULAR,NO APLICA
1082,DAÑOS,2021-07-14,2021,07:45,MAÑANA,MIERCOLES,CENTRO,CALLE 31 CARRERA 27,URBANA,TECNICO,3.52783,-76.29787,NO APLICA,NO APLICA,NO APLICA,CHOQUE,NO APLICA 2021,MASCULINO,NO APLICA,MOTO,HONDA,NO APLICA 2021,PARTICULAR,NO APLICA
1083,DAÑOS,2021-07-14,2021,07:45,MAÑANA,MIERCOLES,CENTRO,CALLE 31 CARRERA 27,URBANA,TECNICO,3.52783,-76.29787,NO APLICA,NO APLICA,NO APLICA,CHOQUE,NO APLICA 2021,MASCULINO,NO APLICA,CAMIONETA,RENAULT,NO APLICA 2021,PARTICULAR,NO APLICA
1084,DAÑOS,2021-07-14,2021,05:30,MADRUGADA,MIERCOLES,ORLIDIA,CALLE 44 CARRERA 6EA-18,URBANA,TECNICO,3.54028,-76.28142,NO APLICA,NO APLICA,NO APLICA,CHOQUE,NO APLICA 2021,FEMENINA,NO APLICA,MOTO,BAJAJ,NO APLICA 2021,PARTICULAR,NO APLICA
1085,DAÑOS,2021-07-14,2021,05:30,MADRUGADA,MIERCOLES,ORLIDIA,CALLE 44 CARRERA 6EA-18,URBANA,TECNICO,3.54028,-76.28142,NO APLICA,NO APLICA,NO APLICA,CHOQUE,NO APLICA 2021,MASCULINO,NO APLICA,AUTOMOVIL,NISSAN,NO APLICA 2021,PARTICULAR,NO APLICA
1086,HERIDOS,2021-07-14,2021,11:00,MAÑANA,MIERCOLES,PRIMERO DE MAYO,CALLE 42 CARRERA 11-33,URBANA,TECNICO,3.537,-76.28396,MOTOCICLISTA,1,NO APLICA,CHOQUE,NO APLICA 2021,MASCULINO,FRACTURAS,MOTO,HONDA,NO APLICA 2021,PARTICULAR,NO APLICA
1087,HERIDOS,2021-07-14,2021,11:00,MAÑANA,MIERCOLES,PRIMERO DE MAYO,CALLE 42 CARRERA 11-33,URBANA,TECNICO,3.537,-76.28396,CICLISTA,1,NO APLICA,CHOQUE,NO APLICA 2021,MASCULINO,PALMIRA,BICICLETA,NO APLICA,NO APLICA 2021,PARTICULAR,NO APLICA
1088,HERIDOS,2021-07-14,2021,11:00,MAÑANA,MIERCOLES,PRIMERO DE MAYO,CALLE 42 CARRERA 11-33,URBANA,TECNICO,3.537,-76.28396,ACOMPAÑANTE MOTOCICLISTA,1,NO APLICA,CHOQUE,NO APLICA 2021,MASCULINO,PALMA,NO APLICA,NO APLICA,NO APLICA 2021,NO APLICA,NO APLICA
1089,MUERTO,2021-07-14,2021,11:50,MAÑANA,MIERCOLES,SAN CAYETANO,CARRERA 25 CALLE 39-21,URBANA,TECNICO,3.53556,-76.29485,NO APLICA,NO APLICA,NO APLICA,CHOQUE,NO APLICA 2021,MASCULINO,NO APLICA,MOTO,JIALING,NO APLICA 2021,PARTICULAR,NO APLICA
1090,MUERTO,2021-07-14,2021,11:50,MAÑANA,MIERCOLES,SAN CAYETANO,CARRERA 25 CALLE 39-21,URBANA,TECNICO,3.53556,-76.29485,CICLISTA,NO APLICA,1,CHOQUE,NO APLICA 2021,MASCULINO,NO APLICA,BICICLETA,NO APLICA,NO APLICA 2021,PARTICULAR,NO APLICA
1091,HERIDOS,2021-07-14,2021,12:50,TARDE,MIERCOLES,COLOMBIA,CALLE 36 CARRERA 31,URBANA,TECNICO,3.53319,-76.30065,MOTOCICLISTA,1,NO APLICA,CHOQUE,NO APLICA 2021,MASCULINO,PALMA,MOTO,YAMAHA,NO APLICA 2021,PARTICULAR,NO APLICA
1092,HERIDOS,2021-07-14,2021,12:50,TARDE,MIERCOLES,COLOMBIA,CALLE 36 CARRERA 31,URBANA,TECNICO,3.53319,-76.30065,MOTOCICLISTA,1,NO APLICA,CHOQUE,NO APLICA 2021,MASCULINO,RAUL,MOTO,HONDA,NO APLICA 2021,PARTICULAR,NO APLICA
1093,HERIDOS,2021-07-14,2021,12:50,TARDE,MIERCOLES,COLOMBIA,CALLE 36 CARRERA 31,URBANA,TECNICO,3.53319,-76.30065,ACOMPAÑANTE MOTOCICLISTA,1,NO APLICA,CHOQUE,NO APLICA 2021,MASCULINO,PALMA,NO APLICA,NO APLICA,NO APLICA 2021,NO APLICA,NO APLICA
1094,HERIDOS,2021-07-14,2021,12:50,TARDE,MIERCOLES,COLOMBIA,CALLE 36 CARRERA 31,URBANA,TECNICO,3.53319,-76.30065,MOTOCICLISTA,1,NO APLICA,CHOQUE,NO APLICA 2021,MASCULINO,PALMA,MOTO,YAMAHA,NO APLICA 2021,PARTICULAR,NO APLICA
1095,DAÑOS,2021-07-14,2021,10:10,MAÑANA,MIERCOLES,CENTRO,CALLE 28 CARRERA 33,URBANA,TECNICO,3.52595,-76.30347,NO APLICA,NO APLICA,NO APLICA,CHOQUE,NO APLICA 2021,MASCULINO,NO APLICA,AUTOMOVIL,CHEVROLET,NO APLICA 2021,PARTICULAR,NO APLICA
1096,DAÑOS,2021-07-14,2021,10:10,MAÑANA,MIERCOLES,CENTRO,CALLE 28 CARRERA 33,URBANA,TECNICO,3.52595,-76.30347,NO APLICA,NO APLICA,NO APLICA,CHOQUE,NO APLICA 2021,MASCULINO,NO APLICA,AUTOMOVIL,CHEVROLET,NO APLICA 2021,PARTICULAR,NO APLICA
1097,DAÑOS,2021-07-14,2021,12:00,TARDE,MIERCOLES,BENEDICTA,CALLE 47 CARRERA 34-40,URBANA,TECNICO,3.54248,-76.30288,NO APLICA,NO APLICA,NO APLICA,CHOQUE,NO APLICA 2021,MASCULINO,NO APLICA,AUTOMOVIL,NISSAN,NO APLICA 2021,PARTICULAR,NO APLICA
1098,DAÑOS,2021-07-14,2021,12:00,TARDE,MIERCOLES,BENEDICTA,CALLE 47 CARRERA 34-40,URBANA,TECNICO,3.54248,-76.30288,NO APLICA,NO APLICA,NO APLICA,CHOQUE,NO APLICA 2021,MASCULINO,NO APLICA,CAMIONETA,TOYOTA,NO APLICA 2021,PARTICULAR,NO APLICA
1099,DAÑOS,2021-07-14,2021,17:00,TARDE,MIERCOLES,INDUSTRIAL,CALLE 42 CARRERA 36,URBANA,TECNICO,3.53902,-76.30753,NO APLICA,NO APLICA,NO APLICA,CHOQUE,NO APLICA 2021,MASCULINO,NO APLICA,MOTO,HONDA,NO APLICA 2021,PARTICULAR,NO APLICA
1100,DAÑOS,2021-07-14,2021,17:00,TARDE,MIERCOLES,INDUSTRIAL,CALLE 42 CARRERA 36,URBANA,TECNICO,3.53902,-76.30753,NO APLICA,NO APLICA,NO APLICA,CHOQUE,NO APLICA 2021,MASCULINO,NO APLICA,AUTOMOVIL,VOLKSWAGEN,NO APLICA 2021,PARTICULAR,NO APLICA
1101,HERIDOS,2021-07-15,2021,12:00,TARDE,JUEVES,PARAISO,TRASVERSAL 30 CALLE 4E-69,URBANA,TECNICO,3.517,-76.27411,MOTOCICLISTA,NO APLICA,1,CHOQUE,NO APLICA 2021,MASCULINO,PALMA,MOTO,SUZUKI,NO APLICA 2021,PARTICULAR,NO APLICA
1102,HERIDOS,2021-07-15,2021,12:00,TARDE,JUEVES,PARAISO,TRASVERSAL 30 CALLE 4E-69,URBANA,TECNICO,3.517,-76.27411,NO APLICA,NO APLICA,NO APLICA,CHOQUE,NO APLICA 2021,MASCULINO,NO APLICA,CAMIONETA,JAC,NO APLICA 2021,PARTICULAR,NO APLICA
1103,DAÑOS,2021-07-15,2021,10:10,MAÑANA,JUEVES,BOSQUE MORELLIA,CALLE 51 CARRERA 30A,URBANA,TECNICO,3.5447,-76.29795,NO APLICA,NO APLICA,NO APLICA,CHOQUE,NO APLICA 2021,MASCULINO,NO APLICA,AUTOMOVIL,KIA,NO APLICA 2021,PARTICULAR,NO APLICA
1104,DAÑOS,2021-07-15,2021,10:10,MAÑANA,JUEVES,BOSQUE MORELLIA,CALLE 51 CARRERA 30A,URBANA,TECNICO,3.5447,-76.29795,NO APLICA,NO APLICA,NO APLICA,CHOQUE,NO APLICA 2021,MASCULINO,NO APLICA,AUTOMOVIL,MAZDA,NO APLICA 2021,PARTICULAR,NO APLICA
1105,HERIDOS,2021-07-15,2021,17:40,TARDE,JUEVES,SANTA RITA,CARRERA 28 CALLE 34,URBANA,TECNICO,3.53118,-76.29829,MOTOCICLISTA,1,NO APLICA,CHOQUE,NO APLICA 2021,MASCULINO,PALMIRA,MOTO,YAMAHA,NO APLICA 2021,PARTICULAR,NO APLICA
1106,HERIDOS,2021-07-15,2021,17:40,TARDE,JUEVES,SANTA RITA,CARRERA 28 CALLE 34,URBANA,TECNICO,3.53118,-76.29829,NO APLICA,NO APLICA,NO APLICA,CHOQUE,NO APLICA 2021,MASCULINO,NO APLICA,AUTOMOVIL,CHEVROLET,NO APLICA 2021,PARTICULAR,NO APLICA
1107,DAÑOS,2021-07-15,2021,18:10,NOCHE,JUEVES,ESTONIA,CARRERA 31 CALLE 45A,URBANA,TECNICO,3.5408,-76.29953,NO APLICA,NO APLICA,NO APLICA,CHOQUE,NO APLICA 2021,FEMENINA,NO APLICA,AUTOMOVIL,MAZDA,NO APLICA 2021,PARTICULAR,NO APLICA
1108,DAÑOS,2021-07-15,2021,18:10,NOCHE,JUEVES,ESTONIA,CARRERA 31 CALLE 45A,URBANA,TECNICO,3.5408,-76.29953,NO APLICA,NO APLICA,NO APLICA,CHOQUE,NO APLICA 2021,MASCULINO,NO APLICA,AUTOMOVIL,RENAULT,NO APLICA 2021,PARTICULAR,NO APLICA
1109,DAÑOS,2021-07-15,2021,17:20,TARDE,JUEVES,CENTRO,CALLE 30 CARRERA 31-27,URBANA,TECNICO,3.5274,-76.30208,NO APLICA,NO APLICA,NO APLICA,CHOQUE,NO APLICA 2021,MASCULINO,NO APLICA,CAMIONETA,FORD,NO APLICA 2021,PARTICULAR,NO APLICA
1110,DAÑOS,2021-07-15,2021,17:20,TARDE,JUEVES,CENTRO,CALLE 30 CARRERA 31-27,URBANA,TECNICO,3.5274,-76.30208,NO APLICA,NO APLICA,NO APLICA,CHOQUE,NO APLICA 2021,MASCULINO,NO APLICA,CAMIONETA,SSANGYONG,NO APLICA 2021,PARTICULAR,NO APLICA
1111,MUERTO,2021-07-16,2021,11:20,MAÑANA,VIERNES,PARAISO,TRASVERSAL 30 CARRERA 4E,URBANA,TECNICO,3.517,-76.27411,NO APLICA,NO APLICA,NO APLICA,ATROPELLO,NO APLICA 2021,MASCULINO,NO APLICA,VOLQUETA,MERCEDES BENZ,NO APLICA 2021,PARTICULAR,NO APLICA
1112,MUERTO,2021-07-16,2021,11:20,MAÑANA,VIERNES,PARAISO,TRASVERSAL 30 CARRERA 4E,URBANA,TECNICO,3.517,-76.27411,PEATON,NO APLICA,1,ATROPELLO,NO APLICA 2021,MASCULINO,PALMIRA,NO APLICA,NO APLICA,NO APLICA 2021,NO APLICA,NO APLICA
1113,MUERTO,2021-07-16,2021,23:50,NOCHE,VIERNES,VIA CALI PALMIRA,KM 15 + 600 MTS,RURAL,POLICIA,3.52234,-76.34871,PEATON,NO APLICA,1,ATROPELLO,NO APLICA 2021,MASCULINO,NO APLICA,NO APLICA,NO APLICA,NO APLICA 2021,NO APLICA,NO APLICA
1114,MUERTO,2021-07-16,2021,23:50,NOCHE,VIERNES,VIA CALI PALMIRA,KM 15 + 600 MTS,RURAL,POLICIA,3.52234,-76.34871,PEATON,NO APLICA,1,ATROPELLO,NO APLICA 2021,FEMENINA,NO APLICA,NO APLICA,NO APLICA,NO APLICA 2021,NO APLICA,NO APLICA
1115,MUERTO,2021-07-16,2021,11:30,MAÑANA,VIERNES,OBRERO,CALLE 36 CARRERA 25,URBANA,TECNICO,3.53248,-76.29541,CICLISTA,NO APLICA,1,VOLCAMIENTO,NO APLICA 2021,MASCULINO,NO APLICA,BICICLETA,NO APLICA,NO APLICA 2021,PARTICULAR,NO APLICA
1116,HERIDOS,2021-07-18,2021,06:45,MAÑANA,DOMINGO,OBRERO,CARRERA 26 CALLE 34,URBANA,TECNICO,3.53091,-76.2965,MOTOCICLISTA,1,NO APLICA,CHOQUE,NO APLICA 2021,MASCULINO,PALMIRA,MOTO,HONDA,NO APLICA 2021,PARTICULAR,NO APLICA
1117,HERIDOS,2021-07-18,2021,06:45,MAÑANA,DOMINGO,OBRERO,CARRERA 26 CALLE 34,URBANA,TECNICO,3.53091,-76.2965,MOTOCICLISTA,1,NO APLICA,CHOQUE,NO APLICA 2021,MASCULINO,PALMIRA,MOTO,VICTORY,NO APLICA 2021,PARTICULAR,NO APLICA
1118,HERIDOS,2021-07-18,2021,06:45,MAÑANA,DOMINGO,OBRERO,CARRERA 26 CALLE 34,URBANA,TECNICO,3.53091,-76.2965,ACOMPAÑANTE MOTOCICLISTA,1,NO APLICA,CHOQUE,NO APLICA 2021,MASCULINO,PALMIRA,NO APLICA,NO APLICA,NO APLICA 2021,NO APLICA,NO APLICA
1119,DAÑOS,2021-07-18,2021,07:00,MAÑANA,DOMINGO,SESQUI,CALLE 11 CARRERA 27N-10,URBANA,TECNICO,3.51035,-76.30056,NO APLICA,NO APLICA,NO APLICA,CHOQUE OBJETO FIJO,NO APLICA 2021,MASCULINO,NO APLICA,AUTOMOVIL,KIA,NO APLICA 2021,PARTICULAR,NO APLICA
1120,DAÑOS,2021-07-18,2021,07:00,MAÑANA,DOMINGO,SESQUI,CALLE 11 CARRERA 27N-10,URBANA,TECNICO,3.51035,-76.30056,NO APLICA,NO APLICA,NO APLICA,CHOQUE,NO APLICA 2021,MASCULINO,NO APLICA,AUTOMOVIL,MAZDA,NO APLICA 2021,PARTICULAR,NO APLICA
1121,DAÑOS,2021-07-18,2021,09:00,MAÑANA,DOMINGO,CENTRO,CALLE 29 CARRERA 31,URBANA,TECNICO,3.5265,-76.30183,NO APLICA,NO APLICA,NO APLICA,CHOQUE,NO APLICA 2021,MASCULINO,NO APLICA,AUTOMOVIL,HYUNDAI,NO APLICA 2021,PARTICULAR,NO APLICA
1122,DAÑOS,2021-07-18,2021,09:00,MAÑANA,DOMINGO,CENTRO,CALLE 29 CARRERA 31,URBANA,TECNICO,3.5265,-76.30183,NO APLICA,NO APLICA,NO APLICA,CHOQUE,NO APLICA 2021,MASCULINO,NO APLICA,AUTOMOVIL,RENAULT,NO APLICA 2021,PARTICULAR,NO APLICA
1123,DAÑOS,2021-07-18,2021,11:00,MAÑANA,DOMINGO,CAMPESTRE,CALLE 42 CARRERA 6-39,URBANA,TECNICO,3.53688,-76.28197,NO APLICA,NO APLICA,NO APLICA,CHOQUE,NO APLICA 2021,MASCULINO,NO APLICA,AUTOMOVIL,MAZDA,NO APLICA 2021,PARTICULAR,NO APLICA
1124,DAÑOS,2021-07-18,2021,11:00,MAÑANA,DOMINGO,CAMPESTRE,CALLE 42 CARRERA 6-39,URBANA,TECNICO,3.53688,-76.28197,NO APLICA,NO APLICA,NO APLICA,CHOQUE,NO APLICA 2021,FEMENINA,NO APLICA,AUTOMOVIL,RENAULT,NO APLICA 2021,PARTICULAR,NO APLICA
1125,DAÑOS,2021-07-18,2021,11:00,MAÑANA,DOMINGO,CAMPESTRE,CALLE 42 CARRERA 6-39,URBANA,TECNICO,3.53688,-76.28197,NO APLICA,NO APLICA,NO APLICA,CHOQUE,NO APLICA 2021,MASCULINO,NO APLICA,AUTOMOVIL,KIA,NO APLICA 2021,PARTICULAR,NO APLICA
1126,DAÑOS,2021-07-19,2021,12:00,TARDE,LUNES,AMERICAS,CARRERA 28 CALLE 16A,URBANA,TECNICO,3.51537,-76.30066,NO APLICA,NO APLICA,NO APLICA,CHOQUE,NO APLICA 2021,MASCULINO,NO APLICA,MOTO,BAJAJ,NO APLICA 2021,PARTICULAR,NO APLICA
1127,DAÑOS,2021-07-19,2021,12:00,TARDE,LUNES,AMERICAS,CARRERA 28 CALLE 16A,URBANA,TECNICO,3.51537,-76.30066,NO APLICA,NO APLICA,NO APLICA,CHOQUE,NO APLICA 2021,FEMENINA,NO APLICA,AUTOMOVIL,CHEVROLET,NO APLICA 2021,PARTICULAR,NO APLICA
1128,DAÑOS,2021-07-19,2021,12:00,TARDE,LUNES,GUAYACANES SUR,CARRERA 33A CALLE 16-04,URBANA,TECNICO,3.5162,-76.30573,NO APLICA,NO APLICA,NO APLICA,CHOQUE,NO APLICA 2021,MASCULINO,NO APLICA,CAMIONETA,CHEVROLET,NO APLICA 2021,PARTICULAR,NO APLICA
1129,DAÑOS,2021-07-19,2021,12:00,TARDE,LUNES,GUAYACANES SUR,CARRERA 33A CALLE 16-04,URBANA,TECNICO,3.5162,-76.30573,NO APLICA,NO APLICA,NO APLICA,CHOQUE,NO APLICA 2021,MASCULINO,NO APLICA,CAMIONETA,NISSAN,NO APLICA 2021,PARTICULAR,NO APLICA
1130,HERIDOS,2021-07-19,2021,08:50,MAÑANA,LUNES,ESTONIA,CARRERA 32 CALLE 46,URBANA,TECNICO,3.5415,-76.30071,MOTOCICLISTA,1,NO APLICA,CHOQUE,NO APLICA 2021,MASCULINO,PALMA,MOTO,YAMAHA,NO APLICA 2021,PARTICULAR,NO APLICA