,GRAVEDAD,FECHA,AÑO,HORA,JORNADA,DIA_SEMANA,BARRIO-CORREGIMIENTO-VIA,DIRECCION,ZONA,AUTORIDAD,LAT,LONG,CONDICION_VICTIMA,LESIONADO,HOMICIDIOS,TIPO_ACCIDENTE,HIPOTESIS,GENERO,CLINICA,CLASE_VEHICULO,MARCA,MATRICULA,TIPO DE SERVICIO,EMPRESA
1131,HERIDOS,2021-07-19,2021,08:50,MAÑANA,LUNES,ESTONIA,CARRERA 32 CALLE 46,URBANA,TECNICO,3.5415,-76.30071,MOTOCICLISTA,1,NO APLICA,CHOQUE,NO APLICA 2021,MASCULINO,PALMA,MOTO,KAWASAKI,NO APLICA 2021,PARTICULAR,NO APLICA
1132,HERIDOS,2021-07-19,2021,19:10,NOCHE,LUNES,TRINIDAD,CALLE 29 CARRERA 23,URBANA,TECNICO,3.52554,-76.2949,MOTOCICLISTA,1,NO APLICA,CHOQUE,NO APLICA 2021,MASCULINO,PALMIRA,MOTO,HONDA,NO APLICA 2021,PARTICULAR,NO APLICA
1133,HERIDOS,2021-07-19,2021,19:10,NOCHE,LUNES,TRINIDAD,CALLE 29 CARRERA 23,URBANA,TECNICO,3.52554,-76.2949,NO APLICA,NO APLICA,NO APLICA,CHOQUE,NO APLICA 2021,MASCULINO,NO APLICA,AUTOMOVIL,RENAULT,NO APLICA 2021,PARTICULAR,NO APLICA
1134,HERIDOS,2021-07-19,2021,19:10,NOCHE,LUNES,TRINIDAD,CALLE 29 CARRERA 23,URBANA,TECNICO,3.52554,-76.2949,MOTOCICLISTA,1,NO APLICA,CHOQUE,NO APLICA 2021,MASCULINO,PALMIRA,MOTO,HONDA,NO APLICA 2021,PARTICULAR,NO APLICA
1135,DAÑOS,2021-07-16,2021,05:30,MADRUGADA,VIERNES,VERSALLES,CALLE 42 CARRERA 28-48,URBANA,TECNICO,3.53789,-76.29746,NO APLICA,NO APLICA,NO APLICA,CHOQUE,NO APLICA 2021,MASCULINO,NO APLICA,BUS,CHEVROLET,NO APLICA 2021,PUBLICO,NO APLICA
1136,DAÑOS,2021-07-16,2021,05:30,MADRUGADA,VIERNES,VERSALLES,CALLE 42 CARRERA 28-48,URBANA,TECNICO,3.53789,-76.29746,NO APLICA,NO APLICA,NO APLICA,CHOQUE,NO APLICA 2021,MASCULINO,NO APLICA,BUS,HINO,NO APLICA 2021,PUBLICO,COODETRANS PALMIRA
1137,DAÑOS,2021-07-20,2021,14:00,TARDE,MARTES,BENEDICTA,CALLE 47 A CARRERA 34C,URBANA,TECNICO,3.54292,-76.30476,NO APLICA,NO APLICA,NO APLICA,CHOQUE,NO APLICA 2021,MASCULINO,NO APLICA,BUS,CHEVROLET,NO APLICA 2021,PUBLICO,NO APLICA
1138,DAÑOS,2021-07-20,2021,14:00,TARDE,MARTES,BENEDICTA,CALLE 47 A CARRERA 34C,URBANA,TECNICO,3.54292,-76.30476,NO APLICA,NO APLICA,NO APLICA,CHOQUE,NO APLICA 2021,MASCULINO,NO APLICA,AUTOMOVIL,CHEVROLET,NO APLICA 2021,PARTICULAR,NO APLICA
1139,HERIDOS,2021-07-20,2021,20:20,NOCHE,MARTES,SEMBRADOR,CALLE 22 CARRERA 21,URBANA,TECNICO,3.51972,-76.29347,MOTOCICLISTA,1,NO APLICA,CHOQUE,NO APLICA 2021,MASCULINO,PALMIRA,MOTO,HONDA,NO APLICA 2021,PARTICULAR,NO APLICA
1140,HERIDOS,2021-07-20,2021,20:20,NOCHE,MARTES,SEMBRADOR,CALLE 22 CARRERA 21,URBANA,TECNICO,3.51972,-76.29347,MOTOCICLISTA,1,NO APLICA,CHOQUE,NO APLICA 2021,MASCULINO,RAUL,MOTO,AKT,NO APLICA 2021,PARTICULAR,NO APLICA
1141,HERIDOS,2021-07-20,2021,20:20,NOCHE,MARTES,SEMBRADOR,CALLE 22 CARRERA 21,URBANA,TECNICO,3.51972,-76.29347,ACOMPAÑANTE MOTOCICLISTA,1,NO APLICA,CHOQUE,NO APLICA 2021,FEMENINA,PALMIRA,NO APLICA,NO APLICA,NO APLICA 2021,NO APLICA,NO APLICA
1142,HERIDOS,2021-07-21,2021,06:50,MAÑANA,MIERCOLES,PINOS,CALLE 42 CARRERA 22,URBANA,TECNICO,3.53726,-76.2924,MOTOCICLISTA,1,NO APLICA,CHOQUE,NO APLICA 2021,MASCULINO,PALMA,MOTO,SUZUKI,NO APLICA 2021,PARTICULAR,NO APLICA
1143,HERIDOS,2021-07-21,2021,06:50,MAÑANA,MIERCOLES,PINOS,CALLE 42 CARRERA 22,URBANA,TECNICO,3.53726,-76.2924,MOTOCICLISTA,1,NO APLICA,CHOQUE,NO APLICA 2021,FEMENINA,PALMA,MOTO,YAMAHA,NO APLICA 2021,PARTICULAR,NO APLICA
1144,HERIDOS,2021-07-21,2021,13:40,TARDE,MIERCOLES,SANTA BARBARA,CALLE 31A CARRERA 38,URBANA,TECNICO,3.52978,-76.30779,MOTOCICLISTA,1,NO APLICA,CHOQUE,NO APLICA 2021,FEMENINA,FRACTURAS,MOTO,KIMCO,NO APLICA 2021,PARTICULAR,NO APLICA
1145,HERIDOS,2021-07-21,2021,13:40,TARDE,MIERCOLES,SANTA BARBARA,CALLE 31A CARRERA 38,URBANA,TECNICO,3.52978,-76.30779,NO APLICA,NO APLICA,NO APLICA,CHOQUE,NO APLICA 2021,FEMENINA,NO APLICA,AUTOMOVIL,MAZDA,NO APLICA 2021,PARTICULAR,NO APLICA
1146,HERIDOS,2021-07-21,2021,13:40,TARDE,MIERCOLES,SANTA BARBARA,CALLE 31A CARRERA 38,URBANA,TECNICO,3.52978,-76.30779,ACOMPAÑANTE MOTOCICLISTA,1,NO APLICA,CHOQUE,NO APLICA 2021,FEMENINA,FRACTURAS,NO APLICA,NO APLICA,NO APLICA 2021,NO APLICA,NO APLICA
1147,DAÑOS,2021-07-21,2021,16:40,TARDE,MIERCOLES,CHAPINERO SUR,CARRERA 32 CALLE 8,URBANA,TECNICO,3.50714,-76.31196,NO APLICA,NO APLICA,NO APLICA,CHOQUE,NO APLICA 2021,MASCULINO,NO APLICA,AUTOMOVIL,HYUNDAI,NO APLICA 2021,PUBLICO,UNITAX
1148,DAÑOS,2021-07-21,2021,16:40,TARDE,MIERCOLES,CHAPINERO SUR,CARRERA 32 CALLE 8,URBANA,TECNICO,3.50714,-76.31196,NO APLICA,NO APLICA,NO APLICA,CHOQUE,NO APLICA 2021,MASCULINO,NO APLICA,CAMIONETA,VOLKSWAGEN,NO APLICA 2021,PARTICULAR,NO APLICA
1149,MUERTO,2021-07-22,2021,15:20,TARDE,JUEVES,VIA CENCAR AEROPUERTO,KM 8 + 800 MTS,RURAL,POLICIA,3.55022,-76.41889,MOTOCICLISTA,NO APLICA,1,CHOQUE,NO APLICA 2021,MASCULINO,NO APLICA,MOTO,YAMAHA,NO APLICA 2021,PARTICULAR,NO APLICA
1150,MUERTO,2021-07-22,2021,18:30,NOCHE,JUEVES,VIA CALI PALMIRA,KM 2,RURAL,POLICIA,3.49502,-76.46624,PEATON,NO APLICA,1,ATROPELLO,NO APLICA 2021,MASCULINO,NO APLICA,NO APLICA,NO APLICA,NO APLICA 2021,NO APLICA,NO APLICA
1151,HERIDOS,2021-07-23,2021,01:30,MADRUGADA,VIERNES,CENTRO,CALLE 29 CARRERA 28,URBANA,TECNICO,3.52609,-76.2991,NO APLICA,NO APLICA,NO APLICA,CHOQUE,NO APLICA 2021,MASCULINO,NO APLICA,AUTOMOVIL,CHEVROLET,NO APLICA 2021,PARTICULAR,NO APLICA
1152,HERIDOS,2021-07-23,2021,01:30,MADRUGADA,VIERNES,CENTRO,CALLE 29 CARRERA 28,URBANA,TECNICO,3.52609,-76.2991,MOTOCICLISTA,1,NO APLICA,CHOQUE,NO APLICA 2021,FEMENINA,PALMIRA,MOTO,HERO,NO APLICA 2021,PARTICULAR,NO APLICA
1153,DAÑOS,2021-07-22,2021,09:00,MAÑANA,JUEVES,COLOMBIA,CARRERA 29 CALLE 35,URBANA,TECNICO,3.53209,-76.29898,NO APLICA,NO APLICA,NO APLICA,CHOQUE,NO APLICA 2021,MASCULINO,NO APLICA,AUTOMOVIL,KIA,NO APLICA 2021,PUBLICO,COOTRANSPAL
1154,DAÑOS,2021-07-22,2021,09:00,MAÑANA,JUEVES,COLOMBIA,CARRERA 29 CALLE 35,URBANA,TECNICO,3.53209,-76.29898,NO APLICA,NO APLICA,NO APLICA,CHOQUE,NO APLICA 2021,FEMENINA,NO APLICA,CAMIONETA,MAZDA,NO APLICA 2021,PARTICULAR,NO APLICA
1155,DAÑOS,2021-07-22,2021,11:50,MAÑANA,JUEVES,CENTRO,CARRERA 27 CALLE 30-120,URBANA,TECNICO,3.52717,-76.29805,NO APLICA,NO APLICA,NO APLICA,CHOQUE,NO APLICA 2021,MASCULINO,NO APLICA,AUTOMOVIL,CHEVROLET,NO APLICA 2021,PARTICULAR,NO APLICA
1156,DAÑOS,2021-07-22,2021,11:50,MAÑANA,JUEVES,CENTRO,CARRERA 27 CALLE 30-120,URBANA,TECNICO,3.52717,-76.29805,NO APLICA,NO APLICA,NO APLICA,CHOQUE,NO APLICA 2021,MASCULINO,NO APLICA,CAMPERO,KIA,NO APLICA 2021,PARTICULAR,NO APLICA
1157,MUERTO,2021-07-23,2021,15:50,TARDE,VIERNES,VIA PALMIRA AMAIME,KM 28,RURAL,POLICIA,3.58515,-76.27975,MOTOCICLISTA,NO APLICA,1,CHOQUE,NO APLICA 2021,MASCULINO,NO APLICA,MOTO,AUTECO,NO APLICA 2021,PARTICULAR,NO APLICA
1158,HERIDOS,2021-07-22,2021,13:30,TARDE,JUEVES,CHAPINERO SUR,CARRERA 32 CALLE 8,URBANA,TECNICO,3.50714,-76.31196,MOTOCICLISTA,1,NO APLICA,CHOQUE,NO APLICA 2021,MASCULINO,FRACTURAS,MOTO,HONDA,NO APLICA 2021,PARTICULAR,NO APLICA
1159,HERIDOS,2021-07-22,2021,13:30,TARDE,JUEVES,CHAPINERO SUR,CARRERA 32 CALLE 8,URBANA,TECNICO,3.50714,-76.31196,NO APLICA,NO APLICA,NO APLICA,CHOQUE,NO APLICA 2021,MASCULINO,NO APLICA,CAMIONETA,RENAULT,NO APLICA 2021,PARTICULAR,NO APLICA
1160,HERIDOS,2021-07-22,2021,13:00,TARDE,JUEVES,IGNACIO TORRES,CALLE 49 TRASVERSAL 34,URBANA,TECNICO,3.54386,-76.30757,MOTOCICLISTA,1,NO APLICA,CHOQUE,NO APLICA 2021,MASCULINO,PALMIRA,MOTO,SUZUKI,NO APLICA 2021,PARTICULAR,NO APLICA
1161,HERIDOS,2021-07-22,2021,13:00,TARDE,JUEVES,IGNACIO TORRES,CALLE 49 TRASVERSAL 34,URBANA,TECNICO,3.54386,-76.30757,MOTOCICLISTA,1,NO APLICA,CHOQUE,NO APLICA 2021,MASCULINO,PALMIRA,MOTO,KEEWAY,NO APLICA 2021,PARTICULAR,NO APLICA
1162,DAÑOS,2021-07-22,2021,15:30,TARDE,JUEVES,PRIMERO DE MAYO,CALLE 42 CARRERA 13-70,URBANA,TECNICO,3.53703,-76.28594,NO APLICA,NO APLICA,NO APLICA,CHOQUE,NO APLICA 2021,FEMENINA,NO APLICA,CAMIONETA,TOYOTA,NO APLICA 2021,PARTICULAR,NO APLICA
1163,DAÑOS,2021-07-22,2021,15:30,TARDE,JUEVES,PRIMERO DE MAYO,CALLE 42 CARRERA 13-70,URBANA,TECNICO,3.53703,-76.28594,NO APLICA,NO APLICA,NO APLICA,CHOQUE,NO APLICA 2021,MASCULINO,NO APLICA,MOTO,HONDA,NO APLICA 2021,PARTICULAR,NO APLICA
1164,DAÑOS,2021-07-23,2021,16:30,TARDE,VIERNES,MERCEDES,CALLE 57 CARRERA 28B-113,URBANA,TECNICO,3.5476,-76.29385,NO APLICA,NO APLICA,NO APLICA,CHOQUE,NO APLICA 2021,MASCULINO,NO APLICA,CAMIONETA,NISSAN,NO APLICA 2021,PARTICULAR,NO APLICA
1165,DAÑOS,2021-07-23,2021,16:30,TARDE,VIERNES,MERCEDES,CALLE 57 CARRERA 28B-113,URBANA,TECNICO,3.5476,-76.29385,NO APLICA,NO APLICA,NO APLICA,CHOQUE,NO APLICA 2021,FEMENINA,NO APLICA,AUTOMOVIL,RENAULT,NO APLICA 2021,PARTICULAR,NO APLICA
1166,DAÑOS,2021-07-23,2021,21:00,NOCHE,VIERNES,COLOMBINA,CALLE 29 CARRERA 22,URBANA,TECNICO,3.52541,-76.29399,NO APLICA,NO APLICA,NO APLICA,CHOQUE,NO APLICA 2021,MASCULINO,NO APLICA,AUTOMOVIL,HYUNDAI,NO APLICA 2021,PUBLICO,COOP TRANS VILLA
1167,DAÑOS,2021-07-23,2021,21:00,NOCHE,VIERNES,COLOMBINA,CALLE 29 CARRERA 22,URBANA,TECNICO,3.52541,-76.29399,NO APLICA,NO APLICA,NO APLICA,CHOQUE,NO APLICA 2021,MASCULINO,NO APLICA,MOTO,HONDA,NO APLICA 2021,PARTICULAR,NO APLICA
1168,DAÑOS,2021-07-23,2021,21:00,NOCHE,VIERNES,URIBE,CALLE 34 CARRERA 21,URBANA,TECNICO,3.53035,-76.29254,NO APLICA,NO APLICA,NO APLICA,CHOQUE,NO APLICA 2021,MASCULINO,NO APLICA,AUTOMOVIL,VOLKSWAGEN,NO APLICA 2021,PARTICULAR,NO APLICA
1169,DAÑOS,2021-07-23,2021,21:00,NOCHE,VIERNES,URIBE,CALLE 34 CARRERA 21,URBANA,TECNICO,3.53035,-76.29254,NO APLICA,NO APLICA,NO APLICA,CHOQUE,NO APLICA 2021,MASCULINO,NO APLICA,AUTOMOVIL,CHEVROLET,NO APLICA 2021,PARTICULAR,NO APLICA
1170,DAÑOS,2021-07-24,2021,09:30,MAÑANA,SABADO,MERCEDES,CALLE 59 CARRERA 25,URBANA,TECNICO,3.54879,-76.2891,NO APLICA,NO APLICA,NO APLICA,CHOQUE,NO APLICA 2021,MASCULINO,NO APLICA,AUTOMOVIL,KIA,NO APLICA 2021,PARTICULAR,NO APLICA
1171,DAÑOS,2021-07-24,2021,10:30,MAÑANA,SABADO,IGNACIO TORRES,CARRERA 35 CALLE 49,URBANA,TECNICO,3.54388,-76.30757,NO APLICA,NO APLICA,NO APLICA,CHOQUE,NO APLICA 2021,MASCULINO,NO APLICA,CAMPERO,TOYOTA,NO APLICA 2021,PARTICULAR,NO APLICA
1172,DAÑOS,2021-07-24,2021,10:30,MAÑANA,SABADO,IGNACIO TORRES,CARRERA 35 CALLE 49,URBANA,TECNICO,3.54388,-76.30757,NO APLICA,NO APLICA,NO APLICA,CHOQUE,NO APLICA 2021,MASCULINO,NO APLICA,BUSETA,NISSAN,NO APLICA 2021,PUBLICO,NO APLICA
1173,HERIDOS,2021-07-23,2021,22:30,NOCHE,VIERNES,ZAMORANO,DIAGONAL 65 CARRERA 33,URBANA,TECNICO,3.55811,-76.29934,MOTOCICLISTA,1,NO APLICA,CHOQUE,NO APLICA 2021,MASCULINO,PALMA,MOTO,TVS,NO APLICA 2021,PARTICULAR,NO APLICA
1174,HERIDOS,2021-07-23,2021,22:30,NOCHE,VIERNES,ZAMORANO,DIAGONAL 65 CARRERA 33,URBANA,TECNICO,3.55811,-76.29934,NO APLICA,NO APLICA,NO APLICA,CHOQUE,NO APLICA 2021,MASCULINO,NO APLICA,AUTOMOVIL,RENAULT,NO APLICA 2021,PARTICULAR,NO APLICA
1175,HERIDOS,2021-07-23,2021,22:30,NOCHE,VIERNES,ZAMORANO,DIAGONAL 65 CARRERA 33,URBANA,TECNICO,3.55811,-76.29934,ACOMPAÑANTE MOTOCICLISTA,1,NO APLICA,CHOQUE,NO APLICA 2021,MASCULINO,PALMA,NO APLICA,NO APLICA,NO APLICA 2021,NO APLICA,NO APLICA
1176,DAÑOS,2021-07-25,2021,09:50,MAÑANA,DOMINGO,CENTRO,CARRERA 33A CALLE 30-03,URBANA,TECNICO,3.52796,-76.30441,NO APLICA,NO APLICA,NO APLICA,CHOQUE,NO APLICA 2021,MASCULINO,NO APLICA,AUTOMOVIL,MAZDA,NO APLICA 2021,PARTICULAR,NO APLICA
1177,DAÑOS,2021-07-25,2021,09:50,MAÑANA,DOMINGO,CENTRO,CARRERA 33A CALLE 30-03,URBANA,TECNICO,3.52796,-76.30441,NO APLICA,NO APLICA,NO APLICA,CHOQUE,NO APLICA 2021,MASCULINO,NO APLICA,CAMION,MERCEDES BENZ,NO APLICA 2021,PUBLICO,NO APLICA
1178,DAÑOS,2021-07-23,2021,10:30,MAÑANA,VIERNES,INDUSTRIAL,CALLE 42 CARRERA 35,URBANA,TECNICO,3.5389,-76.30655,NO APLICA,NO APLICA,NO APLICA,CHOQUE,NO APLICA 2021,MASCULINO,NO APLICA,CAMIONETA,SSANGYONG,NO APLICA 2021,PARTICULAR,NO APLICA
1179,DAÑOS,2021-07-23,2021,10:30,MAÑANA,VIERNES,INDUSTRIAL,CALLE 42 CARRERA 35,URBANA,TECNICO,3.5389,-76.30655,NO APLICA,NO APLICA,NO APLICA,CHOQUE,NO APLICA 2021,MASCULINO,NO APLICA,AUTOMOVIL,RENAULT,NO APLICA 2021,PARTICULAR,NO APLICA
1180,DAÑOS,2021-07-23,2021,11:10,MAÑANA,VIERNES,CENTRO,CARRERA 29 CALLE 32A-17,URBANA,TECNICO,3.52967,-76.2994,NO APLICA,NO APLICA,NO APLICA,CHOQUE,NO APLICA 2021,MASCULINO,NO APLICA,AUTOMOVIL,RENAULT,NO APLICA 2021,PARTICULAR,NO APLICA
1181,DAÑOS,2021-07-23,2021,11:10,MAÑANA,VIERNES,CENTRO,CARRERA 29 CALLE 32A-17,URBANA,TECNICO,3.52967,-76.2994,NO APLICA,NO APLICA,NO APLICA,CHOQUE,NO APLICA 2021,MASCULINO,NO APLICA,AUTOMOVIL,CHEVROLET,NO APLICA 2021,PUBLICO,NO APLICA
1182,HERIDOS,2021-07-23,2021,11:40,MAÑANA,VIERNES,RECREO,CARRERA 27 CALLE 22,URBANA,TECNICO,3.52015,-76.29907,MOTOCICLISTA,1,NO APLICA,CHOQUE,NO APLICA 2021,MASCULINO,FRACTURAS,MOTO,YAMAHA,NO APLICA 2021,PARTICULAR,NO APLICA
1183,HERIDOS,2021-07-23,2021,11:40,MAÑANA,VIERNES,RECREO,CARRERA 27 CALLE 22,URBANA,TECNICO,3.52015,-76.29907,NO APLICA,NO APLICA,NO APLICA,CHOQUE,NO APLICA 2021,FEMENINA,NO APLICA,AUTOMOVIL,SUZUKI,NO APLICA 2021,PARTICULAR,NO APLICA
1184,DAÑOS,2021-07-24,2021,16:00,TARDE,SABADO,MERCEDES,DIAGONAL 28C CALLE 57,URBANA,TECNICO,3.54743,-76.29438,NO APLICA,NO APLICA,NO APLICA,CHOQUE,NO APLICA 2021,MASCULINO,NO APLICA,CAMION,CHEVROLET,NO APLICA 2021,PARTICULAR,NO APLICA
1185,DAÑOS,2021-07-24,2021,16:00,TARDE,SABADO,MERCEDES,DIAGONAL 28C CALLE 57,URBANA,TECNICO,3.54743,-76.29438,NO APLICA,NO APLICA,NO APLICA,CHOQUE,NO APLICA 2021,FEMENINA,NO APLICA,AUTOMOVIL,SUZUKI,NO APLICA 2021,PARTICULAR,NO APLICA
1186,HERIDOS,2021-07-25,2021,14:40,TARDE,DOMINGO,VERSALLES,CALLE 42 CARRERA 30,URBANA,TECNICO,3.53815,-76.2988,NO APLICA,NO APLICA,NO APLICA,CHOQUE OBJETO FIJO,NO APLICA 2021,MASCULINO,NO APLICA,AUTOMOVIL,MAZDA,NO APLICA 2021,PARTICULAR,NO APLICA
1187,HERIDOS,2021-07-25,2021,14:40,TARDE,DOMINGO,VERSALLES,CALLE 42 CARRERA 30,URBANA,TECNICO,3.53815,-76.2988,MOTOCICLISTA,1,NO APLICA,CHOQUE OBJETO FIJO,NO APLICA 2021,MASCULINO,RAUL,MOTO,SUZUKI,NO APLICA 2021,PARTICULAR,NO APLICA
1188,MUERTO,2021-07-25,2021,04:00,MADRUGADA,DOMINGO,CENTRO POBLADO TABLONES,300 MTS ENTRADA POTRERILLO,RURAL,TECNICO,3.57393,-76.21453,MOTOCICLISTA,NO APLICA,1,VOLCAMIENTO,NO APLICA 2021,MASCULINO,NO APLICA,MOTO,AUTECO,NO APLICA 2021,PARTICULAR,NO APLICA
1189,HERIDOS,2021-07-26,2021,07:20,MAÑANA,LUNES,SAN PEDRO,CALLE 35 CARRERA 18,URBANA,TECNICO,3.53107,-76.28961,MOTOCICLISTA,1,NO APLICA,CHOQUE,NO APLICA 2021,MASCULINO,SANTA BARBARA,MOTO,HONDA,NO APLICA 2021,PARTICULAR,NO APLICA
1190,HERIDOS,2021-07-26,2021,07:20,MAÑANA,LUNES,SAN PEDRO,CALLE 35 CARRERA 18,URBANA,TECNICO,3.53107,-76.28961,MOTOCICLISTA,1,NO APLICA,CHOQUE,NO APLICA 2021,MASCULINO,SANTA BARBARA,MOTO,AUTECO,NO APLICA 2021,PARTICULAR,NO APLICA
1191,HERIDOS,2021-07-26,2021,07:20,MAÑANA,LUNES,SAN PEDRO,CALLE 35 CARRERA 18,URBANA,TECNICO,3.53107,-76.28961,ACOMPAÑANTE MOTOCICLISTA,1,NO APLICA,CHOQUE,NO APLICA 2021,FEMENINA,SANTA BARBARA,NO APLICA,NO APLICA,NO APLICA 2021,NO APLICA,NO APLICA
1192,DAÑOS,2021-01-26,2021,10:00,MAÑANA,LUNES,SANTA ISABEL,CARRERA 28 CALLE 44-80,URBANA,TECNICO,3.53948,-76.29699,NO APLICA,NO APLICA,NO APLICA,CHOQUE,NO APLICA 2021,MASCULINO,NO APLICA,MOTO,BAJAJ,NO APLICA 2021,PARTICULAR,NO APLICA
1193,DAÑOS,2021-01-26,2021,10:00,MAÑANA,LUNES,SANTA ISABEL,CARRERA 28 CALLE 44-80,URBANA,TECNICO,3.53948,-76.29699,NO APLICA,NO APLICA,NO APLICA,CHOQUE,NO APLICA 2021,MASCULINO,NO APLICA,AUTOMOVIL,CHEVROLET,NO APLICA 2021,PARTICULAR,NO APLICA
1194,HERIDOS,2021-07-27,2021,00:00,MADRUGADA,MARTES,COLOMBIA,CALLE 33A CARRERA 30-67,URBANA,TECNICO,3.53067,-76.30053,NO APLICA,NO APLICA,NO APLICA,CHOQUE OBJETO FIJO,NO APLICA 2021,MASCULINO,NO APLICA,CAMION,MERCEDES BENZ,NO APLICA 2021,PUBLICO,NO APLICA
1195,HERIDOS,2021-07-27,2021,00:00,MADRUGADA,MARTES,COLOMBIA,CALLE 33A CARRERA 30-67,URBANA,TECNICO,3.53067,-76.30053,MOTOCICLISTA,1,NO APLICA,CHOQUE OBJETO FIJO,NO APLICA 2021,MASCULINO,PALMIRA,MOTO,HONDA,NO APLICA 2021,PARTICULAR,NO APLICA
1196,HERIDOS,2021-07-27,2021,06:20,MAÑANA,MARTES,CENTRO,CALLE 29 CARRERA 31,URBANA,TECNICO,3.52649,-76.30183,NO APLICA,NO APLICA,NO APLICA,CHOQUE,NO APLICA 2021,MASCULINO,NO APLICA,CAMION,HINO,NO APLICA 2021,PUBLICO,NO APLICA
1197,HERIDOS,2021-07-27,2021,06:20,MAÑANA,MARTES,CENTRO,CALLE 29 CARRERA 31,URBANA,TECNICO,3.52649,-76.30183,MOTOCICLISTA,1,NO APLICA,CHOQUE,NO APLICA 2021,MASCULINO,PALMIRA,MOTO,AKT,NO APLICA 2021,PARTICULAR,NO APLICA
1198,HERIDOS,2021-07-27,2021,08:00,MAÑANA,MARTES,PRIMERO DE MAYO,CALLE 41 CARRERA 9,URBANA,TECNICO,3.53628,-76.2823,MOTOCICLISTA,1,NO APLICA,CHOQUE,NO APLICA 2021,MASCULINO,PALMA,MOTO,SUZUKI,NO APLICA 2021,PARTICULAR,NO APLICA
1199,HERIDOS,2021-07-27,2021,08:00,MAÑANA,MARTES,PRIMERO DE MAYO,CALLE 41 CARRERA 9,URBANA,TECNICO,3.53628,-76.2823,NO APLICA,NO APLICA,NO APLICA,CHOQUE,NO APLICA 2021,MASCULINO,NO APLICA,AUTOMOVIL,FORD,NO APLICA 2021,PARTICULAR,NO APLICA
1200,DAÑOS,2021-07-27,2021,11:30,MAÑANA,MARTES,SANTA ANA,CALLE 34 CARRERA 45,URBANA,TECNICO,3.53216,-76.31597,NO APLICA,NO APLICA,NO APLICA,CHOQUE,NO APLICA 2021,MASCULINO,NO APLICA,MOTO,HERO,NO APLICA 2021,PARTICULAR,NO APLICA
1201,DAÑOS,2021-07-27,2021,11:30,MAÑANA,MARTES,SANTA ANA,CALLE 34 CARRERA 45,URBANA,TECNICO,3.53216,-76.31597,NO APLICA,NO APLICA,NO APLICA,CHOQUE,NO APLICA 2021,FEMENINA,NO APLICA,CAMIONETA,KIA,NO APLICA 2021,PARTICULAR,NO APLICA
1202,DAÑOS,2021-07-27,2021,13:20,TARDE,MARTES,COLOMBINA,CALLE 30 CARRERA 21,URBANA,TECNICO,3.52622,-76.29305,NO APLICA,NO APLICA,NO APLICA,CHOQUE,NO APLICA 2021,MASCULINO,NO APLICA,CAMIONETA,NISSAN,NO APLICA 2021,PARTICULAR,NO APLICA
1203,DAÑOS,2021-07-27,2021,13:20,TARDE,MARTES,COLOMBINA,CALLE 30 CARRERA 21,URBANA,TECNICO,3.52622,-76.29305,NO APLICA,NO APLICA,NO APLICA,CHOQUE,NO APLICA 2021,MASCULINO,NO APLICA,MOTO,YAMAHA,NO APLICA 2021,PARTICULAR,NO APLICA
1204,DAÑOS,2021-07-28,2021,12:30,TARDE,MIERCOLES,CHAPINERO SUR,CARRERA 32 CALLE 8,URBANA,TECNICO,3.50934,-76.30798,NO APLICA,NO APLICA,NO APLICA,CHOQUE,NO APLICA 2021,MASCULINO,NO APLICA,MOTO,AUTECO,NO APLICA 2021,PARTICULAR,NO APLICA
1205,DAÑOS,2021-07-28,2021,12:30,TARDE,MIERCOLES,CHAPINERO SUR,CARRERA 32 CALLE 8,URBANA,TECNICO,3.50934,-76.30798,NO APLICA,NO APLICA,NO APLICA,CHOQUE,NO APLICA 2021,MASCULINO,NO APLICA,CAMIONETA,CHANGAN,NO APLICA 2021,PARTICULAR,NO APLICA
1206,DAÑOS,2021-07-28,2021,16:15,TARDE,MIERCOLES,DELICIAS,CALLE 26 CARRERA 26A-34,URBANA,TECNICO,3.52345,-76.29811,NO APLICA,NO APLICA,NO APLICA,CHOQUE,NO APLICA 2021,MASCULINO,NO APLICA,MOTO,YAMAHA,NO APLICA 2021,PARTICULAR,NO APLICA
1207,DAÑOS,2021-07-28,2021,16:15,TARDE,MIERCOLES,DELICIAS,CALLE 26 CARRERA 26A-34,URBANA,TECNICO,3.52345,-76.29811,NO APLICA,NO APLICA,NO APLICA,CHOQUE,NO APLICA 2021,MASCULINO,NO APLICA,MOTO,HONDA,NO APLICA 2021,PARTICULAR,NO APLICA
1208,HERIDOS,2021-07-29,2021,11:30,MAÑANA,JUEVES,OBRERO,CALLE 33 CARRERA 24,URBANA,TECNICO,3.52987,-76.29517,MOTOCICLISTA,1,NO APLICA,CHOQUE,NO APLICA 2021,FEMENINA,PALMIRA,MOTO,HONDA,NO APLICA 2021,PARTICULAR,NO APLICA
1209,HERIDOS,2021-07-29,2021,11:30,MAÑANA,JUEVES,OBRERO,CALLE 33 CARRERA 24,URBANA,TECNICO,3.52987,-76.29517,NO APLICA,NO APLICA,NO APLICA,CHOQUE,NO APLICA 2021,FEMENINA,NO APLICA,CAMPERO,HONDA,NO APLICA 2021,PARTICULAR,NO APLICA
1210,HERIDOS,2021-07-29,2021,05:30,MADRUGADA,JUEVES,NUEVO,CARRERA 31 CALLE 20,URBANA,TECNICO,3.51893,-76.30313,MOTOCICLISTA,1,NO APLICA,CHOQUE,NO APLICA 2021,MASCULINO,SANTA BARBARA,MOTO,HONDA,NO APLICA 2021,PARTICULAR,NO APLICA