,GRAVEDAD,FECHA,AÑO,HORA,JORNADA,DIA_SEMANA,BARRIO-CORREGIMIENTO-VIA,DIRECCION,ZONA,AUTORIDAD,LAT,LONG,CONDICION_VICTIMA,LESIONADO,HOMICIDIOS,TIPO_ACCIDENTE,HIPOTESIS,GENERO,CLINICA,CLASE_VEHICULO,MARCA,MATRICULA,TIPO DE SERVICIO,EMPRESA
1211,HERIDOS,2021-07-29,2021,05:30,MADRUGADA,JUEVES,NUEVO,CARRERA 31 CALLE 20,URBANA,TECNICO,3.51893,-76.30313,NO APLICA,NO APLICA,NO APLICA,CHOQUE,NO APLICA 2021,MASCULINO,NO APLICA,CAMIONETA,MAZDA,NO APLICA 2021,PARTICULAR,NO APLICA
1212,HERIDOS,2021-07-29,2021,16:20,TARDE,JUEVES,CENTRO,CARRERA 30 CALLE 30-51,URBANA,TECNICO,3.52762,-76.30062,NO APLICA,NO APLICA,NO APLICA,CHOQUE,NO APLICA 2021,MASCULINO,NO APLICA,AUTOMOVIL,CHEVROLET,NO APLICA 2021,PUBLICO,UNITAX
1213,HERIDOS,2021-07-29,2021,16:20,TARDE,JUEVES,CENTRO,CARRERA 30 CALLE 30-51,URBANA,TECNICO,3.52762,-76.30062,MOTOCICLISTA,1,NO APLICA,CHOQUE,NO APLICA 2021,MASCULINO,PALMIRA,MOTO,HONDA,NO APLICA 2021,PARTICULAR,NO APLICA
1214,DAÑOS,2021-07-30,2021,08:00,MAÑANA,VIERNES,ESTONIA,CARRERA 32 CALLE 44,URBANA,TECNICO,3.53977,-76.30069,NO APLICA,NO APLICA,NO APLICA,CHOQUE,NO APLICA 2021,MASCULINO,NO APLICA,CAMIONETA,FORD,NO APLICA 2021,PARTICULAR,NO APLICA
1215,DAÑOS,2021-07-30,2021,08:00,MAÑANA,VIERNES,ESTONIA,CARRERA 32 CALLE 44,URBANA,TECNICO,3.53977,-76.30069,NO APLICA,NO APLICA,NO APLICA,CHOQUE,NO APLICA 2021,MASCULINO,NO APLICA,MOTO,HONDA,NO APLICA 2021,PARTICULAR,NO APLICA
1216,DAÑOS,2021-07-30,2021,09:50,MAÑANA,VIERNES,CENTRO,CALLE 29 CARRERA 29,URBANA,TECNICO,3.52621,-76.29993,NO APLICA,NO APLICA,NO APLICA,CHOQUE,NO APLICA 2021,MASCULINO,NO APLICA,AUTOMOVIL,KIA,NO APLICA 2021,PUBLICO,NO APLICA
1217,DAÑOS,2021-07-30,2021,09:50,MAÑANA,VIERNES,CENTRO,CALLE 29 CARRERA 29,URBANA,TECNICO,3.52621,-76.29993,NO APLICA,NO APLICA,NO APLICA,CHOQUE,NO APLICA 2021,MASCULINO,NO APLICA,MOTO,SUZUKI,NO APLICA 2021,PARTICULAR,NO APLICA
1218,DAÑOS,2021-07-30,2021,13:20,TARDE,VIERNES,SANTA MARIA DEL PALMAR,CALLE 43 CARRERA 1-2,URBANA,TECNICO,3.53902,-76.27815,NO APLICA,NO APLICA,NO APLICA,CHOQUE,NO APLICA 2021,MASCULINO,NO APLICA,AUTOMOVIL,JAGUAR,NO APLICA 2021,PARTICULAR,NO APLICA
1219,HERIDOS,2021-07-30,2021,12:00,TARDE,VIERNES,COLOMBIA,CARRERA 31 CALLE 35,URBANA,TECNICO,3.53236,-76.30081,NO APLICA,NO APLICA,NO APLICA,CHOQUE,NO APLICA 2021,MASCULINO,NO APLICA,BUS,CHEVROLET,NO APLICA 2021,PUBLICO,NO APLICA
1220,HERIDOS,2021-07-30,2021,12:00,TARDE,VIERNES,COLOMBIA,CARRERA 31 CALLE 35,URBANA,TECNICO,3.53236,-76.30081,MOTOCICLISTA,1,NO APLICA,CHOQUE,NO APLICA 2021,MASCULINO,FRACTURAS,MOTO,HONDA,NO APLICA 2021,PARTICULAR,NO APLICA
1221,DAÑOS,2021-07-30,2021,13:10,TARDE,VIERNES,URIBE,CALLE 32 CARRERA 23,URBANA,TECNICO,3.52829,-76.29448,NO APLICA,NO APLICA,NO APLICA,CHOQUE,NO APLICA 2021,MASCULINO,NO APLICA,AUTOMOVIL,NISSAN,NO APLICA 2021,PARTICULAR,NO APLICA
1222,DAÑOS,2021-07-30,2021,13:10,TARDE,VIERNES,URIBE,CALLE 32 CARRERA 23,URBANA,TECNICO,3.52829,-76.29448,NO APLICA,NO APLICA,NO APLICA,CHOQUE,NO APLICA 2021,MASCULINO,NO APLICA,CAMIONETA,PEUGEOT,NO APLICA 2021,PARTICULAR,NO APLICA
1223,DAÑOS,2021-07-30,2021,20:00,NOCHE,VIERNES,CENTRO,CALLE 32 CARRERA 26,URBANA,TECNICO,3.52847,-76.29696,NO APLICA,NO APLICA,NO APLICA,CHOQUE,NO APLICA 2021,MASCULINO,NO APLICA,AUTOMOVIL,KIA,NO APLICA 2021,PUBLICO,COOTRANSPAL
1224,DAÑOS,2021-07-30,2021,20:00,NOCHE,VIERNES,CENTRO,CALLE 32 CARRERA 26,URBANA,TECNICO,3.52847,-76.29696,NO APLICA,NO APLICA,NO APLICA,CHOQUE,NO APLICA 2021,FEMENINA,NO APLICA,AUTOMOVIL,KIA,NO APLICA 2021,PARTICULAR,NO APLICA
1225,DAÑOS,2021-07-31,2021,08:20,MAÑANA,SABADO,SANTA TERESITA,CARRERA 35 CALLE 46-47,URBANA,TECNICO,3.54134,-76.30719,NO APLICA,NO APLICA,NO APLICA,CHOQUE,NO APLICA 2021,FEMENINA,NO APLICA,MOTO,TVS,NO APLICA 2021,PARTICULAR,NO APLICA
1226,DAÑOS,2021-07-31,2021,08:20,MAÑANA,SABADO,SANTA TERESITA,CARRERA 35 CALLE 46-47,URBANA,TECNICO,3.54134,-76.30719,NO APLICA,NO APLICA,NO APLICA,CHOQUE,NO APLICA 2021,FEMENINA,NO APLICA,AUTOMOVIL,RENAULT,NO APLICA 2021,PARTICULAR,NO APLICA
1227,HERIDOS,2021-07-30,2021,21:50,NOCHE,VIERNES,RIVERA ESCOBAR,CARRERA 35 CALLE 31A,URBANA,TECNICO,3.52873,-76.30583,MOTOCICLISTA,1,NO APLICA,CHOQUE,NO APLICA 2021,MASCULINO,PALMIRA,MOTO,TVS,NO APLICA 2021,PARTICULAR,NO APLICA
1228,HERIDOS,2021-07-30,2021,21:50,NOCHE,VIERNES,RIVERA ESCOBAR,CARRERA 35 CALLE 31A,URBANA,TECNICO,3.52873,-76.30583,MOTOCICLISTA,1,NO APLICA,CHOQUE,NO APLICA 2021,MASCULINO,RAUL,MOTO,VICTORY,NO APLICA 2021,PARTICULAR,NO APLICA
1229,DAÑOS,2021-08-01,2021,11:50,MAÑANA,DOMINGO,INDUSTRIAL,CALLE 42 CARRERA 35,URBANA,TECNICO,3.53896,-76.30676,NO APLICA,NO APLICA,NO APLICA,CHOQUE,NO APLICA 2021,MASCULINO,NO APLICA,CAMIONETA,SUZUKI,NO APLICA 2021,PARTICULAR,NO APLICA
1230,DAÑOS,2021-08-01,2021,11:50,MAÑANA,DOMINGO,INDUSTRIAL,CALLE 42 CARRERA 35,URBANA,TECNICO,3.53896,-76.30676,NO APLICA,NO APLICA,NO APLICA,CHOQUE,NO APLICA 2021,MASCULINO,NO APLICA,AUTOMOVIL,RENAULT,NO APLICA 2021,PARTICULAR,NO APLICA
1231,DAÑOS,2021-07-31,2021,13:10,TARDE,SABADO,SAN CAYETANO,CARRERA 25 CALLE 41,URBANA,TECNICO,3.53673,-76.29462,NO APLICA,NO APLICA,NO APLICA,CHOQUE,NO APLICA 2021,FEMENINA,NO APLICA,AUTOMOVIL,RENAULT,NO APLICA 2021,PARTICULAR,NO APLICA
1232,DAÑOS,2021-07-31,2021,13:10,TARDE,SABADO,SAN CAYETANO,CARRERA 25 CALLE 41,URBANA,TECNICO,3.53673,-76.29462,NO APLICA,NO APLICA,NO APLICA,CHOQUE,NO APLICA 2021,MASCULINO,NO APLICA,AUTOMOVIL,CHEVROLET,NO APLICA 2021,PARTICULAR,NO APLICA
1233,MUERTO,2021-08-02,2021,00:35,MADRUGADA,LUNES,CENTRO POBLADO ROZO,AVENIDAD 9 13-011,RURAL,TECNICO,3.61578,-76.38883,MOTOCICLISTA,NO APLICA,1,CHOQUE OBJETO FIJO,NO APLICA 2021,MASCULINO,NO APLICA,MOTO,BAJAJ,NO APLICA 2021,PARTICULAR,NO APLICA
1234,MUERTO,2021-08-02,2021,00:35,MADRUGADA,LUNES,CENTRO POBLADO ROZO,AVENIDAD 9 13-011,RURAL,TECNICO,3.61578,-76.38883,MOTOCICLISTA,1,NO APLICA,CHOQUE OBJETO FIJO,NO APLICA 2021,MASCULINO,PALMA,NO APLICA,NO APLICA,NO APLICA 2021,NO APLICA,NO APLICA
1235,DAÑOS,2021-07-31,2021,03:00,MADRUGADA,SABADO,CENTRO,CARRERA 28 CALLE 28,URBANA,TECNICO,3.52528,-76.2992,NO APLICA,NO APLICA,NO APLICA,CHOQUE,NO APLICA 2021,MASCULINO,NO APLICA,AUTOMOVIL,RENAULT,NO APLICA 2021,PARTICULAR,NO APLICA
1236,DAÑOS,2021-07-31,2021,03:00,MADRUGADA,SABADO,CENTRO,CARRERA 28 CALLE 28,URBANA,TECNICO,3.52528,-76.2992,NO APLICA,NO APLICA,NO APLICA,CHOQUE,NO APLICA 2021,MASCULINO,NO APLICA,CAMPERO,CHEVROLET,NO APLICA 2021,PARTICULAR,NO APLICA
1237,HERIDOS,2021-07-31,2021,11:50,MAÑANA,SABADO,CENTRO,CALLE 31 CARRERA 23,URBANA,TECNICO,3.52746,-76.2946,MOTOCICLISTA,1,NO APLICA,CHOQUE,NO APLICA 2021,MASCULINO,RAUL,MOTO,AUTECO,NO APLICA 2021,PARTICULAR,NO APLICA
1238,HERIDOS,2021-07-31,2021,11:50,MAÑANA,SABADO,CENTRO,CALLE 31 CARRERA 23,URBANA,TECNICO,3.52746,-76.2946,MOTOCICLISTA,1,NO APLICA,CHOQUE,NO APLICA 2021,MASCULINO,PALMIRA,MOTO,YAMAHA,NO APLICA 2021,PARTICULAR,NO APLICA
1239,HERIDOS,2021-08-01,2021,03:15,MADRUGADA,DOMINGO,PRIMERO DE MAYO,CALLE 42 CARRERA 10,URBANA,TECNICO,3.53695,-76.28331,NO APLICA,NO APLICA,NO APLICA,CHOQUE,NO APLICA 2021,MASCULINO,NO APLICA,AUTOMOVIL,RENAULT,NO APLICA 2021,PARTICULAR,NO APLICA
1240,HERIDOS,2021-08-01,2021,03:15,MADRUGADA,DOMINGO,PRIMERO DE MAYO,CALLE 42 CARRERA 10,URBANA,TECNICO,3.53695,-76.28331,MOTOCICLISTA,1,NO APLICA,CHOQUE,NO APLICA 2021,MASCULINO,RAUL,MOTO,SUZUKI,NO APLICA 2021,PARTICULAR,NO APLICA
1241,DAÑOS,2021-08-01,2021,16:30,TARDE,DOMINGO,VIA PALMIRA TIENDA NUEVA,KM 9+ 700 MTS,URBANA,TECNICO,3.56615,-76.22883,NO APLICA,NO APLICA,NO APLICA,CHOQUE,NO APLICA 2021,MASCULINO,NO APLICA,CAMPERO,RENAULT,NO APLICA 2021,PARTICULAR,NO APLICA
1242,DAÑOS,2021-08-01,2021,16:30,TARDE,DOMINGO,VIA PALMIRA TIENDA NUEVA,KM 9+ 700 MTS,URBANA,TECNICO,3.56615,-76.22883,NO APLICA,NO APLICA,NO APLICA,CHOQUE,NO APLICA 2021,MASCULINO,NO APLICA,MOTO,SUZUKI,NO APLICA 2021,PARTICULAR,NO APLICA
1243,HERIDOS,2021-08-01,2021,17:20,TARDE,DOMINGO,ALTAMIRA,CARRERA 19 CALLE 47-48,URBANA,TECNICO,3.54345,-76.29096,NO APLICA,NO APLICA,NO APLICA,CHOQUE,NO APLICA 2021,MASCULINO,NO APLICA,AUTOMOVIL,CHEVROLET,NO APLICA 2021,PARTICULAR,NO APLICA
1244,HERIDOS,2021-08-01,2021,17:20,TARDE,DOMINGO,ALTAMIRA,CARRERA 19 CALLE 47-48,URBANA,TECNICO,3.54345,-76.29096,MOTOCICLISTA,1,NO APLICA,CHOQUE,NO APLICA 2021,MASCULINO,PALMIRA,MOTO,VICTORY,NO APLICA 2021,PARTICULAR,NO APLICA
1245,HERIDOS,2021-08-01,2021,19:50,NOCHE,DOMINGO,CENTRO POBLADO ROZO,CALLE 10 CARRERA 13,RURAL,TECNICO,3.61487,-76.38923,MOTOCICLISTA,1,NO APLICA,CHOQUE,NO APLICA 2021,MASCULINO,SANTA BARBARA,MOTO,YAMAHA,NO APLICA 2021,PARTICULAR,NO APLICA
1246,HERIDOS,2021-08-01,2021,19:50,NOCHE,DOMINGO,CENTRO POBLADO ROZO,CALLE 10 CARRERA 13,RURAL,TECNICO,3.61487,-76.38923,MOTOCICLISTA,1,NO APLICA,CHOQUE,NO APLICA 2021,MASCULINO,PALMA,MOTO,TVS,NO APLICA 2021,PARTICULAR,NO APLICA
1247,HERIDOS,2021-08-01,2021,19:50,NOCHE,DOMINGO,CENTRO POBLADO ROZO,CALLE 10 CARRERA 13,RURAL,TECNICO,3.61487,-76.38923,ACOMPAÑANTE MOTOCICLISTA,1,NO APLICA,CHOQUE,NO APLICA 2021,FEMENINA,SANTA BARBARA,NO APLICA,NO APLICA,NO APLICA 2021,NO APLICA,NO APLICA
1248,HERIDOS,2021-08-01,2021,19:50,NOCHE,DOMINGO,CENTRO POBLADO ROZO,CALLE 10 CARRERA 13,RURAL,TECNICO,3.61487,-76.38923,ACOMPAÑANTE MOTOCICLISTA,1,NO APLICA,CHOQUE,NO APLICA 2021,FEMENINA,SANTA BARBARA,NO APLICA,NO APLICA,NO APLICA 2021,NO APLICA,NO APLICA
1249,HERIDOS,2021-08-02,2021,13:45,TARDE,LUNES,PRADO,CALLE 42 CARRERA 39-45,URBANA,TECNICO,3.53898,-76.30993,MOTOCICLISTA,1,NO APLICA,CHOQUE,NO APLICA 2021,FEMENINA,FRACTURAS,MOTO,VICTORY,NO APLICA 2021,PARTICULAR,NO APLICA
1250,HERIDOS,2021-08-02,2021,13:45,TARDE,LUNES,PRADO,CALLE 42 CARRERA 39-45,URBANA,TECNICO,3.53898,-76.30993,MOTOCICLISTA,1,NO APLICA,CHOQUE,NO APLICA 2021,MASCULINO,FRACTURAS,MOTO,HONDA,NO APLICA 2021,PARTICULAR,NO APLICA
1251,HERIDOS,2021-08-02,2021,13:45,TARDE,LUNES,PRADO,CALLE 42 CARRERA 39-45,URBANA,TECNICO,3.53898,-76.30993,ACOMPAÑANTE MOTOCICLISTA,1,NO APLICA,CHOQUE,NO APLICA 2021,FEMENINA,FRACTURAS,NO APLICA,NO APLICA,NO APLICA 2021,NO APLICA,NO APLICA
1252,DAÑOS,2021-08-02,2021,08:00,MAÑANA,LUNES,SAMANES,CALLE 47 CARRERA 28A-18,URBANA,TECNICO,3.54225,-76.29719,NO APLICA,NO APLICA,NO APLICA,CHOQUE,NO APLICA 2021,MASCULINO,NO APLICA,CAMIONETA,FORD,NO APLICA 2021,PARTICULAR,NO APLICA
1253,DAÑOS,2021-08-02,2021,08:00,MAÑANA,LUNES,SAMANES,CALLE 47 CARRERA 28A-18,URBANA,TECNICO,3.54225,-76.29719,NO APLICA,NO APLICA,NO APLICA,CHOQUE,NO APLICA 2021,MASCULINO,NO APLICA,BUS,CHEVROLET,NO APLICA 2021,PUBLICO,TRANS ESPECIALES BELALCAZAR
1254,DAÑOS,2021-08-02,2021,12:45,TARDE,LUNES,COLOMBIA,CARRERA 33 CALLE 37-74,URBANA,TECNICO,3.53515,-76.30264,NO APLICA,NO APLICA,NO APLICA,CHOQUE,NO APLICA 2021,FEMENINA,NO APLICA,MOTO,SUZUKI,NO APLICA 2021,PARTICULAR,NO APLICA
1255,DAÑOS,2021-08-02,2021,12:45,TARDE,LUNES,COLOMBIA,CARRERA 33 CALLE 37-74,URBANA,TECNICO,3.53515,-76.30264,NO APLICA,NO APLICA,NO APLICA,CHOQUE,NO APLICA 2021,FEMENINA,NO APLICA,CAMIONETA,ZOYTE,NO APLICA 2021,PARTICULAR,NO APLICA
1256,HERIDOS,2021-08-02,2021,14:00,TARDE,LUNES,SAN PEDRO,CALLE 35 CARRERA 17,URBANA,TECNICO,3.53117,-76.28876,NO APLICA,NO APLICA,NO APLICA,CHOQUE,NO APLICA 2021,MASCULINO,NO APLICA,AUTOMOVIL,NISSAN,NO APLICA 2021,PARTICULAR,NO APLICA
1257,HERIDOS,2021-08-02,2021,14:00,TARDE,LUNES,SAN PEDRO,CALLE 35 CARRERA 17,URBANA,TECNICO,3.53117,-76.28876,MOTOCICLISTA,1,NO APLICA,CHOQUE,NO APLICA 2021,FEMENINA,SANTA BARBARA,MOTO,YAMAHA,NO APLICA 2021,PARTICULAR,NO APLICA
1258,DAÑOS,2021-08-02,2021,14:00,TARDE,LUNES,URIBE,CARRERA 24 CALLE 32,URBANA,TECNICO,3.52841,-76.29537,NO APLICA,NO APLICA,NO APLICA,CHOQUE,NO APLICA 2021,MASCULINO,NO APLICA,CAMIONETA,KIA,NO APLICA 2021,PARTICULAR,NO APLICA
1259,DAÑOS,2021-08-02,2021,14:00,TARDE,LUNES,URIBE,CARRERA 24 CALLE 32,URBANA,TECNICO,3.52841,-76.29537,NO APLICA,NO APLICA,NO APLICA,CHOQUE,NO APLICA 2021,MASCULINO,NO APLICA,MOTO,HONDA,NO APLICA 2021,PARTICULAR,NO APLICA
1260,DAÑOS,2021-07-31,2021,14:10,TARDE,SABADO,RECREO,CARRERA 24 CALLE 21,URBANA,TECNICO,3.519,-76.29585,NO APLICA,NO APLICA,NO APLICA,CHOQUE,NO APLICA 2021,MASCULINO,NO APLICA,AUTOMOVIL,NISSAN,NO APLICA 2021,PARTICULAR,NO APLICA
1261,DAÑOS,2021-07-31,2021,14:10,TARDE,SABADO,RECREO,CARRERA 24 CALLE 21,URBANA,TECNICO,3.519,-76.29585,NO APLICA,NO APLICA,NO APLICA,CHOQUE,NO APLICA 2021,MASCULINO,NO APLICA,AUTOMOVIL,KIA,NO APLICA 2021,PARTICULAR,NO APLICA
1262,DAÑOS,2021-07-31,2021,15:30,TARDE,SABADO,CENTRO POBLADO ROZO,CALLE 10 CARRERA 15,RURAL,TECNICO,3.61501,-76.39082,NO APLICA,NO APLICA,NO APLICA,CHOQUE,NO APLICA 2021,FEMENINA,NO APLICA,MOTO,SUZUKI,NO APLICA 2021,PARTICULAR,NO APLICA
1263,DAÑOS,2021-07-31,2021,15:30,TARDE,SABADO,CENTRO POBLADO ROZO,CALLE 10 CARRERA 15,RURAL,TECNICO,3.61501,-76.39082,NO APLICA,NO APLICA,NO APLICA,CHOQUE,NO APLICA 2021,MASCULINO,NO APLICA,AUTOMOVIL,NISSAN,NO APLICA 2021,PARTICULAR,NO APLICA
1264,DAÑOS,2021-07-31,2021,17:50,TARDE,SABADO,SAN PEDRO,CALLE 34 CARRERA 13-49,URBANA,TECNICO,3.53052,-76.2858,NO APLICA,NO APLICA,NO APLICA,CHOQUE,NO APLICA 2021,MASCULINO,NO APLICA,MOTO,YAMAHA,NO APLICA 2021,PARTICULAR,NO APLICA
1265,DAÑOS,2021-07-31,2021,17:50,TARDE,SABADO,SAN PEDRO,CALLE 34 CARRERA 13-49,URBANA,TECNICO,3.53052,-76.2858,NO APLICA,NO APLICA,NO APLICA,CHOQUE,NO APLICA 2021,MASCULINO,NO APLICA,MOTO,HONDA,NO APLICA 2021,PARTICULAR,NO APLICA
1266,DAÑOS,2021-07-31,2021,19:40,NOCHE,SABADO,ZAMORANO,CALLE 65 CARRERA 30-130,URBANA,TECNICO,3.55399,-76.29688,NO APLICA,NO APLICA,NO APLICA,CHOQUE,NO APLICA 2021,MASCULINO,NO APLICA,AUTOMOVIL,CHEVROLET,NO APLICA 2021,PARTICULAR,NO APLICA
1267,DAÑOS,2021-07-31,2021,19:40,NOCHE,SABADO,ZAMORANO,CALLE 65 CARRERA 30-130,URBANA,TECNICO,3.55399,-76.29688,NO APLICA,NO APLICA,NO APLICA,CHOQUE,NO APLICA 2021,MASCULINO,NO APLICA,MOTO,HONDA,NO APLICA 2021,PARTICULAR,NO APLICA
1268,DAÑOS,2021-07-31,2021,20:20,NOCHE,SABADO,INDUSTRIAL,CARRERA 35 CALLE 40 -57,URBANA,TECNICO,3.53743,-76.30644,NO APLICA,NO APLICA,NO APLICA,CHOQUE,NO APLICA 2021,MASCULINO,NO APLICA,AUTOMOVIL,RENAULT,NO APLICA 2021,PARTICULAR,NO APLICA
1269,DAÑOS,2021-07-31,2021,20:20,NOCHE,SABADO,INDUSTRIAL,CARRERA 35 CALLE 40 -57,URBANA,TECNICO,3.53743,-76.30644,NO APLICA,NO APLICA,NO APLICA,CHOQUE,NO APLICA 2021,MASCULINO,NO APLICA,CAMIONETA,TOYOTA,NO APLICA 2021,PARTICULAR,NO APLICA
1270,HERIDOS,2021-08-03,2021,12:10,TARDE,MARTES,SANTA RITA,CARRERA 27 CALLE 38,URBANA,TECNICO,3.53466,-76.29674,MOTOCICLISTA,1,NO APLICA,CHOQUE,NO APLICA 2021,FEMENINA,PALMA,MOTO,HONDA,NO APLICA 2021,PARTICULAR,NO APLICA
1271,HERIDOS,2021-08-03,2021,12:10,TARDE,MARTES,SANTA RITA,CARRERA 27 CALLE 38,URBANA,TECNICO,3.53466,-76.29674,MOTOCICLISTA,1,NO APLICA,CHOQUE,NO APLICA 2021,FEMENINA,PALMA,MOTO,KYMCO,NO APLICA 2021,PARTICULAR,NO APLICA
1272,HERIDOS,2021-08-03,2021,12:10,TARDE,MARTES,SANTA RITA,CARRERA 27 CALLE 38,URBANA,TECNICO,3.53466,-76.29674,ACOMPAÑANTE MOTOCICLISTA,1,NO APLICA,CHOQUE,NO APLICA 2021,FEMENINA,PALMA,NO APLICA,NO APLICA,NO APLICA 2021,NO APLICA,NO APLICA
1273,HERIDOS,2021-08-03,2021,14:10,TARDE,MARTES,SANTA RITA,CALLE 38 CARRERA 26,URBANA,TECNICO,3.53455,-76.29594,MOTOCICLISTA,1,NO APLICA,CHOQUE,NO APLICA 2021,MASCULINO,PALMIRA,MOTO,KIMCO,NO APLICA 2021,PARTICULAR,NO APLICA
1274,HERIDOS,2021-08-03,2021,14:10,TARDE,MARTES,SANTA RITA,CALLE 38 CARRERA 26,URBANA,TECNICO,3.53455,-76.29594,NO APLICA,NO APLICA,NO APLICA,CHOQUE,NO APLICA 2021,MASCULINO,NO APLICA,CAMIONETA,TOYOTA,NO APLICA 2021,PARTICULAR,NO APLICA
1275,DAÑOS,2021-08-03,2021,16:20,TARDE,MARTES,PRADO,CALLE 42 CARRERA 39 PARQUIADERO,URBANA,TECNICO,3.5399,-76.31074,NO APLICA,NO APLICA,NO APLICA,CHOQUE,NO APLICA 2021,MASCULINO,NO APLICA,CAMIONETA,MAZDA,NO APLICA 2021,PARTICULAR,NO APLICA
1276,DAÑOS,2021-08-03,2021,16:20,TARDE,MARTES,PRADO,CALLE 42 CARRERA 39 PARQUIADERO,URBANA,TECNICO,3.5399,-76.31074,NO APLICA,NO APLICA,NO APLICA,CHOQUE,NO APLICA 2021,MASCULINO,NO APLICA,AUTOMOVIL,CHEVROLET,NO APLICA 2021,PARTICULAR,NO APLICA
1277,HERIDOS,2021-08-03,2021,12:20,TARDE,MARTES,COLOMBIA,CALLE 36 CARRERA 31,URBANA,TECNICO,3.53319,-76.30065,MOTOCICLISTA,1,NO APLICA,CHOQUE,NO APLICA 2021,FEMENINA,PALMIRA,MOTO,BAJAJ,NO APLICA 2021,PARTICULAR,NO APLICA
1278,HERIDOS,2021-08-03,2021,12:20,TARDE,MARTES,COLOMBIA,CALLE 36 CARRERA 31,URBANA,TECNICO,3.53319,-76.30065,MOTOCICLISTA,1,NO APLICA,CHOQUE,NO APLICA 2021,MASCULINO,FRACTURAS,MOTO,HERO,NO APLICA 2021,PARTICULAR,NO APLICA
1279,DAÑOS,2021-08-03,2021,19:30,NOCHE,MARTES,SAN PEDRO,CARRERA 19 CALLE 40,URBANA,TECNICO,3.53559,-76.29062,NO APLICA,NO APLICA,NO APLICA,CHOQUE,NO APLICA 2021,MASCULINO,NO APLICA,AUTOMOVIL,HYUNDAI,NO APLICA 2021,PUBLICO,COOP TRANS PALMERAS
1280,DAÑOS,2021-08-03,2021,19:30,NOCHE,MARTES,SAN PEDRO,CARRERA 19 CALLE 40,URBANA,TECNICO,3.53559,-76.29062,NO APLICA,NO APLICA,NO APLICA,CHOQUE,NO APLICA 2021,MASCULINO,NO APLICA,AUTOMOVIL,CHEVROLET,NO APLICA 2021,PARTICULAR,NO APLICA
1281,HERIDOS,2021-08-04,2021,10:00,MAÑANA,MIERCOLES,RECREO,CARRERA 30 CALLE 18,URBANA,TECNICO,3.51696,-76.30256,MOTOCICLISTA,1,NO APLICA,CHOQUE,NO APLICA 2021,MASCULINO,PALMIRA,MOTO,SUZUKI,NO APLICA 2021,PARTICULAR,NO APLICA
1282,HERIDOS,2021-08-04,2021,10:00,MAÑANA,MIERCOLES,RECREO,CARRERA 30 CALLE 18,URBANA,TECNICO,3.51696,-76.30256,NO APLICA,NO APLICA,NO APLICA,CHOQUE,NO APLICA 2021,MASCULINO,NO APLICA,CAMION,CHEVROLET,NO APLICA 2021,PUBLICO,NO APLICA
1283,HERIDOS,2021-08-04,2021,13:30,TARDE,MIERCOLES,AEROPUERTO PALMIRA,AEROPUERTO ZONZ FRANCA,RURAL,TECNICO,3.53524,-76.38956,MOTOCICLISTA,1,NO APLICA,CHOQUE,NO APLICA 2021,FEMENINA,PALMIRA,MOTO,AKT,NO APLICA 2021,PARTICULAR,NO APLICA
1284,HERIDOS,2021-08-04,2021,13:30,TARDE,MIERCOLES,AEROPUERTO PALMIRA,AEROPUERTO ZONZ FRANCA,RURAL,TECNICO,3.53524,-76.38956,NO APLICA,NO APLICA,NO APLICA,CHOQUE,NO APLICA 2021,MASCULINO,NO APLICA,AUTOMOVIL,KIA,NO APLICA 2021,PARTICULAR,NO APLICA
1285,HERIDOS,2021-08-04,2021,16:40,TARDE,MIERCOLES,RIVERA ESCOBAR,CARRERA 35 CALLE 31-14,URBANA,TECNICO,3.52909,-76.30571,MOTOCICLISTA,1,NO APLICA,CHOQUE,NO APLICA 2021,MASCULINO,PALMIRA,MOTO,VICTORY,NO APLICA 2021,PARTICULAR,NO APLICA
1286,HERIDOS,2021-08-04,2021,16:40,TARDE,MIERCOLES,RIVERA ESCOBAR,CARRERA 35 CALLE 31-14,URBANA,TECNICO,3.52909,-76.30571,NO APLICA,NO APLICA,NO APLICA,CHOQUE,NO APLICA 2021,MASCULINO,NO APLICA,CAMIONETA,WALL,NO APLICA 2021,PARTICULAR,NO APLICA
1287,DAÑOS,2021-08-05,2021,08:00,MAÑANA,JUEVES,URIBE,CALLE 35 CARRERA 20,URBANA,TECNICO,3.53111,-76.29158,NO APLICA,NO APLICA,NO APLICA,CHOQUE,NO APLICA 2021,MASCULINO,NO APLICA,CAMPERO,SUZUKI,NO APLICA 2021,PARTICULAR,NO APLICA
1288,DAÑOS,2021-08-05,2021,08:00,MAÑANA,JUEVES,URIBE,CALLE 35 CARRERA 20,URBANA,TECNICO,3.53111,-76.29158,NO APLICA,NO APLICA,NO APLICA,CHOQUE,NO APLICA 2021,MASCULINO,NO APLICA,AUTOMOVIL,VOLKSWAGEN,NO APLICA 2021,PARTICULAR,NO APLICA
1289,DAÑOS,2021-08-05,2021,10:30,MAÑANA,JUEVES,CENTRO,CARRERA 30 CALLE 29-77,URBANA,TECNICO,3.5268,-76.30085,NO APLICA,NO APLICA,NO APLICA,CHOQUE,NO APLICA 2021,MASCULINO,NO APLICA,CAMIONETA,DODGE,NO APLICA 2021,PARTICULAR,NO APLICA