,GRAVEDAD,FECHA,AÑO,HORA,JORNADA,DIA_SEMANA,BARRIO-CORREGIMIENTO-VIA,DIRECCION,ZONA,AUTORIDAD,LAT,LONG,CONDICION_VICTIMA,LESIONADO,HOMICIDIOS,TIPO_ACCIDENTE,HIPOTESIS,GENERO,CLINICA,CLASE_VEHICULO,MARCA,MATRICULA,TIPO DE SERVICIO,EMPRESA
1290,DAÑOS,2021-08-05,2021,10:30,MAÑANA,JUEVES,CENTRO,CARRERA 30 CALLE 29-77,URBANA,TECNICO,3.5268,-76.30085,NO APLICA,NO APLICA,NO APLICA,CHOQUE,NO APLICA 2021,MASCULINO,NO APLICA,CAMIONETA,CHEVROLET,NO APLICA 2021,PARTICULAR,NO APLICA
1291,HERIDOS,2021-08-05,2021,14:20,TARDE,JUEVES,DELICIAS,CALLE 27 CARRERA 23,URBANA,TECNICO,3.52386,-76.29507,NO APLICA,NO APLICA,NO APLICA,CHOQUE,NO APLICA 2021,FEMENINA,NO APLICA,CAMIONETA,KIA,NO APLICA 2021,PARTICULAR,NO APLICA
1292,HERIDOS,2021-08-05,2021,14:20,TARDE,JUEVES,DELICIAS,CALLE 27 CARRERA 23,URBANA,TECNICO,3.52386,-76.29507,MOTOCICLISTA,1,NO APLICA,CHOQUE,NO APLICA 2021,MASCULINO,PALMIRA,MOTO,VICTORY,NO APLICA 2021,PARTICULAR,NO APLICA
1293,DAÑOS,2021-08-06,2021,13:00,TARDE,VIERNES,SANTA RITA,CARRERA 28 CALLE 33-69,URBANA,TECNICO,3.53049,-76.29836,NO APLICA,NO APLICA,NO APLICA,CHOQUE,NO APLICA 2021,MASCULINO,NO APLICA,AUTOMOVIL,HYUNDAI,NO APLICA 2021,PARTICULAR,NO APLICA
1294,DAÑOS,2021-08-06,2021,13:00,TARDE,VIERNES,SANTA RITA,CARRERA 28 CALLE 33-69,URBANA,TECNICO,3.53049,-76.29836,NO APLICA,NO APLICA,NO APLICA,CHOQUE,NO APLICA 2021,MASCULINO,NO APLICA,AUTOMOVIL,SUZUKI,NO APLICA 2021,PARTICULAR,NO APLICA
1295,HERIDOS,2021-08-06,2021,16:30,TARDE,VIERNES,LA EMILIA,CALLE 35 CARRERA 38,URBANA,TECNICO,3.53281,-76.308,NO APLICA,NO APLICA,NO APLICA,CHOQUE,NO APLICA 2021,MASCULINO,NO APLICA,CAMIONETA,NISSAN,NO APLICA 2021,PARTICULAR,NO APLICA
1296,HERIDOS,2021-08-06,2021,16:30,TARDE,VIERNES,LA EMILIA,CALLE 35 CARRERA 38,URBANA,TECNICO,3.53281,-76.308,ACOMPAÑANTE CONDUCTOR,1,NO APLICA,CHOQUE,NO APLICA 2021,FEMENINA,RAUL,NO APLICA,NO APLICA,NO APLICA 2021,NO APLICA,NO APLICA
1297,DAÑOS,2021-08-06,2021,20:00,NOCHE,VIERNES,INDUSTRIAL,CALLE 42 CARRERA 35,URBANA,TECNICO,3.53875,-76.30676,NO APLICA,NO APLICA,NO APLICA,CHOQUE,NO APLICA 2021,MASCULINO,NO APLICA,VOLQUETA,CHEVROLET,NO APLICA 2021,PARTICULAR,NO APLICA
1298,DAÑOS,2021-08-06,2021,20:00,NOCHE,VIERNES,INDUSTRIAL,CALLE 42 CARRERA 35,URBANA,TECNICO,3.53875,-76.30676,NO APLICA,NO APLICA,NO APLICA,CHOQUE,NO APLICA 2021,MASCULINO,NO APLICA,AUTOMOVIL,BMW,NO APLICA 2021,PARTICULAR,NO APLICA
1299,HERIDOS,2021-08-07,2021,20:10,NOCHE,SABADO,COLOMBINA,CALLE 28 CARRERA 19-20,URBANA,TECNICO,3.52443,-76.29193,NO APLICA,NO APLICA,NO APLICA,ATROPELLO,NO APLICA 2021,MASCULINO,NO APLICA,CAMION,MERCEDES BENZ,NO APLICA 2021,PUBLICO,NO APLICA
1300,HERIDOS,2021-08-07,2021,20:10,NOCHE,SABADO,COLOMBINA,CALLE 28 CARRERA 19-20,URBANA,TECNICO,3.52443,-76.29193,PEATON,1,NO APLICA,ATROPELLO,NO APLICA 2021,FEMENINA,PALMIRA,NO APLICA,NO APLICA,NO APLICA 2021,NO APLICA,NO APLICA
1301,HERIDOS,2021-08-07,2021,17:30,TARDE,SABADO,RESERVAS ZAMORANO,CALLE 60 CARRERA 34E-30,URBANA,TECNICO,3.55058,-76.30469,MOTOCICLISTA,1,NO APLICA,ATROPELLO,NO APLICA 2021,MASCULINO,PALMA,MOTO,YAMAHA,NO APLICA 2021,PARTICULAR,NO APLICA
1302,HERIDOS,2021-08-07,2021,17:30,TARDE,SABADO,RESERVAS ZAMORANO,CALLE 60 CARRERA 34E-30,URBANA,TECNICO,3.55058,-76.30469,PEATON,1,NO APLICA,ATROPELLO,NO APLICA 2021,FEMENINA,PALMA,NO APLICA,NO APLICA,NO APLICA 2021,NO APLICA,NO APLICA
1303,DAÑOS,2021-08-07,2021,14:40,TARDE,SABADO,CENTRO,CALLE 29 CARRERA 32,URBANA,TECNICO,3.5266,-76.30263,NO APLICA,NO APLICA,NO APLICA,CHOQUE,NO APLICA 2021,MASCULINO,NO APLICA,AUTOMOVIL,CHEVROLET,NO APLICA 2021,PARTICULAR,NO APLICA
1304,DAÑOS,2021-08-07,2021,14:40,TARDE,SABADO,CENTRO,CALLE 29 CARRERA 32,URBANA,TECNICO,3.5266,-76.30263,NO APLICA,NO APLICA,NO APLICA,CHOQUE,NO APLICA 2021,MASCULINO,NO APLICA,BUS,CHEVROLET,NO APLICA 2021,PARTICULAR,NO APLICA
1305,HERIDOS,2021-08-08,2021,15:20,TARDE,DOMINGO,TRINIDAD,CALLE 28 CARRERA 23,URBANA,TECNICO,3.52473,-76.29501,NO APLICA,NO APLICA,NO APLICA,CHOQUE,NO APLICA 2021,FEMENINA,NO APLICA,AUTOMOVIL,KIA,NO APLICA 2021,PARTICULAR,NO APLICA
1306,HERIDOS,2021-08-08,2021,15:20,TARDE,DOMINGO,TRINIDAD,CALLE 28 CARRERA 23,URBANA,TECNICO,3.52473,-76.29501,MOTOCICLISTA,1,NO APLICA,CHOQUE,NO APLICA 2021,FEMENINA,SANTA BARBARA,MOTO,HONDA,NO APLICA 2021,PARTICULAR,NO APLICA
1307,DAÑOS,2021-08-08,2021,11:40,TARDE,DOMINGO,NUEVO,CALLE 23 CARRERA 33A-37,URBANA,TECNICO,3.52199,-76.3049,NO APLICA,NO APLICA,NO APLICA,CHOQUE,NO APLICA 2021,MASCULINO,NO APLICA,CAMPERO,RENAULT,NO APLICA 2021,PARTICULAR,NO APLICA
1308,DAÑOS,2021-08-08,2021,11:40,TARDE,DOMINGO,NUEVO,CALLE 23 CARRERA 33A-37,URBANA,TECNICO,3.52199,-76.3049,NO APLICA,NO APLICA,NO APLICA,CHOQUE,NO APLICA 2021,MASCULINO,NO APLICA,AUTOMOVIL,DAEWOO,NO APLICA 2021,PARTICULAR,NO APLICA
1309,HERIDOS,2021-08-09,2021,10:30,MAÑANA,LUNES,URIBE,CARRERA 22 CALLE 35,URBANA,TECNICO,3.53129,-76.29327,MOTOCICLISTA,1,NO APLICA,CHOQUE,NO APLICA 2021,MASCULINO,PALMIRA,MOTO,HONDA,NO APLICA 2021,PARTICULAR,NO APLICA
1310,HERIDOS,2021-08-09,2021,10:30,MAÑANA,LUNES,URIBE,CARRERA 22 CALLE 35,URBANA,TECNICO,3.53129,-76.29327,NO APLICA,NO APLICA,NO APLICA,CHOQUE,NO APLICA 2021,MASCULINO,NO APLICA,CAMION,NISSAN,NO APLICA 2021,PARTICULAR,NO APLICA
1311,DAÑOS,2021-08-09,2021,17:20,TARDE,LUNES,CENTRO,CARRERA 29 CALLE 32,URBANA,TECNICO,3.5266,-76.30263,NO APLICA,NO APLICA,NO APLICA,CHOQUE,NO APLICA 2021,MASCULINO,NO APLICA,AUTOMOVIL,SUZUKI,NO APLICA 2021,PARTICULAR,NO APLICA
1312,DAÑOS,2021-08-09,2021,17:20,TARDE,LUNES,CENTRO,CARRERA 29 CALLE 32,URBANA,TECNICO,3.5266,-76.30263,NO APLICA,NO APLICA,NO APLICA,CHOQUE,NO APLICA 2021,MASCULINO,NO APLICA,MOTO,HONDA,NO APLICA 2021,PARTICULAR,NO APLICA
1313,DAÑOS,2021-08-09,2021,19:00,NOCHE,LUNES,ALTAMIRA,CARRERA 23 CALLE 45-24,URBANA,TECNICO,3.5403,-76.293,NO APLICA,NO APLICA,NO APLICA,CHOQUE,NO APLICA 2021,MASCULINO,NO APLICA,AUTOMOVIL,SUZUKI,NO APLICA 2021,PARTICULAR,NO APLICA
1314,DAÑOS,2021-08-09,2021,19:00,NOCHE,LUNES,ALTAMIRA,CARRERA 23 CALLE 45-24,URBANA,TECNICO,3.5403,-76.293,NO APLICA,NO APLICA,NO APLICA,CHOQUE,NO APLICA 2021,FEMENINA,NO APLICA,AUTOMOVIL,KIA,NO APLICA 2021,PARTICULAR,NO APLICA
1315,DAÑOS,2021-08-10,2021,11:05,MAÑANA,MARTES,VERSALLES,CALLE 42 CARRERA 28,URBANA,TECNICO,3.53787,-76.29752,NO APLICA,NO APLICA,NO APLICA,CHOQUE,NO APLICA 2021,MASCULINO,NO APLICA,CAMIONETA,CHERY,NO APLICA 2021,PARTICULAR,NO APLICA
1316,DAÑOS,2021-08-10,2021,11:05,MAÑANA,MARTES,VERSALLES,CALLE 42 CARRERA 28,URBANA,TECNICO,3.53787,-76.29752,NO APLICA,NO APLICA,NO APLICA,CHOQUE,NO APLICA 2021,MASCULINO,NO APLICA,BUS,CHEVROLET,NO APLICA 2021,PUBLICO,NO APLICA
1317,HERIDOS,2021-08-09,2021,20:40,NOCHE,LUNES,TRINIDAD,CALLE 28 CARRERA 24,URBANA,TECNICO,3.52483,-76.2958,NO APLICA,NO APLICA,NO APLICA,CHOQUE,NO APLICA 2021,MASCULINO,NO APLICA,AUTOMOVIL,HYUNDAI,NO APLICA 2021,PARTICULAR,NO APLICA
1318,HERIDOS,2021-08-09,2021,20:40,NOCHE,LUNES,TRINIDAD,CALLE 28 CARRERA 24,URBANA,TECNICO,3.52483,-76.2958,NO APLICA,NO APLICA,NO APLICA,CHOQUE,NO APLICA 2021,MASCULINO,NO APLICA,AUTOMOVIL,CHEVROLET,NO APLICA 2021,PARTICULAR,NO APLICA
1319,HERIDOS,2021-08-09,2021,20:40,NOCHE,LUNES,TRINIDAD,CALLE 28 CARRERA 24,URBANA,TECNICO,3.52483,-76.2958,ACOMPAÑANTE CONDUCTOR,1,NO APLICA,CHOQUE,NO APLICA 2021,FEMENINA,NO APLICA,NO APLICA,NO APLICA,NO APLICA 2021,NO APLICA,NO APLICA
1320,HERIDOS,2021-08-10,2021,15:00,TARDE,MARTES,ZAMORANO,CALLE 67 CARRERA 37-63,URBANA,TECNICO,3.56131,-76.30258,MOTOCICLISTA,1,NO APLICA,CHOQUE,NO APLICA 2021,MASCULINO,PALMA,MOTO,YAMAHA,NO APLICA 2021,PARTICULAR,NO APLICA
1321,HERIDOS,2021-08-10,2021,15:00,TARDE,MARTES,ZAMORANO,CALLE 67 CARRERA 37-63,URBANA,TECNICO,3.56131,-76.30258,MOTOCICLISTA,1,NO APLICA,CHOQUE,NO APLICA 2021,FEMENINA,PALMA,MOTO,AKT,NO APLICA 2021,PARTICULAR,NO APLICA
1322,HERIDOS,2021-08-10,2021,15:00,TARDE,MARTES,ZAMORANO,CALLE 67 CARRERA 37-63,URBANA,TECNICO,3.56131,-76.30258,ACOMPAÑANTE MOTOCICLISTA,1,NO APLICA,CHOQUE,NO APLICA 2021,FEMENINA,PALMA,NO APLICA,NO APLICA,NO APLICA 2021,NO APLICA,NO APLICA
1323,DAÑOS,2021-08-10,2021,15:45,TARDE,MARTES,RECREO,CALLE 23 CARRERA 24,URBANA,TECNICO,3.52065,-76.29588,NO APLICA,NO APLICA,NO APLICA,CHOQUE,NO APLICA 2021,MASCULINO,NO APLICA,AUTOMOVIL,RENAULT,NO APLICA 2021,PARTICULAR,NO APLICA
1324,DAÑOS,2021-08-10,2021,15:45,TARDE,MARTES,RECREO,CALLE 23 CARRERA 24,URBANA,TECNICO,3.52065,-76.29588,NO APLICA,NO APLICA,NO APLICA,CHOQUE,NO APLICA 2021,MASCULINO,NO APLICA,BUS,CHEVROLET,NO APLICA 2021,PUBLICO,NO APLICA
1325,DAÑOS,2021-08-09,2021,21:00,NOCHE,LUNES,ALTAMIRA,CARRERA 19 CALLE 47,URBANA,TECNICO,3.54261,-76.29104,NO APLICA,NO APLICA,NO APLICA,CHOQUE,NO APLICA 2021,FEMENINA,NO APLICA,AUTOMOVIL,FORD,NO APLICA 2021,PARTICULAR,NO APLICA
1326,DAÑOS,2021-08-09,2021,21:00,NOCHE,LUNES,ALTAMIRA,CARRERA 19 CALLE 47,URBANA,TECNICO,3.54261,-76.29104,NO APLICA,NO APLICA,NO APLICA,CHOQUE,NO APLICA 2021,MASCULINO,NO APLICA,CAMION,CHEVROLET,NO APLICA 2021,PUBLICO,NO APLICA
1327,HERIDOS,2021-08-11,2021,12:30,TARDE,MIERCOLES,PINOS,CALLE 42 CARRERA 22,URBANA,TECNICO,3.53726,-76.29239,MOTOCICLISTA,1,NO APLICA,CHOQUE,NO APLICA 2021,MASCULINO,SANTA BARBARA,MOTO,YAMAHA,NO APLICA 2021,PARTICULAR,NO APLICA
1328,HERIDOS,2021-08-11,2021,12:30,TARDE,MIERCOLES,PINOS,CALLE 42 CARRERA 22,URBANA,TECNICO,3.53726,-76.29239,MOTOCICLISTA,1,NO APLICA,CHOQUE,NO APLICA 2021,FEMENINA,PALMA,MOTO,QINGQI,NO APLICA 2021,PARTICULAR,NO APLICA
1329,DAÑOS,2021-08-11,2021,09:10,MAÑANA,MIERCOLES,RIVERA ESCOBAR,CARRERA 35 CALLE 31-14,URBANA,TECNICO,3.52913,-76.30567,NO APLICA,NO APLICA,NO APLICA,CHOQUE,NO APLICA 2021,MASCULINO,NO APLICA,AUTOMOVIL,CHEVROLET,NO APLICA 2021,PARTICULAR,NO APLICA
1330,DAÑOS,2021-08-11,2021,09:10,MAÑANA,MIERCOLES,RIVERA ESCOBAR,CARRERA 35 CALLE 31-14,URBANA,TECNICO,3.52913,-76.30567,NO APLICA,NO APLICA,NO APLICA,CHOQUE,NO APLICA 2021,MASCULINO,NO APLICA,AUTOMOVIL,KIA,NO APLICA 2021,PUBLICO,COOP TRANS PALMERAS
1331,HERIDOS,2021-08-11,2021,11:15,MAÑANA,MIERCOLES,PRIMERO DE MAYO,CALLE 41 CARRERA 12,URBANA,TECNICO,3.53634,-76.28493,MOTOCICLISTA,1,NO APLICA,CHOQUE,NO APLICA 2021,MASCULINO,PALMIRA,MOTO,HONDA,NO APLICA 2021,PARTICULAR,NO APLICA
1332,HERIDOS,2021-08-11,2021,11:15,MAÑANA,MIERCOLES,PRIMERO DE MAYO,CALLE 41 CARRERA 12,URBANA,TECNICO,3.53634,-76.28493,NO APLICA,NO APLICA,NO APLICA,CHOQUE,NO APLICA 2021,MASCULINO,NO APLICA,AUTOMOVIL,RENAULT,NO APLICA 2021,PARTICULAR,NO APLICA
1333,HERIDOS,2021-08-11,2021,11:15,MAÑANA,MIERCOLES,PRIMERO DE MAYO,CALLE 41 CARRERA 12,URBANA,TECNICO,3.53634,-76.28493,ACOMPAÑANTE MOTOCICLISTA,1,NO APLICA,CHOQUE,NO APLICA 2021,FEMENINA,PALMIRA,NO APLICA,NO APLICA,NO APLICA 2021,NO APLICA,NO APLICA
1334,HERIDOS,2021-08-11,2021,12:50,TARDE,MIERCOLES,URIBE,CALLE 33 CARRERA 21,URBANA,TECNICO,3.52946,-76.29262,MOTOCICLISTA,1,NO APLICA,CHOQUE,NO APLICA 2021,MASCULINO,PALMA,MOTO,HONDA,NO APLICA 2021,PARTICULAR,NO APLICA
1335,HERIDOS,2021-08-11,2021,12:50,TARDE,MIERCOLES,URIBE,CALLE 33 CARRERA 21,URBANA,TECNICO,3.52946,-76.29262,MOTOCICLISTA,1,NO APLICA,CHOQUE,NO APLICA 2021,MASCULINO,PALMA,MOTO,BAJAJ,NO APLICA 2021,PARTICULAR,NO APLICA
1336,HERIDOS,2021-08-11,2021,12:50,TARDE,MIERCOLES,URIBE,CALLE 33 CARRERA 21,URBANA,TECNICO,3.52946,-76.29262,ACOMPAÑANTE MOTOCICLISTA,1,NO APLICA,CHOQUE,NO APLICA 2021,FEMENINA,PALMA,NO APLICA,NO APLICA,NO APLICA 2021,NO APLICA,NO APLICA
1337,HERIDOS,2021-08-12,2021,07:10,MAÑANA,JUEVES,TRINIDAD,CALLE 28 CARRERA 24,URBANA,TECNICO,3.5248,-76.29578,NO APLICA,NO APLICA,NO APLICA,CHOQUE,NO APLICA 2021,FEMENINA,NO APLICA,AUTOMOVIL,HYUNDAI,NO APLICA 2021,PARTICULAR,NO APLICA
1338,HERIDOS,2021-08-12,2021,07:10,MAÑANA,JUEVES,TRINIDAD,CALLE 28 CARRERA 24,URBANA,TECNICO,3.5248,-76.29578,MOTOCICLISTA,1,NO APLICA,CHOQUE,NO APLICA 2021,MASCULINO,PALMIRA,MOTO,AKT,NO APLICA 2021,PARTICULAR,NO APLICA
1339,HERIDOS,2021-08-12,2021,10:40,MAÑANA,JUEVES,SANTA BARBARA,CALLE 31 CARRERA 44,URBANA,TECNICO,3.52935,-76.31664,MOTOCICLISTA,1,NO APLICA,CHOQUE,NO APLICA 2021,FEMENINA,FRACTURAS,MOTO,JIALING,NO APLICA 2021,PARTICULAR,NO APLICA
1340,HERIDOS,2021-08-12,2021,10:40,MAÑANA,JUEVES,SANTA BARBARA,CALLE 31 CARRERA 44,URBANA,TECNICO,3.52935,-76.31664,NO APLICA,NO APLICA,NO APLICA,CHOQUE,NO APLICA 2021,MASCULINO,NO APLICA,AUTOMOVIL,HYUNDAI,NO APLICA 2021,PUBLICO,COOP TRANS PALMERAS
1341,HERIDOS,2021-08-12,2021,12:15,TARDE,JUEVES,ITALIA,CARRERA 24 CALLE 6-119,URBANA,TECNICO,3.50547,-76.29599,CICLISTA,1,NO APLICA,CHOQUE,NO APLICA 2021,MASCULINO,PALMIRA,BICICLETA,NO APLICA,NO APLICA 2021,PARTICULAR,NO APLICA
1342,HERIDOS,2021-08-12,2021,12:15,TARDE,JUEVES,ITALIA,CARRERA 24 CALLE 6-119,URBANA,TECNICO,3.50547,-76.29599,NO APLICA,NO APLICA,NO APLICA,CHOQUE,NO APLICA 2021,MASCULINO,NO APLICA,AUTOMOVIL,DAEWOO,NO APLICA 2021,PARTICULAR,NO APLICA
1343,HERIDOS,2021-08-12,2021,12:15,TARDE,JUEVES,ITALIA,CARRERA 24 CALLE 6-119,URBANA,TECNICO,3.50547,-76.29599,NO APLICA,NO APLICA,NO APLICA,CHOQUE,NO APLICA 2021,MASCULINO,NO APLICA,AUTOMOVIL,SKODA,NO APLICA 2021,PARTICULAR,NO APLICA
1344,HERIDOS,2021-08-12,2021,15:15,TARDE,JUEVES,TRINIDAD,CALLE 29 CARRERA 24,URBANA,TECNICO,3.52559,-76.2957,NO APLICA,NO APLICA,NO APLICA,CHOQUE,NO APLICA 2021,MASCULINO,NO APLICA,MOTO,SUZUKI,NO APLICA 2021,PARTICULAR,NO APLICA
1345,HERIDOS,2021-08-12,2021,15:15,TARDE,JUEVES,TRINIDAD,CALLE 29 CARRERA 24,URBANA,TECNICO,3.52559,-76.2957,MOTOCICLISTA,1,NO APLICA,CHOQUE,NO APLICA 2021,MASCULINO,FRACTURAS,MOTO,SUZUKI,NO APLICA 2021,PARTICULAR,NO APLICA
1346,DAÑOS,2021-08-12,2021,16:00,TARDE,JUEVES,VERSALLES,CALLE 42 CARRERA 29-28,URBANA,TECNICO,3.53809,-76.29826,NO APLICA,NO APLICA,NO APLICA,CHOQUE,NO APLICA 2021,MASCULINO,NO APLICA,AUTOMOVIL,MAZDA,NO APLICA 2021,PARTICULAR,NO APLICA
1347,DAÑOS,2021-08-12,2021,16:00,TARDE,JUEVES,VERSALLES,CALLE 42 CARRERA 29-28,URBANA,TECNICO,3.53809,-76.29826,NO APLICA,NO APLICA,NO APLICA,CHOQUE,NO APLICA 2021,MASCULINO,NO APLICA,AUTOMOVIL,CHEVROLET,NO APLICA 2021,PARTICULAR,NO APLICA
1348,HERIDOS,2021-08-12,2021,21:00,NOCHE,JUEVES,SAN PEDRO,CALLE 37 CARRERA 17,URBANA,TECNICO,3.53291,-76.28902,MOTOCICLISTA,1,NO APLICA,CHOQUE,NO APLICA 2021,MASCULINO,PALMIRA,MOTO,HERO,NO APLICA 2021,PARTICULAR,NO APLICA
1349,HERIDOS,2021-08-12,2021,21:00,NOCHE,JUEVES,SAN PEDRO,CALLE 37 CARRERA 17,URBANA,TECNICO,3.53291,-76.28902,NO APLICA,NO APLICA,NO APLICA,CHOQUE,NO APLICA 2021,MASCULINO,NO APLICA,CAMIONETA,HYUNDAI,NO APLICA 2021,PARTICULAR,NO APLICA
1350,DAÑOS,2021-08-13,2021,14:30,TARDE,VIERNES,ALTAMIRA,CALLE 47 CARRERA 27,URBANA,TECNICO,3.54208,-76.29559,NO APLICA,NO APLICA,NO APLICA,CHOQUE,NO APLICA 2021,MASCULINO,NO APLICA,CAMION,CHEVROLET,NO APLICA 2021,PARTICULAR,NO APLICA
1351,DAÑOS,2021-08-13,2021,14:30,TARDE,VIERNES,ALTAMIRA,CALLE 47 CARRERA 27,URBANA,TECNICO,3.54208,-76.29559,NO APLICA,NO APLICA,NO APLICA,CHOQUE,NO APLICA 2021,MASCULINO,NO APLICA,AUTOMOVIL,CHEVROLET,NO APLICA 2021,PARTICULAR,NO APLICA
1352,DAÑOS,2021-08-13,2021,21:30,MADRUGADA,VIERNES,TRINIDAD,CALLE 28 CARRERA 23,URBANA,TECNICO,3.52473,-76.29502,NO APLICA,NO APLICA,NO APLICA,CHOQUE,NO APLICA 2021,MASCULINO,NO APLICA,AUTOMOVIL,CHEVROLET,NO APLICA 2021,PARTICULAR,NO APLICA
1353,DAÑOS,2021-08-13,2021,21:30,MADRUGADA,VIERNES,TRINIDAD,CALLE 28 CARRERA 23,URBANA,TECNICO,3.52473,-76.29502,NO APLICA,NO APLICA,NO APLICA,CHOQUE,NO APLICA 2021,MASCULINO,NO APLICA,AUTOMOVIL,CHEVROLET,NO APLICA 2021,PARTICULAR,NO APLICA
1354,DAÑOS,2021-08-14,2021,07:30,MAÑANA,SABADO,INDUSTRIAL,CALLE 42 CARRERA 35 -34,URBANA,TECNICO,3.53899,-76.30707,NO APLICA,NO APLICA,NO APLICA,CHOQUE,NO APLICA 2021,MASCULINO,NO APLICA,BUSETA,AGRALE,NO APLICA 2021,PARTICULAR,NO APLICA
1355,DAÑOS,2021-08-14,2021,07:30,MAÑANA,SABADO,INDUSTRIAL,CALLE 42 CARRERA 35 -34,URBANA,TECNICO,3.53899,-76.30707,NO APLICA,NO APLICA,NO APLICA,CHOQUE,NO APLICA 2021,MASCULINO,NO APLICA,BUS,HINO,NO APLICA 2021,PARTICULAR,NO APLICA
1356,HERIDOS,2021-08-14,2021,08:25,MAÑANA,SABADO,CENTRO,CALLE 31 CARRERA 23,URBANA,TECNICO,3.52744,-76.29461,NO APLICA,NO APLICA,NO APLICA,CHOQUE,NO APLICA 2021,FEMENINA,NO APLICA,AUTOMOVIL,KIA,NO APLICA 2021,PARTICULAR,NO APLICA
1357,HERIDOS,2021-08-14,2021,08:25,MAÑANA,SABADO,CENTRO,CALLE 31 CARRERA 23,URBANA,TECNICO,3.52744,-76.29461,MOTOCICLISTA,1,NO APLICA,CHOQUE,NO APLICA 2021,MASCULINO,PALMIRA,MOTO,HONDA,NO APLICA 2021,PARTICULAR,NO APLICA
1358,HERIDOS,2021-08-14,2021,08:25,MAÑANA,SABADO,CENTRO,CALLE 31 CARRERA 23,URBANA,TECNICO,3.52744,-76.29461,ACOMPAÑANTE MOTOCICLISTA,1,NO APLICA,CHOQUE,NO APLICA 2021,FEMENINA,PALMIRA,NO APLICA,NO APLICA,NO APLICA 2021,NO APLICA,NO APLICA
1359,HERIDOS,2021-08-14,2021,12:40,TARDE,SABADO,RIVERA ESCOBAR,CALLE 31 CARRERA 35-59,URBANA,TECNICO,3.52902,-76.30601,MOTOCICLISTA,1,NO APLICA,CHOQUE,NO APLICA 2021,MASCULINO,SANTA BARBARA,MOTO,HONDA,NO APLICA 2021,PARTICULAR,NO APLICA
1360,HERIDOS,2021-08-14,2021,12:40,TARDE,SABADO,RIVERA ESCOBAR,CALLE 31 CARRERA 35-59,URBANA,TECNICO,3.52902,-76.30601,NO APLICA,NO APLICA,NO APLICA,CHOQUE,NO APLICA 2021,MASCULINO,NO APLICA,AUTOMOVIL,RENAULT,NO APLICA 2021,PARTICULAR,NO APLICA
1361,DAÑOS,2021-08-14,2021,14:40,TARDE,SABADO,ZAMORANO,CARRERA 28 CALLE 69-67,URBANA,TECNICO,3.55528,-76.29209,NO APLICA,NO APLICA,NO APLICA,CHOQUE,NO APLICA 2021,MASCULINO,NO APLICA,AUTOMOVIL,CHEVROLET,NO APLICA 2021,PARTICULAR,NO APLICA
1362,DAÑOS,2021-08-14,2021,14:40,TARDE,SABADO,ZAMORANO,CARRERA 28 CALLE 69-67,URBANA,TECNICO,3.55528,-76.29209,NO APLICA,NO APLICA,NO APLICA,CHOQUE,NO APLICA 2021,MASCULINO,NO APLICA,AUTOMOVIL,RENAULT,NO APLICA 2021,PARTICULAR,NO APLICA
1363,DAÑOS,2021-08-14,2021,18:50,NOCHE,SABADO,CENTRO,CALLE 30 CARRERA 33-80,URBANA,TECNICO,3.52755,-76.30359,NO APLICA,NO APLICA,NO APLICA,CHOQUE,NO APLICA 2021,MASCULINO,NO APLICA,CAMIONETA,CHEVROLET,NO APLICA 2021,PARTICULAR,NO APLICA
1364,DAÑOS,2021-08-14,2021,18:50,NOCHE,SABADO,CENTRO,CALLE 30 CARRERA 33-80,URBANA,TECNICO,3.52755,-76.30359,NO APLICA,NO APLICA,NO APLICA,CHOQUE,NO APLICA 2021,MASCULINO,NO APLICA,MOTO,BAJAJ,NO APLICA 2021,PARTICULAR,NO APLICA
1365,DAÑOS,2021-08-14,2021,21:40,NOCHE,SABADO,RIVERA ESCOBAR,CARRERA 35 CALLE 30-63,URBANA,TECNICO,3.52846,-76.30589,NO APLICA,NO APLICA,NO APLICA,CHOQUE,NO APLICA 2021,MASCULINO,NO APLICA,CAMIONETA,FORD,NO APLICA 2021,PARTICULAR,NO APLICA
1366,DAÑOS,2021-08-14,2021,21:40,NOCHE,SABADO,RIVERA ESCOBAR,CARRERA 35 CALLE 30-63,URBANA,TECNICO,3.52846,-76.30589,NO APLICA,NO APLICA,NO APLICA,CHOQUE,NO APLICA 2021,MASCULINO,NO APLICA,AUTOMOVIL,HYUNDAI,NO APLICA 2021,PUBLICO,FLOTA PALMIRA
1367,DAÑOS,2021-08-15,2021,11:00,MAÑANA,DOMINGO,PRIMERO DE MAYO,CALLE 41 CARRERA 13,URBANA,TECNICO,3.53637,-76.28575,NO APLICA,NO APLICA,NO APLICA,CHOQUE,NO APLICA 2021,MASCULINO,NO APLICA,AUTOMOVIL,CHEVROLET,NO APLICA 2021,PARTICULAR,NO APLICA
1368,DAÑOS,2021-08-15,2021,11:00,MAÑANA,DOMINGO,PRIMERO DE MAYO,CALLE 41 CARRERA 13,URBANA,TECNICO,3.53637,-76.28575,NO APLICA,NO APLICA,NO APLICA,CHOQUE,NO APLICA 2021,FEMENINA,NO APLICA,CAMIONETA,VOLKSWAGEN,NO APLICA 2021,PARTICULAR,NO APLICA