,GRAVEDAD,FECHA,AÑO,HORA,JORNADA,DIA_SEMANA,BARRIO-CORREGIMIENTO-VIA,DIRECCION,ZONA,AUTORIDAD,LAT,LONG,CONDICION_VICTIMA,LESIONADO,HOMICIDIOS,TIPO_ACCIDENTE,HIPOTESIS,GENERO,CLINICA,CLASE_VEHICULO,MARCA,MATRICULA,TIPO DE SERVICIO,EMPRESA
1369,HERIDOS,2021-08-15,2021,06:10,MAÑANA,DOMINGO,CENTRO,CALLE 29 CARRERA 31,URBANA,TECNICO,3.52649,-76.30182,MOTOCICLISTA,1,NO APLICA,CHOQUE,NO APLICA 2021,FEMENINA,PALMIRA,MOTO,SUZUKI,NO APLICA 2021,PARTICULAR,NO APLICA
1370,HERIDOS,2021-08-15,2021,06:10,MAÑANA,DOMINGO,CENTRO,CALLE 29 CARRERA 31,URBANA,TECNICO,3.52649,-76.30182,MOTOCICLISTA,1,NO APLICA,CHOQUE,NO APLICA 2021,MASCULINO,PALMIRA,MOTO,HERO,NO APLICA 2021,PARTICULAR,NO APLICA
1371,HERIDOS,2021-08-15,2021,06:10,MAÑANA,DOMINGO,CENTRO,CALLE 29 CARRERA 31,URBANA,TECNICO,3.52649,-76.30182,ACOMPAÑANTE MOTOCICLISTA,1,NO APLICA,CHOQUE,NO APLICA 2021,FEMENINA,PALMIRA,NO APLICA,NO APLICA,NO APLICA 2021,NO APLICA,NO APLICA
1372,DAÑOS,2021-08-15,2021,14:30,TARDE,DOMINGO,COLOMBINA,CALLE 29 CARRERA 22-03,URBANA,TECNICO,3.52545,-76.29438,NO APLICA,NO APLICA,NO APLICA,CHOQUE,NO APLICA 2021,MASCULINO,NO APLICA,VOLQUETA,FORD,NO APLICA 2021,PARTICULAR,NO APLICA
1373,DAÑOS,2021-08-15,2021,14:30,TARDE,DOMINGO,COLOMBINA,CALLE 29 CARRERA 22-03,URBANA,TECNICO,3.52545,-76.29438,NO APLICA,NO APLICA,NO APLICA,CHOQUE OBJETO FIJO,NO APLICA 2021,MASCULINO,NO APLICA,AUTOMOVIL,HYUNDAI,NO APLICA 2021,PARTICULAR,NO APLICA
1374,DAÑOS,2021-08-15,2021,14:30,TARDE,DOMINGO,COLOMBINA,CALLE 29 CARRERA 22-03,URBANA,TECNICO,3.52545,-76.29438,NO APLICA,NO APLICA,NO APLICA,CHOQUE OBJETO FIJO,NO APLICA 2021,MASCULINO,NO APLICA,MOTO,YAMAHA,NO APLICA 2021,PARTICULAR,NO APLICA
1375,MUERTO,2021-08-15,2021,21:20,NOCHE,DOMINGO,VIA PALMIRA POTRERILLO,KMT 11 + 100 MTS,RURAL,TECNICO,3.56976,-76.21568,MOTOCICLISTA,1,NO APLICA,CHOQUE OBJETO FIJO,NO APLICA 2021,MASCULINO,PALMA,MOTO,YAMAHA,NO APLICA 2021,PARTICULAR,NO APLICA
1376,MUERTO,2021-08-15,2021,21:20,NOCHE,DOMINGO,VIA PALMIRA POTRERILLO,KMT 11 + 100 MTS,RURAL,TECNICO,3.56976,-76.21568,ACOMPAÑANTE MOTOCICLISTA,NO APLICA,1,CHOQUE OBJETO FIJO,NO APLICA 2021,MASCULINO,NO APLICA,NO APLICA,NO APLICA,NO APLICA 2021,NO APLICA,NO APLICA
1377,HERIDOS,2021-08-16,2021,04:40,MADRUGADA,LUNES,VIA PALMIRA TIENDA NUEVA,CALLE 44 N 10-51,URBANA,TECNICO,3.53996,-76.28309,MOTOCICLISTA,1,NO APLICA,CHOQUE,NO APLICA 2021,MASCULINO,RAUL,MOTO,HONDA,NO APLICA 2021,PARTICULAR,NO APLICA
1378,HERIDOS,2021-08-16,2021,04:40,MADRUGADA,LUNES,VIA PALMIRA TIENDA NUEVA,CALLE 44 N 10-51,URBANA,TECNICO,3.53996,-76.28309,MOTOCICLISTA,1,NO APLICA,CHOQUE,NO APLICA 2021,MASCULINO,PALMA,MOTO,YAMAHA,NO APLICA 2021,PARTICULAR,NO APLICA
1379,DAÑOS,2021-08-16,2021,15:00,TARDE,LUNES,SANTA ISABEL,CARRERA 28 CALLE 45,URBANA,TECNICO,3.54071,-76.29678,NO APLICA,NO APLICA,NO APLICA,CHOQUE,NO APLICA 2021,FEMENINA,NO APLICA,AUTOMOVIL,CHEVROLET,NO APLICA 2021,PARTICULAR,NO APLICA
1380,DAÑOS,2021-08-16,2021,15:00,TARDE,LUNES,SANTA ISABEL,CARRERA 28 CALLE 45,URBANA,TECNICO,3.54071,-76.29678,NO APLICA,NO APLICA,NO APLICA,CHOQUE,NO APLICA 2021,MASCULINO,NO APLICA,AUTOMOVIL,HYUNDAI,NO APLICA 2021,PUBLICO,UNITAX
1381,HERIDOS,2021-08-20,2021,06:15,MAÑANA,VIERNES,FLORES,CALLE 30 CARRERA 3-4,URBANA,TECNICO,3.52249,-76.27973,CICLISTA,1,NO APLICA,CHOQUE,NO APLICA 2021,MASCULINO,FRACTURAS,BICICLETA,ROGFIT,NO APLICA 2021,PARTICULAR,NO APLICA
1382,HERIDOS,2021-08-20,2021,06:15,MAÑANA,VIERNES,FLORES,CALLE 30 CARRERA 3-4,URBANA,TECNICO,3.52249,-76.27973,NO APLICA,NO APLICA,NO APLICA,CHOQUE,NO APLICA 2021,MASCULINO,NO APLICA,BUS,VOLKSWAGEN,NO APLICA 2021,PUBLICO,NO APLICA
1383,HERIDOS,2021-08-16,2021,20:40,NOCHE,LUNES,ZAMORANO,DIAGONAL 28 TRASVERSAL 7B-7C,URBANA,TECNICO,3.50632,-76.29968,NO APLICA,NO APLICA,NO APLICA,CHOQUE,NO APLICA 2021,FEMENINA,NO APLICA,MOTO,HONDA,NO APLICA 2021,PARTICULAR,NO APLICA
1384,HERIDOS,2021-08-16,2021,20:40,NOCHE,LUNES,ZAMORANO,DIAGONAL 28 TRASVERSAL 78-76,URBANA,TECNICO,3.50632,-76.29968,MOTOCICLISTA,1,NO APLICA,CHOQUE,NO APLICA 2021,MASCULINO,RAUL,MOTO,YAMAHA,NO APLICA 2021,PARTICULAR,NO APLICA
1385,HERIDOS,2021-08-16,2021,20:40,NOCHE,LUNES,ZAMORANO,DIAGONAL 28 TRASVERSAL 78-76,URBANA,TECNICO,3.50632,-76.29968,ACOMPAÑANTE MOTOCICLISTA,1,NO APLICA,CHOQUE,NO APLICA 2021,FEMENINA,PALMA,NO APLICA,NO APLICA,NO APLICA 2021,NO APLICA,NO APLICA
1386,HERIDOS,2021-08-16,2021,23:00,NOCHE,LUNES,SAN PEDRO,CARRERA 19 CALLE 37 97,URBANA,TECNICO,3.53314,-76.29052,MOTOCICLISTA,1,NO APLICA,CHOQUE,NO APLICA 2021,MASCULINO,PALMIRA,MOTO,AKT,NO APLICA 2021,PARTICULAR,NO APLICA
1387,HERIDOS,2021-08-16,2021,23:00,NOCHE,LUNES,SAN PEDRO,CARRERA 19 CALLE 37 97,URBANA,TECNICO,3.53314,-76.29052,MOTOCICLISTA,1,NO APLICA,CHOQUE,NO APLICA 2021,MASCULINO,PALMIRA,MOTO,HONDA,NO APLICA 2021,PARTICULAR,NO APLICA
1388,HERIDOS,2021-08-16,2021,23:00,NOCHE,LUNES,SAN PEDRO,CARRERA 19 CALLE 37-17,URBANA,TECNICO,3.53314,-76.29052,ACOMPAÑANTE MOTOCICLISTA,1,NO APLICA,CHOQUE,NO APLICA 2021,FEMENINA,PALMIRA,NO APLICA,NO APLICA,NO APLICA 2021,NO APLICA,NO APLICA
1389,MUERTO,2021-08-16,2021,21:25,NOCHE,LUNES,VIA PALMIRA PRADERA,KM 79 + 500 MTS,RURAL,POLICIA,3.50453,-76.24229,MOTOCICLISTA,NO APLICA,1,CHOQUE,NO APLICA 2021,MASCULINO,NO APLICA,MOTO,HONDA,NO APLICA 2021,PARTICULAR,NO APLICA
1390,DAÑOS,2021-08-17,2021,15:10,TARDE,MARTES,ESTONIA,CALLE 42 CARRERA 32,URBANA,TECNICO,3.53838,-76.30089,NO APLICA,NO APLICA,NO APLICA,CHOQUE,NO APLICA 2021,MASCULINO,NO APLICA,AUTOMOVIL,HYUNDAI,NO APLICA 2021,PARTICULAR,NO APLICA
1391,DAÑOS,2021-08-17,2021,15:10,TARDE,MARTES,ESTONIA,CALLE 42 CARRERA 32,URBANA,TECNICO,3.53838,-76.30089,NO APLICA,NO APLICA,NO APLICA,CHOQUE,NO APLICA 2021,MASCULINO,NO APLICA,MAQUINARIA,HELI,NO APLICA 2021,PARTICULAR,NO APLICA
1392,DAÑOS,2021-08-17,2021,15:45,TARDE,MARTES,SANTA BARBARA,CALLE 31 CARRERA 44,URBANA,TECNICO,3.52939,-76.31654,NO APLICA,NO APLICA,NO APLICA,CHOQUE,NO APLICA 2021,MASCULINO,NO APLICA,CAMIONETA,RENAULT,NO APLICA 2021,PARTICULAR,NO APLICA
1393,DAÑOS,2021-08-17,2021,15:45,TARDE,MARTES,SANTA BARBARA,CALLE 31 CARRERA 44,URBANA,TECNICO,3.52939,-76.31654,NO APLICA,NO APLICA,NO APLICA,CHOQUE,NO APLICA 2021,MASCULINO,NO APLICA,AUTOMOVIL,SUZUKI,NO APLICA 2021,PARTICULAR,NO APLICA
1394,DAÑOS,2021-08-17,2021,15:55,TARDE,MARTES,SESQUI,CARRERA 32 CALLE 10,URBANA,TECNICO,3.51038,-76.3071,NO APLICA,NO APLICA,NO APLICA,CHOQUE,NO APLICA 2021,MASCULINO,NO APLICA,AUTOMOVIL,KIA,NO APLICA 2021,PARTICULAR,NO APLICA
1395,DAÑOS,2021-08-17,2021,15:55,TARDE,MARTES,SESQUI,CARRERA 32 CALLE 10,URBANA,TECNICO,3.51038,-76.3071,NO APLICA,NO APLICA,NO APLICA,CHOQUE,NO APLICA 2021,MASCULINO,NO APLICA,AUTOMOVIL,CHEVROLET,NO APLICA 2021,PARTICULAR,NO APLICA
1396,DAÑOS,2021-08-17,2021,20:00,NOCHE,MARTES,LA EMILIA,CALLE 41 CARRERA 36,URBANA,TECNICO,3.53797,-76.30738,NO APLICA,NO APLICA,NO APLICA,CHOQUE,NO APLICA 2021,MASCULINO,NO APLICA,AUTOMOVIL,HYUNDAI,NO APLICA 2021,PUBLICO,COOP TRANS PALMERAS
1397,DAÑOS,2021-08-17,2021,20:00,NOCHE,MARTES,LA EMILIA,CALLE 41 CARRERA 36,URBANA,TECNICO,3.53797,-76.30738,NO APLICA,NO APLICA,NO APLICA,CHOQUE,NO APLICA 2021,FEMENINA,NO APLICA,CAMIONETA,NISSAN,NO APLICA 2021,PARTICULAR,NO APLICA
1398,DAÑOS,2021-08-18,2021,11:10,MAÑANA,MIERCOLES,COLOMBIA,CALLE 36 CARRERA 29,URBANA,TECNICO,3.53294,-76.29887,NO APLICA,NO APLICA,NO APLICA,CHOQUE,NO APLICA 2021,MASCULINO,NO APLICA,AUTOMOVIL,HYUNDAI,NO APLICA 2021,PUBLICO,NO APLICA
1399,DAÑOS,2021-08-18,2021,11:10,MAÑANA,MIERCOLES,COLOMBIA,CALLE 36 CARRERA 29,URBANA,TECNICO,3.53294,-76.29887,NO APLICA,NO APLICA,NO APLICA,CHOQUE,NO APLICA 2021,MASCULINO,NO APLICA,AUTOMOVIL,RENAULT,NO APLICA 2021,PARTICULAR,NO APLICA
1400,DAÑOS,2021-08-18,2021,13:10,TARDE,MIERCOLES,RECREO,CALLE 22 CARRERA 25,URBANA,TECNICO,3.51994,-76.29741,NO APLICA,NO APLICA,NO APLICA,CHOQUE,NO APLICA 2021,MASCULINO,NO APLICA,MOTO,TVS,NO APLICA 2021,PARTICULAR,NO APLICA
1401,DAÑOS,2021-08-18,2021,13:10,TARDE,MIERCOLES,RECREO,CALLE 22 CARRERA 25,URBANA,TECNICO,3.51994,-76.29741,NO APLICA,NO APLICA,NO APLICA,CHOQUE,NO APLICA 2021,MASCULINO,NO APLICA,AUTOMOVIL,FORD,NO APLICA 2021,PARTICULAR,NO APLICA
1402,DAÑOS,2021-08-19,2021,12:30,TARDE,JUEVES,CHAPINERO SUR,CARRERA 32 CALLE 11-56,URBANA,TECNICO,3.51095,-76.30689,NO APLICA,NO APLICA,NO APLICA,CHOQUE,NO APLICA 2021,MASCULINO,NO APLICA,CAMPERO,RENAULT,NO APLICA 2021,PARTICULAR,NO APLICA
1403,DAÑOS,2021-08-19,2021,12:30,TARDE,JUEVES,CHAPINERO SUR,CARRERA 32 CALLE 11-56,URBANA,TECNICO,3.51095,-76.30689,NO APLICA,NO APLICA,NO APLICA,CHOQUE,NO APLICA 2021,MASCULINO,NO APLICA,MOTO,AUTECO,NO APLICA 2021,PARTICULAR,NO APLICA
1404,DAÑOS,2021-08-19,2021,09:50,MAÑANA,JUEVES,VERSALLES,CALLE 42 CARRERA 28,URBANA,TECNICO,3.53813,-76.29705,NO APLICA,NO APLICA,NO APLICA,CHOQUE,NO APLICA 2021,MASCULINO,NO APLICA,MICROBUS,CHEVROLET,NO APLICA 2021,PUBLICO,NO APLICA
1405,DAÑOS,2021-08-19,2021,09:50,MAÑANA,JUEVES,VERSALLES,CALLE 42 CARRERA 28,URBANA,TECNICO,3.53813,-76.29705,NO APLICA,NO APLICA,NO APLICA,CHOQUE,NO APLICA 2021,FEMENINA,NO APLICA,AUTOMOVIL,HYUNDAI,NO APLICA 2021,PARTICULAR,NO APLICA
1406,DAÑOS,2021-08-19,2021,19:20,NOCHE,JUEVES,ALTAMIRA,CALLE 46 CARRERA 19,URBANA,TECNICO,3.54093,-76.29091,NO APLICA,NO APLICA,NO APLICA,CHOQUE,NO APLICA 2021,MASCULINO,NO APLICA,CAMION,JMC,NO APLICA 2021,PARTICULAR,NO APLICA
1407,DAÑOS,2021-08-19,2021,19:20,NOCHE,JUEVES,ALTAMIRA,CALLE 46 CARRERA 19,URBANA,TECNICO,3.54093,-76.29091,NO APLICA,NO APLICA,NO APLICA,CHOQUE,NO APLICA 2021,MASCULINO,NO APLICA,AUTOMOVIL,CHEVROLET,NO APLICA 2021,PARTICULAR,NO APLICA
1408,HERIDOS,2021-08-19,2021,18:00,NOCHE,JUEVES,VIA PALMIRA BARRANCAS,KM 4 + 700 MTS,URBANA,TECNICO,3.54473,-76.26657,MOTOCICLISTA,1,NO APLICA,CHOQUE,NO APLICA 2021,MASCULINO,PALMIRA,MOTO,AUTECO,NO APLICA 2021,PARTICULAR,NO APLICA
1409,HERIDOS,2021-08-19,2021,18:00,NOCHE,JUEVES,VIA PALMIRA BARRANCAS,KM 4 + 700 MTS,URBANA,TECNICO,3.54473,-76.26657,MOTOCICLISTA,1,NO APLICA,CHOQUE,NO APLICA 2021,MASCULINO,PALMIRA,MOTO,HONDA,NO APLICA 2021,PARTICULAR,NO APLICA
1410,HERIDOS,2021-08-19,2021,18:00,NOCHE,JUEVES,VIA PALMIRA BARRANCAS,KM 4 + 700 MTS,URBANA,TECNICO,3.54473,-76.26657,ACOMPAÑANTE MOTOCICLISTA,1,NO APLICA,CHOQUE,NO APLICA 2021,FEMENINA,PALMIRA,NO APLICA,NO APLICA,NO APLICA 2021,NO APLICA,NO APLICA
1411,HERIDOS,2021-08-20,2021,08:40,MAÑANA,VIERNES,OBRERO,CALLE 35 CARRERA 26,URBANA,TECNICO,3.53173,-76.29643,MOTOCICLISTA,1,NO APLICA,CHOQUE,NO APLICA 2021,MASCULINO,FRACTURAS,MOTO,SUZUKI,NO APLICA 2021,PARTICULAR,NO APLICA
1412,HERIDOS,2021-08-20,2021,08:40,MAÑANA,VIERNES,OBRERO,CALLE 35 CARRERA 26,URBANA,TECNICO,3.53173,-76.29643,MOTOCICLISTA,1,NO APLICA,CHOQUE,NO APLICA 2021,MASCULINO,FRACTURAS,MOTO,VICTORY,NO APLICA 2021,PARTICULAR,NO APLICA
1413,HERIDOS,2021-08-20,2021,08:40,MAÑANA,VIERNES,OBRERO,CALLE 35 CARRERA 26,URBANA,TECNICO,3.53173,-76.29643,MOTOCICLISTA,1,NO APLICA,CHOQUE,NO APLICA 2021,MASCULINO,PALMIRA,MOTO,ABC,NO APLICA 2021,PARTICULAR,NO APLICA
1414,HERIDOS,2021-08-20,2021,15:10,TARDE,VIERNES,JARDIN,CARRERA 1 CALLE 32B-17,URBANA,TECNICO,3.52773,-76.27746,NO APLICA,NO APLICA,NO APLICA,CHOQUE,NO APLICA 2021,FEMENINA,NO APLICA,CAMIONETA,RENAULT,NO APLICA 2021,PARTICULAR,NO APLICA
1415,HERIDOS,2021-08-20,2021,15:10,TARDE,VIERNES,JARDIN,CARRERA 1 CALLE 32B-17,URBANA,TECNICO,3.52773,-76.27746,NO APLICA,NO APLICA,NO APLICA,CHOQUE,NO APLICA 2021,MASCULINO,NO APLICA,VOLQUETA,CHEVROLET,NO APLICA 2021,PARTICULAR,NO APLICA
1416,HERIDOS,2021-08-21,2021,05:50,MADRUGADA,SABADO,FLORES,CALLE 30 CARRERA 1,URBANA,TECNICO,3.52095,-76.27794,NO APLICA,NO APLICA,NO APLICA,CHOQUE,NO APLICA 2021,MASCULINO,NO APLICA,AUTOMOVIL,CHEVROLET,NO APLICA 2021,PUBLICO,NO APLICA
1417,HERIDOS,2021-08-21,2021,05:50,MADRUGADA,SABADO,FLORES,CALLE 30 CARRERA 1,URBANA,TECNICO,3.52095,-76.27794,MOTOCICLISTA,1,NO APLICA,CHOQUE,NO APLICA 2021,MASCULINO,RAUL,MOTO,YAMAHA,NO APLICA 2021,PARTICULAR,NO APLICA
1418,HERIDOS,2021-08-21,2021,08:20,MAÑANA,SABADO,JARDIN,CARRERA 1 CALLE 32B-05,URBANA,TECNICO,3.52773,-76.27746,MOTOCICLISTA,1,NO APLICA,ATROPELLO,NO APLICA 2021,MASCULINO,PALMIRA,MOTO,BAJAJ,NO APLICA 2021,PARTICULAR,NO APLICA
1419,HERIDOS,2021-08-21,2021,08:20,MAÑANA,SABADO,JARDIN,CARRERA 1 CALLE 32B-05,URBANA,TECNICO,3.52773,-76.27746,PEATON,1,NO APLICA,ATROPELLO,NO APLICA 2021,FEMENINA,PALMA,NO APLICA,NO APLICA,NO APLICA 2021,NO APLICA,NO APLICA
1420,HERIDOS,2021-08-22,2021,13:20,TARDE,DOMINGO,CORONADO,TRASNVERSAL 39 CALLE 51,URBANA,TECNICO,3.5447,-76.30819,MOTOCICLISTA,1,NO APLICA,CHOQUE,NO APLICA 2021,FEMENINA,PALMA,MOTO,YAMAHA,NO APLICA 2021,PARTICULAR,NO APLICA
1421,HERIDOS,2021-08-22,2021,13:20,TARDE,DOMINGO,CORONADO,TRASNVERSAL 39 CALLE 51,URBANA,TECNICO,3.5447,-76.30819,MOTOCICLISTA,1,NO APLICA,CHOQUE,NO APLICA 2021,MASCULINO,PALMIRA,MOTO,HERO,NO APLICA 2021,PARTICULAR,NO APLICA
1422,MUERTO,2021-01-23,2021,23:00,MAÑANA,DOMINGO,VIA CALI PALMIRA SUR,KM 14 + 100 MTS,RURAL,POLICIA,3.51955,-76.36255,PEATON,NO APLICA,1,ATROPELLO,NO APLICA 2021,MASCULINO,NO APLICA,NO APLICA,NO APLICA,NO APLICA 2021,NO APLICA,NO APLICA
1423,MUERTO,2021-01-27,2021,17:30,MAÑANA,MIERCOLES,VIA SUCROMILES EL CERRITO,KM 44  + 500 MTS,RURAL,POLICIA,3.49007,-76.32722,MOTOCICLISTA,NO APLICA,1,VOLCAMIENTO,NO APLICA 2021,MASCULINO,NO APLICA,MOTO,HERO,NO APLICA 2021,PARTICULAR,NO APLICA
1424,MUERTO,2021-01-31,2021,19:30,NOCHE,DOMINGO,VIA CALI PALMIRA,KM 8  + 500 MTS,RURAL,POLICIA,3.50605,-76.42052,MOTOCICLISTA,NO APLICA,1,VOLCAMIENTO,NO APLICA 2021,MASCULINO,NO APLICA,MOTO,AKT,NO APLICA 2021,PARTICULAR,NO APLICA
1425,HERIDOS,2021-08-22,2021,15:00,TARDE,DOMINGO,TRINIDAD,CALLE 29 CARRERA23,URBANA,TECNICO,3.52554,-76.29489,NO APLICA,NO APLICA,NO APLICA,CHOQUE,NO APLICA 2021,MASCULINO,NO APLICA,TRACTO CAMION,MERCEDES BENZ,NO APLICA 2021,PARTICULAR,NO APLICA
1426,HERIDOS,2021-08-22,2021,15:00,TARDE,DOMINGO,TRINIDAD,CALLE 29 CARRERA23,URBANA,TECNICO,3.52554,-76.29489,MOTOCICLISTA,1,NO APLICA,CHOQUE,NO APLICA 2021,MASCULINO,PALMIRA,MOTO,VICTORY,NO APLICA 2021,PARTICULAR,NO APLICA
1427,HERIDOS,2021-08-22,2021,15:00,TARDE,DOMINGO,TRINIDAD,CALLE 29 CARRERA23,URBANA,TECNICO,3.52554,-76.29489,ACOMPAÑANTE MOTOCICLISTA,1,NO APLICA,CHOQUE,NO APLICA 2021,FEMENINA,PALMIRA,NO APLICA,NO APLICA,NO APLICA 2021,PARTICULAR,NO APLICA
1428,DAÑOS,2021-08-22,2021,17:00,TARDE,DOMINGO,ZAMORANO,CARRERA 28 CALLE 69-70,URBANA,TECNICO,3.55641,-76.29157,NO APLICA,NO APLICA,NO APLICA,CHOQUE,NO APLICA 2021,MASCULINO,NO APLICA,AUTOMOVIL,CHEVROLET,NO APLICA 2021,PARTICULAR,NO APLICA
1429,DAÑOS,2021-08-22,2021,17:00,TARDE,DOMINGO,ZAMORANO,CARRERA 28 CALLE 69-70,URBANA,TECNICO,3.55641,-76.29157,NO APLICA,NO APLICA,NO APLICA,CHOQUE,NO APLICA 2021,FEMENINA,NO APLICA,CAMIONETA,BATC,NO APLICA 2021,PARTICULAR,NO APLICA
1430,DAÑOS,2021-08-22,2021,18:20,NOCHE,DOMINGO,VIA PALMIRA TABLONES,KM 11,RURAL,TECNICO,3.57026,-76.21575,NO APLICA,NO APLICA,NO APLICA,CHOQUE,NO APLICA 2021,MASCULINO,NO APLICA,MOTO,YAMAHA,NO APLICA 2021,PARTICULAR,NO APLICA
1431,DAÑOS,2021-08-22,2021,18:20,NOCHE,DOMINGO,VIA PALMIRA TABLONES,KM 11,RURAL,TECNICO,3.57026,-76.21575,NO APLICA,NO APLICA,NO APLICA,CHOQUE,NO APLICA 2021,MASCULINO,NO APLICA,AUTOMOVIL,MAZDA,NO APLICA 2021,PARTICULAR,NO APLICA
1432,DAÑOS,2021-08-23,2021,17:10,TARDE,LUNES,COLOMBINA,CALLE 30 CARRERA 20,URBANA,TECNICO,3.52611,-76.29221,NO APLICA,NO APLICA,NO APLICA,CHOQUE,NO APLICA 2021,MASCULINO,NO APLICA,CAMIONETA,HAFEI,NO APLICA 2021,PARTICULAR,NO APLICA
1433,DAÑOS,2021-08-23,2021,17:10,TARDE,LUNES,COLOMBINA,CALLE 30 CARRERA 20,URBANA,TECNICO,3.52611,-76.29221,NO APLICA,NO APLICA,NO APLICA,CHOQUE,NO APLICA 2021,MASCULINO,NO APLICA,AUTOMOVIL,RENAULT,NO APLICA 2021,PARTICULAR,NO APLICA
1434,DAÑOS,2021-08-23,2021,11:40,MAÑANA,LUNES,ESTONIA,CALLE 46 CARRERA 32,URBANA,TECNICO,3.5415,-76.30071,NO APLICA,NO APLICA,NO APLICA,CHOQUE,NO APLICA 2021,MASCULINO,NO APLICA,AUTOMOVIL,MAZDA,NO APLICA 2021,PARTICULAR,NO APLICA
1435,DAÑOS,2021-08-23,2021,11:40,MAÑANA,LUNES,ESTONIA,CALLE 46 CARRERA 32,URBANA,TECNICO,3.5415,-76.30071,NO APLICA,NO APLICA,NO APLICA,CHOQUE,NO APLICA 2021,FEMENINA,NO APLICA,AUTOMOVIL,DATSUN,NO APLICA 2021,PARTICULAR,NO APLICA
1436,DAÑOS,2021-08-21,2021,16:50,TARDE,SABADO,LIBERTAD,CARRERA 10 CALLE 39,URBANA,TECNICO,3.53514,-76.28355,NO APLICA,NO APLICA,NO APLICA,CHOQUE,NO APLICA 2021,MASCULINO,NO APLICA,AUTOMOVIL,CHEVROLET,NO APLICA 2021,PARTICULAR,NO APLICA
1437,DAÑOS,2021-08-21,2021,16:50,TARDE,SABADO,LIBERTAD,CARRERA 10 CALLE 39,URBANA,TECNICO,3.53514,-76.28355,NO APLICA,NO APLICA,NO APLICA,CHOQUE,NO APLICA 2021,MASCULINO,NO APLICA,MOTO,SUZUKI,NO APLICA 2021,PARTICULAR,NO APLICA
1438,DAÑOS,2021-08-21,2021,17:00,TARDE,SABADO,ZAMORANO,CARRERA 28 CALLE 60,URBANA,TECNICO,3.55071,-76.29431,NO APLICA,NO APLICA,NO APLICA,CHOQUE,NO APLICA 2021,MASCULINO,NO APLICA,AUTOMOVIL,MAZDA,NO APLICA 2021,PARTICULAR,NO APLICA
1439,DAÑOS,2021-08-21,2021,17:00,TARDE,SABADO,ZAMORANO,CARRERA 28 CALLE 60,URBANA,TECNICO,3.55071,-76.29431,NO APLICA,NO APLICA,NO APLICA,CHOQUE,NO APLICA 2021,MASCULINO,NO APLICA,BUS,AGRALE,NO APLICA 2021,PARTICULAR,NO APLICA
1440,HERIDOS,2021-08-21,2021,17:40,TARDE,SABADO,PRIMERO DE MAYO,CALLE 41 CARRERA 12,URBANA,TECNICO,3.53634,-76.28492,MOTOCICLISTA,1,NO APLICA,CHOQUE,NO APLICA 2021,MASCULINO,PALMA,MOTO,VICTORY,NO APLICA 2021,PARTICULAR,NO APLICA
1441,HERIDOS,2021-08-21,2021,17:40,TARDE,SABADO,PRIMERO DE MAYO,CALLE 41 CARRERA 12,URBANA,TECNICO,3.53634,-76.28492,CICLISTA,1,NO APLICA,CHOQUE,NO APLICA 2021,MASCULINO,PALMA,BICICLETA,TREK,NO APLICA 2021,PARTICULAR,NO APLICA
1442,HERIDOS,2021-08-22,2021,03:30,MADRUGADA,DOMINGO,CENTRO,CALLE 29 CARRERA 33,URBANA,TECNICO,3.52671,-76.30343,MOTOCICLISTA,1,NO APLICA,CHOQUE,NO APLICA 2021,MASCULINO,PALMIRA,MOTO,HONDA,NO APLICA 2021,PARTICULAR,NO APLICA
1443,HERIDOS,2021-08-22,2021,03:30,MADRUGADA,DOMINGO,CENTRO,CALLE 29 CARRERA 33,URBANA,TECNICO,3.52671,-76.30343,NO APLICA,NO APLICA,NO APLICA,CHOQUE,NO APLICA 2021,MASCULINO,NO APLICA,AUTOMOVIL,RENAULT,NO APLICA 2021,PARTICULAR,NO APLICA
1444,HERIDOS,2021-08-22,2021,03:30,MADRUGADA,DOMINGO,CENTRO,CALLE 29 CARRERA 33,URBANA,TECNICO,3.52671,-76.30343,ACOMPAÑANTE MOTOCICLISTA,1,NO APLICA,CHOQUE,NO APLICA 2021,MASCULINO,PALMIRA,NO APLICA,NO APLICA,NO APLICA 2021,NO APLICA,NO APLICA
1445,DAÑOS,2021-08-25,2021,14:55,TARDE,MIERCOLES,LA EMILIA,CALLE 36 CARRERA 35-14,URBANA,TECNICO,3.5344,-76.30583,NO APLICA,NO APLICA,NO APLICA,CHOQUE,NO APLICA 2021,MASCULINO,NO APLICA,AUTOMOVIL,HYUNDAI,NO APLICA 2021,PARTICULAR,NO APLICA
1446,DAÑOS,2021-08-25,2021,14:55,TARDE,MIERCOLES,LA EMILIA,CALLE 36 CARRERA 35-14,URBANA,TECNICO,3.5344,-76.30583,NO APLICA,NO APLICA,NO APLICA,CHOQUE,NO APLICA 2021,MASCULINO,NO APLICA,AUTOMOVIL,CHEVROLET,NO APLICA 2021,PARTICULAR,NO APLICA
1447,HERIDOS,2021-08-25,2021,17:00,TARDE,MIERCOLES,COLOMBINA,CALLE 30 CARRERA 17,URBANA,TECNICO,3.5258,-76.2896,MOTOCICLISTA,1,NO APLICA,CHOQUE,NO APLICA 2021,MASCULINO,PALMIRA,MOTO,AKT,NO APLICA 2021,PARTICULAR,NO APLICA
1448,HERIDOS,2021-08-25,2021,17:00,TARDE,MIERCOLES,COLOMBINA,CALLE 30 CARRERA 17,URBANA,TECNICO,3.5258,-76.2896,NO APLICA,NO APLICA,NO APLICA,CHOQUE,NO APLICA 2021,MASCULINO,NO APLICA,CAMIONETA,NISSAN,NO APLICA 2021,PARTICULAR,NO APLICA