,GRAVEDAD,FECHA,AÑO,HORA,JORNADA,DIA_SEMANA,BARRIO-CORREGIMIENTO-VIA,DIRECCION,ZONA,AUTORIDAD,LAT,LONG,CONDICION_VICTIMA,LESIONADO,HOMICIDIOS,TIPO_ACCIDENTE,HIPOTESIS,GENERO,CLINICA,CLASE_VEHICULO,MARCA,MATRICULA,TIPO DE SERVICIO,EMPRESA
1449,DAÑOS,2021-08-25,2021,15:30,TARDE,MIERCOLES,JARDIN,CARRERA 1 CALLE 32A,URBANA,TECNICO,3.52732,-76.27757,NO APLICA,NO APLICA,NO APLICA,CHOQUE,NO APLICA 2021,MASCULINO,NO APLICA,AUTOMOVIL,KIA,NO APLICA 2021,PARTICULAR,NO APLICA
1450,DAÑOS,2021-08-25,2021,20:00,NOCHE,MIERCOLES,SEMBRADOR,CALLE 21A CARRERA 19-82,URBANA,TECNICO,3.51914,-76.29116,NO APLICA,NO APLICA,NO APLICA,CHOQUE,NO APLICA 2021,FEMENINA,NO APLICA,AUTOMOVIL,HYUNDAI,NO APLICA 2021,PARTICULAR,NO APLICA
1451,DAÑOS,2021-08-25,2021,20:00,NOCHE,MIERCOLES,SEMBRADOR,CALLE 21A CARRERA 19-82,URBANA,TECNICO,3.51914,-76.29116,NO APLICA,NO APLICA,NO APLICA,CHOQUE,NO APLICA 2021,MASCULINO,NO APLICA,CAMIONETA,CHEVROLET,NO APLICA 2021,PARTICULAR,NO APLICA
1452,HERIDOS,2021-08-26,2021,20:00,NOCHE,JUEVES,CENTRO,CALLE 28 CARRERA 25,URBANA,TECNICO,3.52488,-76.29673,MOTOCICLISTA,1,NO APLICA,CHOQUE,NO APLICA 2021,MASCULINO,PALMIRA,MOTO,AKT,NO APLICA 2021,PARTICULAR,NO APLICA
1453,HERIDOS,2021-08-26,2021,20:00,NOCHE,JUEVES,CENTRO,CALLE 28 CARRERA 25,URBANA,TECNICO,3.52488,-76.29673,MOTOCICLISTA,1,NO APLICA,CHOQUE,NO APLICA 2021,MASCULINO,PALMIRA,MOTO,AKT,NO APLICA 2021,PARTICULAR,NO APLICA
1454,HERIDOS,2021-08-27,2021,11:30,MAÑANA,VIERNES,JARDIN,CARRERA 1 CALLE 33-19,URBANA,TECNICO,3.52906,-76.27729,NO APLICA,NO APLICA,NO APLICA,CHOQUE,NO APLICA 2021,MASCULINO,NO APLICA,MOTO,SUZUKI,NO APLICA 2021,PARTICULAR,NO APLICA
1455,HERIDOS,2021-08-27,2021,11:30,MAÑANA,VIERNES,JARDIN,CARRERA 1 CALLE 33-19,URBANA,TECNICO,3.52906,-76.27729,NO APLICA,NO APLICA,NO APLICA,CHOQUE,NO APLICA 2021,MASCULINO,NO APLICA,AUTOMOVIL,HYUNDAI,NO APLICA 2021,PARTICULAR,NO APLICA
1456,HERIDOS,2021-08-27,2021,11:30,MAÑANA,VIERNES,JARDIN,CARRERA 1 CALLE 33-19,URBANA,TECNICO,3.52906,-76.27729,ACOMPAÑANTE MOTOCICLISTA,1,NO APLICA,CHOQUE,NO APLICA 2021,MASCULINO,FRACTURAS,NO APLICA,NO APLICA,NO APLICA 2021,NO APLICA,NO APLICA
1457,HERIDOS,2021-08-27,2021,11:30,MAÑANA,VIERNES,JARDIN,CARRERA 1 CALLE 33-19,URBANA,TECNICO,3.52906,-76.27729,MOTOCICLISTA,1,NO APLICA,CHOQUE,NO APLICA 2021,MASCULINO,FRACTURAS,MOTO,HONDA,NO APLICA 2021,PARTICULAR,NO APLICA
1458,DAÑOS,2021-08-27,2021,07:00,MAÑANA,VIERNES,CENTRO,CALLE 31 CARRERA 32,URBANA,TECNICO,3.52731,-76.29376,NO APLICA,NO APLICA,NO APLICA,CHOQUE,NO APLICA 2021,MASCULINO,NO APLICA,AUTOMOVIL,RENAULT,NO APLICA 2021,PARTICULAR,NO APLICA
1459,DAÑOS,2021-08-27,2021,07:00,MAÑANA,VIERNES,CENTRO,CALLE 31 CARRERA 32,URBANA,TECNICO,3.52731,-76.29376,NO APLICA,NO APLICA,NO APLICA,CHOQUE,NO APLICA 2021,MASCULINO,NO APLICA,MOTO,HONDA,NO APLICA 2021,PARTICULAR,NO APLICA
1460,DAÑOS,2021-08-27,2021,08:30,MAÑANA,VIERNES,OLIMPICO,CARRERA 35 CALLE 27,URBANA,TECNICO,3.52558,-76.30624,NO APLICA,NO APLICA,NO APLICA,CHOQUE,NO APLICA 2021,MASCULINO,NO APLICA,AUTOMOVIL,CHEVROLET,NO APLICA 2021,PARTICULAR,NO APLICA
1461,DAÑOS,2021-08-27,2021,08:30,MAÑANA,VIERNES,OLIMPICO,CARRERA 35 CALLE 27,URBANA,TECNICO,3.52558,-76.30624,NO APLICA,NO APLICA,NO APLICA,CHOQUE,NO APLICA 2021,MASCULINO,NO APLICA,BUS,INTERNATIONAL,NO APLICA 2021,PUBLICO,EXPRESO PALMIRA
1462,DAÑOS,2021-08-27,2021,10:30,MAÑANA,VIERNES,LA EMILIA,CARRERA 35 CALLE 36-61,URBANA,TECNICO,3.53445,-76.30575,NO APLICA,NO APLICA,NO APLICA,CHOQUE,NO APLICA 2021,MASCULINO,NO APLICA,AUTOMOVIL,CHEVROLET,NO APLICA 2021,PARTICULAR,NO APLICA
1463,DAÑOS,2021-08-27,2021,10:30,MAÑANA,VIERNES,LA EMILIA,CARRERA 35 CALLE 36-61,URBANA,TECNICO,3.53445,-76.30575,NO APLICA,NO APLICA,NO APLICA,CHOQUE,NO APLICA 2021,MASCULINO,NO APLICA,BICICLETA,RALLY,NO APLICA 2021,PARTICULAR,NO APLICA
1464,HERIDOS,2021-08-27,2021,18:50,TARDE,VIERNES,LA EMILIA,CARRERA 35 CALLE 40,URBANA,TECNICO,3.53712,-76.30628,MOTOCICLISTA,1,NO APLICA,CHOQUE,NO APLICA 2021,FEMENINA,PALMIRA,MOTO,SUZUKI,NO APLICA 2021,PARTICULAR,NO APLICA
1465,HERIDOS,2021-08-27,2021,18:50,TARDE,VIERNES,LA EMILIA,CARRERA 35 CALLE 40,URBANA,TECNICO,3.53712,-76.30628,NO APLICA,NO APLICA,NO APLICA,CHOQUE,NO APLICA 2021,MASCULINO,NO APLICA,AUTOMOVIL,CHEVROLET,NO APLICA 2021,PARTICULAR,NO APLICA
1466,HERIDOS,2021-08-27,2021,17:00,TARDE,VIERNES,LA EMILIA,CALLE 36 CARRERA 37,URBANA,TECNICO,3.53374,-76.30737,NO APLICA,NO APLICA,NO APLICA,CHOQUE,NO APLICA 2021,MASCULINO,NO APLICA,CAMIONETA,HYUNDAI,NO APLICA 2021,PARTICULAR,NO APLICA
1467,HERIDOS,2021-08-27,2021,17:00,TARDE,VIERNES,LA EMILIA,CALLE 36 CARRERA 37,URBANA,TECNICO,3.53374,-76.30737,NO APLICA,NO APLICA,NO APLICA,CHOQUE,NO APLICA 2021,MASCULINO,NO APLICA,CAMIONETA,CHEVROLET,NO APLICA 2021,PARTICULAR,NO APLICA
1468,HERIDOS,2021-08-27,2021,17:00,TARDE,VIERNES,LA EMILIA,CALLE 36 CARRERA 37,URBANA,TECNICO,3.53374,-76.30737,PEATON,1,NO APLICA,CHOQUE,NO APLICA 2021,FEMENINA,PALMIRA,NO APLICA,NO APLICA,NO APLICA 2021,NO APLICA,NO APLICA
1469,HERIDOS,2021-08-28,2021,17:20,TARDE,SABADO,NUEVO,CARRERA 31 CALLE 24,URBANA,TECNICO,3.52753,-76.29544,MOTOCICLISTA,1,NO APLICA,CHOQUE,NO APLICA 2021,MASCULINO,PALMIRA,MOTO,JIALING,NO APLICA 2021,PARTICULAR,NO APLICA
1470,HERIDOS,2021-08-29,2021,17:20,TARDE,SABADO,NUEVO,CARRERA 31 CALLE 24,URBANA,TECNICO,3.52753,-76.29544,NO APLICA,NO APLICA,NO APLICA,CHOQUE,NO APLICA 2021,MASCULINO,NO APLICA,AUTOMOVIL,CHEVROLET,NO APLICA 2021,PARTICULAR,NO APLICA
1471,HERIDOS,2021-08-30,2021,17:20,TARDE,SABADO,NUEVO,CARRERA 31 CALLE 24,URBANA,TECNICO,3.52753,-76.29544,ACOMPAÑANTE MOTOCICLISTA,1,NO APLICA,CHOQUE,NO APLICA 2021,FEMENINA,PALMIRA,NO APLICA,NO APLICA,NO APLICA 2021,NO APLICA,NO APLICA
1472,HERIDOS,2021-08-30,2021,20:40,NOCHE,LUNES,ITALIA,TRANSVERSAL 28 DIAGONAL 29,URBANA,TECNICO,3.50602,-76.30169,MOTOCICLISTA,1,NO APLICA,CHOQUE,NO APLICA 2021,MASCULINO,PALMA,MOTO,AKT,NO APLICA 2021,PARTICULAR,NO APLICA
1473,HERIDOS,2021-08-30,2021,20:40,NOCHE,LUNES,ITALIA,TRANSVERSAL 28 DIAGONAL 29,URBANA,TECNICO,3.50602,-76.30169,NO APLICA,NO APLICA,NO APLICA,CHOQUE,NO APLICA 2021,FEMENINA,NO APLICA,AUTOMOVIL,RENAULT,NO APLICA 2021,PARTICULAR,NO APLICA
1474,DAÑOS,2021-08-28,2021,00:10,MADRUGADA,SABADO,CENTRO,CALLE 28 CARRERA 32,URBANA,TECNICO,3.52587,-76.30277,NO APLICA,NO APLICA,NO APLICA,CHOQUE,NO APLICA 2021,MASCULINO,NO APLICA,MOTO,AKT,NO APLICA 2021,PARTICULAR,NO APLICA
1475,DAÑOS,2021-08-28,2021,00:10,MADRUGADA,SABADO,CENTRO,CALLE 28 CARRERA 32,URBANA,TECNICO,3.52587,-76.30277,NO APLICA,NO APLICA,NO APLICA,CHOQUE,NO APLICA 2021,FEMENINA,NO APLICA,AUTOMOVIL,MAZDA,NO APLICA 2021,PARTICULAR,NO APLICA
1476,DAÑOS,2021-08-30,2021,16:40,TARDE,LUNES,SANTA BARBARA,CALLE 31 VIA CALI KM 1,URBANA,TECNICO,3.52831,-76.3219,NO APLICA,NO APLICA,NO APLICA,CHOQUE,NO APLICA 2021,FEMENINA,NO APLICA,AUTOMOVIL,NISSAN,NO APLICA 2021,PARTICULAR,NO APLICA
1477,DAÑOS,2021-08-30,2021,16:40,TARDE,LUNES,SANTA BARBARA,CALLE 31 VIA CALI KM 1,URBANA,TECNICO,3.52831,-76.3219,NO APLICA,NO APLICA,NO APLICA,CHOQUE,NO APLICA 2021,MASCULINO,NO APLICA,CAMIONETA,FOTON,NO APLICA 2021,PUBLICO,NO APLICA
1478,DAÑOS,2021-08-30,2021,19:30,NOCHE,LUNES,JARDIN,CARRERA 1 CALLE 33-08,URBANA,TECNICO,3.5285,-76.27734,NO APLICA,NO APLICA,NO APLICA,CHOQUE,NO APLICA 2021,MASCULINO,NO APLICA,AUTOMOVIL,CHEVROLET,NO APLICA 2021,PARTICULAR,NO APLICA
1479,DAÑOS,2021-08-30,2021,19:30,NOCHE,LUNES,JARDIN,CARRERA 1 CALLE 33-08,URBANA,TECNICO,3.5285,-76.27734,NO APLICA,NO APLICA,NO APLICA,CHOQUE,NO APLICA 2021,MASCULINO,NO APLICA,AUTOMOVIL,CHEVROLET,NO APLICA 2021,PUBLICO,NO APLICA
1480,DAÑOS,2021-08-28,2021,09:20,MAÑANA,SABADO,ESTONIA,CARRERA 32 A CALLE 44,URBANA,TECNICO,3.53989,-76.30137,NO APLICA,NO APLICA,NO APLICA,CHOQUE,NO APLICA 2021,FEMENINA,NO APLICA,AUTOMOVIL,MAZDA,NO APLICA 2021,PARTICULAR,NO APLICA
1481,DAÑOS,2021-08-28,2021,09:20,MAÑANA,SABADO,ESTONIA,CARRERA 32 A CALLE 44,URBANA,TECNICO,3.53989,-76.30137,NO APLICA,NO APLICA,NO APLICA,CHOQUE,NO APLICA 2021,MASCULINO,NO APLICA,CAMION,DODGE,NO APLICA 2021,PARTICULAR,NO APLICA
1482,DAÑOS,2021-08-28,2021,09:00,MAÑANA,SABADO,MANGOS,CARRERA 28  CALLE 70,URBANA,TECNICO,3.5573,-76.29127,NO APLICA,NO APLICA,NO APLICA,CHOQUE,NO APLICA 2021,MASCULINO,NO APLICA,AUTOMOVIL,RENAULT,NO APLICA 2021,PARTICULAR,NO APLICA
1483,DAÑOS,2021-08-28,2021,09:00,MAÑANA,SABADO,MANGOS,CARRERA 28  CALLE 70,URBANA,TECNICO,3.5573,-76.29127,NO APLICA,NO APLICA,NO APLICA,CHOQUE,NO APLICA 2021,MASCULINO,NO APLICA,AUTOMOVIL,CHEVROLET,NO APLICA 2021,PARTICULAR,NO APLICA
1484,DAÑOS,2021-08-29,2021,14:10,TARDE,DOMINGO,RECREO,CALLE 21 CARRERA 24,URBANA,TECNICO,3.519,-76.29587,NO APLICA,NO APLICA,NO APLICA,CHOQUE,NO APLICA 2021,MASCULINO,NO APLICA,MOTO,BAJAJ,NO APLICA 2021,PARTICULAR,NO APLICA
1485,DAÑOS,2021-08-29,2021,14:10,TARDE,DOMINGO,RECREO,CALLE 21 CARRERA 24,URBANA,TECNICO,3.519,-76.29587,NO APLICA,NO APLICA,NO APLICA,CHOQUE,NO APLICA 2021,MASCULINO,NO APLICA,BICICLETA,SUZUKI,NO APLICA 2021,PARTICULAR,NO APLICA
1486,HERIDOS,2021-08-29,2021,17:20,TARDE,DOMINGO,CAHPINERO SUR,CARRERA 32 CALLE 8,URBANA,TECNICO,3.5099,-76.30743,MOTOCICLISTA,1,NO APLICA,CHOQUE,NO APLICA 2021,MASCULINO,PALMIRA,MOTO,SUZUKI,NO APLICA 2021,PARTICULAR,NO APLICA
1487,HERIDOS,2021-08-29,2021,17:20,TARDE,DOMINGO,CAHPINERO SUR,CARRERA 32 CALLE 8,URBANA,TECNICO,3.5099,-76.30743,NO APLICA,NO APLICA,NO APLICA,CHOQUE,NO APLICA 2021,MASCULINO,NO APLICA,AUTOMOVIL,CHEVROLET,NO APLICA 2021,PARTICULAR,NO APLICA
1488,DAÑOS,2021-08-29,2021,17:40,TARDE,DOMINGO,TRINIDAD,CALLE 29 CARRERA 23,URBANA,TECNICO,3.52553,-76.29487,NO APLICA,NO APLICA,NO APLICA,CHOQUE,NO APLICA 2021,MASCULINO,NO APLICA,AUTOMOVIL,FORD,NO APLICA 2021,PARTICULAR,NO APLICA
1489,DAÑOS,2021-08-29,2021,17:40,TARDE,DOMINGO,TRINIDAD,CALLE 29 CARRERA 23,URBANA,TECNICO,3.52553,-76.29487,NO APLICA,NO APLICA,NO APLICA,CHOQUE,NO APLICA 2021,FEMENINA,NO APLICA,CAMPERO,HONDA,NO APLICA 2021,PARTICULAR,NO APLICA
1490,MUERTO,2021-08-29,2021,05:15,MADRUGADA,DOMINGO,VIA PALMIRA CANDELARIA,KM 44 + 600 MTS,RURAL,POLICIA,3.48789,-76.32665,MOTOCICLISTA,NO APLICA,1,CHOQUE MURO,NO APLICA 2021,MASCULINO,NO APLICA,MOTO,HERO,NO APLICA 2021,PARTICULAR,NO APLICA
1491,DAÑOS,2021-08-30,2021,01:20,MADRUGADA,LUNES,CENTRO,CALLE 28 CARRERA 32-37,URBANA,TECNICO,3.52584,-76.30277,NO APLICA,NO APLICA,NO APLICA,CHOQUE,NO APLICA 2021,MASCULINO,NO APLICA,MOTO,SUZUKI,NO APLICA 2021,PARTICULAR,NO APLICA
1492,DAÑOS,2021-08-30,2021,01:20,MADRUGADA,LUNES,CENTRO,CALLE 28 CARRERA 32-37,URBANA,TECNICO,3.52584,-76.30277,NO APLICA,NO APLICA,NO APLICA,CHOQUE,NO APLICA 2021,FEMENINA,NO APLICA,AUTOMOVIL,KIA,NO APLICA 2021,PARTICULAR,NO APLICA
1493,DAÑOS,2021-08-30,2021,06:30,MAÑANA,LUNES,SAMANES,CARRERA 28 CALLE 47,URBANA,TECNICO,3.54208,-76.2966,NO APLICA,NO APLICA,NO APLICA,CHOQUE,NO APLICA 2021,MASCULINO,NO APLICA,MOTO,YAMAHA,NO APLICA 2021,PARTICULAR,NO APLICA
1494,DAÑOS,2021-08-30,2021,06:30,MAÑANA,LUNES,SAMANES,CARRERA 28 CALLE 47,URBANA,TECNICO,3.54208,-76.2966,NO APLICA,NO APLICA,NO APLICA,CHOQUE,NO APLICA 2021,MASCULINO,NO APLICA,AUTOMOVIL,HYUNDAI,NO APLICA 2021,PARTICULAR,NO APLICA
1495,HERIDOS,2021-08-30,2021,20:00,NOCHE,LUNES,NUEVO,CARRERA 32 CALLE 23,URBANA,TECNICO,3.52152,-76.30336,NO APLICA,NO APLICA,NO APLICA,CHOQUE,NO APLICA 2021,FEMENINA,NO APLICA,AUTOMOVIL,HYUNDAI,NO APLICA 2021,PARTICULAR,NO APLICA
1496,HERIDOS,2021-08-30,2021,20:00,NOCHE,LUNES,NUEVO,CARRERA 32 CALLE 23,URBANA,TECNICO,3.52152,-76.30336,CICLISTA,1,NO APLICA,CHOQUE,NO APLICA 2021,FEMENINA,SANTA BARBARA,BICICLETA,NO APLICA,NO APLICA 2021,PARTICULAR,NO APLICA
1497,HERIDOS,2021-09-01,2021,10:10,MAÑANA,MIERCOLES,SAN PEDRO,CARRERA 19 CALLE 42,URBANA,TECNICO,3.53708,-76.29064,MOTOCICLISTA,1,NO APLICA,CHOQUE,NO APLICA 2021,FEMENINA,RAUL,MOTO,HONDA,NO APLICA 2021,PARTICULAR,NO APLICA
1498,HERIDOS,2021-09-01,2021,10:10,MAÑANA,MIERCOLES,SAN PEDRO,CARRERA 19 CALLE 42,URBANA,TECNICO,3.53708,-76.29064,NO APLICA,NO APLICA,NO APLICA,CHOQUE,NO APLICA 2021,MASCULINO,NO APLICA,CAMION,JAC,NO APLICA 2021,PUBLICO,NO APLICA
1499,HERIDOS,2021-09-01,2021,10:10,MAÑANA,MIERCOLES,SAN PEDRO,CARRERA 19 CALLE 42,URBANA,TECNICO,3.53218,-76.29315,ACOMPAÑANTE MOTOCICLISTA,1,NO APLICA,CHOQUE,NO APLICA 2021,FEMENINA,RAUL,NO APLICA,NO APLICA,NO APLICA 2021,NO APLICA,NO APLICA
1500,HERIDOS,2021-08-31,2021,17:10,MAÑANA,MARTES,BIZERTA,CALLE 36 CARRERA 22,URBANA,TECNICO,3.53222,-76.29317,MOTOCICLISTA,1,NO APLICA,CHOQUE,NO APLICA 2021,MASCULINO,PALMIRA,MOTO,HERO,NO APLICA 2021,PARTICULAR,NO APLICA
1501,HERIDOS,2021-08-31,2021,17:10,MAÑANA,MARTES,BIZERTA,CALLE 36 CARRERA 22,URBANA,TECNICO,3.53222,-76.29317,MOTOCICLISTA,1,NO APLICA,CHOQUE,NO APLICA 2021,MASCULINO,PALMIRA,MOTO,HONDA,NO APLICA 2021,PARTICULAR,NO APLICA
1502,HERIDOS,2021-09-01,2021,16:30,TARDE,MIERCOLES,SANTA RITA,CALLE 33 CARRERA 25,URBANA,TECNICO,3.52996,-76.29583,MOTOCICLISTA,1,NO APLICA,CHOQUE,NO APLICA 2021,MASCULINO,PALMA,MOTO,BAJAJ,NO APLICA 2021,PARTICULAR,NO APLICA
1503,HERIDOS,2021-09-01,2021,16:30,TARDE,MIERCOLES,SANTA RITA,CALLE 33 CARRERA25,URBANA,TECNICO,3.52996,-76.29583,NO APLICA,NO APLICA,NO APLICA,CHOQUE,NO APLICA 2021,FEMENINA,NO APLICA,AUTOMOVIL,RENAULT,NO APLICA 2021,PARTICULAR,NO APLICA
1504,HERIDOS,2021-09-01,2021,16:30,TARDE,MIERCOLES,SANTA RITA,CALLE 33 CARRERA 25,URBANA,TECNICO,3.52996,-76.29583,ACOMPAÑANTE MOTOCICLISTA,1,NO APLICA,CHOQUE,NO APLICA 2021,FEMENINA,PALMA,NO APLICA,NO APLICA,NO APLICA 2021,NO APLICA,NO APLICA
1505,HERIDOS,2021-09-01,2021,16:30,TARDE,MIERCOLES,SANTA RITA,CALLE 33 CARRERA 25,URBANA,TECNICO,3.52996,-76.29583,ACOMPAÑANTE MOTOCICLISTA,1,NO APLICA,CHOQUE,NO APLICA 2021,FEMENINA,PALMA,NO APLICA,NO APLICA,NO APLICA 2021,NO APLICA,NO APLICA
1506,HERIDOS,2021-08-31,2021,18:30,NOCHE,MARTES,ITALIA,CALLE 6 DIAGONAL 29-40,URBANA,TECNICO,3.50565,-76.30172,MOTOCICLISTA,1,NO APLICA,CHOQUE,NO APLICA 2021,MASCULINO,RAUL,MOTO,YAMAHA,NO APLICA 2021,PARTICULAR,NO APLICA
1507,HERIDOS,2021-08-31,2021,18:30,NOCHE,MARTES,ITALIA,CALLE 6 DIAGONAL 29-40,URBANA,TECNICO,3.50565,-76.30172,NO APLICA,NO APLICA,NO APLICA,CHOQUE,NO APLICA 2021,MASCULINO,NO APLICA,CAMIONETA,RENAULT,NO APLICA 2021,PARTICULAR,NO APLICA
1508,HERIDOS,2021-09-01,2021,21:45,NOCHE,MIERCOLES,CENTRO,CARRERA 31 CALLE 27,URBANA,TECNICO,3.52486,-76.30209,MOTOCICLISTA,1,NO APLICA,CHOQUE,NO APLICA 2021,MASCULINO,PALMIRA,MOTO,SUZUKI,NO APLICA 2021,PARTICULAR,NO APLICA
1509,HERIDOS,2021-09-01,2021,21:45,NOCHE,MIERCOLES,CENTRO,CARRERA 31 CALLE 27,URBANA,TECNICO,3.52486,-76.30209,MOTOCICLISTA,1,NO APLICA,CHOQUE,NO APLICA 2021,FEMENINA,PALMIRA,MOTO,BAJAJ,NO APLICA 2021,PARTICULAR,NO APLICA
1510,HERIDOS,2021-09-01,2021,15:30,TARDE,MIERCOLES,BENEDICTA,CALLE 48 CARRERA 34C,URBANA,TECNICO,3.54326,-76.30475,MOTOCICLISTA,1,NO APLICA,CHOQUE,NO APLICA 2021,FEMENINA,FRACTURAS,MOTO,AKT,NO APLICA 2021,PARTICULAR,NO APLICA
1511,HERIDOS,2021-09-01,2021,15:30,TARDE,MIERCOLES,BENEDICTA,CALLE 48 CARRERA 34C,URBANA,TECNICO,3.54326,-76.30475,NO APLICA,NO APLICA,NO APLICA,CHOQUE,NO APLICA 2021,MASCULINO,NO APLICA,MOTO,AUTECO,NO APLICA 2021,PARTICULAR,NO APLICA
1512,DAÑOS,2021-08-31,2021,16:00,TARDE,MARTES,OBRERO,CARRERA 24 CALLE 37-40,URBANA,TECNICO,3.53348,-76.2946,NO APLICA,NO APLICA,NO APLICA,CHOQUE,NO APLICA 2021,FEMENINA,NO APLICA,AUTOMOVIL,NISSAN,NO APLICA 2021,PARTICULAR,NO APLICA
1513,DAÑOS,2021-08-31,2021,16:00,TARDE,MARTES,OBRERO,CARRERA 24 CALLE 37-40,URBANA,TECNICO,3.53348,-76.2946,NO APLICA,NO APLICA,NO APLICA,CHOQUE,NO APLICA 2021,MASCULINO,NO APLICA,MOTO,HONDA,NO APLICA 2021,PARTICULAR,NO APLICA
1514,DAÑOS,2021-09-02,2021,18:00,NOCHE,JUEVES,VERSALLES,CALLE 42 CARRERA 28,URBANA,TECNICO,3.53799,-76.2974,NO APLICA,NO APLICA,NO APLICA,CHOQUE,NO APLICA 2021,MASCULINO,NO APLICA,CAMIONETA,CHEVROLET,NO APLICA 2021,PARTICULAR,NO APLICA
1515,DAÑOS,2021-09-02,2021,18:00,NOCHE,JUEVES,VERSALLES,CALLE 42 CARRERA 28,URBANA,TECNICO,3.53799,-76.2974,NO APLICA,NO APLICA,NO APLICA,CHOQUE,NO APLICA 2021,FEMENINA,NO APLICA,CAMIONETA,FORD,NO APLICA 2021,PARTICULAR,NO APLICA
1516,DAÑOS,2021-09-02,2021,12:00,TARDE,JUEVES,VEREDA POTRERILLO,KM 18 + 400,URBANA,TECNICO,3.55611,-76.20628,NO APLICA,NO APLICA,NO APLICA,CHOQUE,NO APLICA 2021,MASCULINO,NO APLICA,AUTOMOVIL,MAZDA,NO APLICA 2021,PARTICULAR,NO APLICA
1517,DAÑOS,2021-09-02,2021,12:00,TARDE,JUEVES,VEREDA POTRERILLO,KM 18 + 400,URBANA,TECNICO,3.55611,-76.20628,NO APLICA,NO APLICA,NO APLICA,CHOQUE,NO APLICA 2021,MASCULINO,NO APLICA,CAMIONETA,NISSAN,NO APLICA 2021,PARTICULAR,NO APLICA
1518,HERIDOS,2021-09-03,2021,08:15,MAÑANA,VIERNES,CENTRO,CALLE 31 CARRERA 30,URBANA,TECNICO,3.52815,-76.30056,NO APLICA,NO APLICA,NO APLICA,CHOQUE,NO APLICA 2021,MASCULINO,NO APLICA,MOTO,SUZUKI,NO APLICA 2021,PARTICULAR,NO APLICA
1519,HERIDOS,2021-09-03,2021,08:15,MAÑANA,VIERNES,CENTRO,CALLE 31 CARRERA 30,URBANA,TECNICO,3.52815,-76.30056,MOTOCICLISTA,1,NO APLICA,CHOQUE,NO APLICA 2021,MASCULINO,PALMIRA,MOTO,HONDA,NO APLICA 2021,PARTICULAR,NO APLICA
1520,HERIDOS,2021-09-03,2021,09:30,MAÑANA,VIERNES,SANTA TERESITA,CALLE 47 CARRERA 34-17,URBANA,TECNICO,3.5425,-76.30251,MOTOCICLISTA,1,NO APLICA,CHOQUE,NO APLICA 2021,FEMENINA,PALMA,MOTO,HONDA,NO APLICA 2021,PARTICULAR,NO APLICA
1521,HERIDOS,2021-09-03,2021,09:30,MAÑANA,VIERNES,SANTA TERESITA,CALLE 47 CARRERA 34-17,URBANA,TECNICO,3.5425,-76.30251,NO APLICA,NO APLICA,NO APLICA,CHOQUE,NO APLICA 2021,FEMENINA,NO APLICA,AUTOMOVIL,KIA,NO APLICA 2021,PARTICULAR,NO APLICA
1522,DAÑOS,2021-09-03,2021,10:00,MAÑANA,VIERNES,CENTRO POBLADO ROZO,AVENIDAD 9 CALLE 14,RURAL,TECNICO,3.61579,-76.38969,NO APLICA,NO APLICA,NO APLICA,CHOQUE,NO APLICA 2021,MASCULINO,NO APLICA,CAMIONETA,FORD,NO APLICA 2021,PARTICULAR,NO APLICA
1523,DAÑOS,2021-09-03,2021,10:00,MAÑANA,VIERNES,CENTRO POBLADO ROZO,AVENIDAD 9 CALLE 14,RURAL,TECNICO,3.61579,-76.38969,NO APLICA,NO APLICA,NO APLICA,CHOQUE,NO APLICA 2021,MASCULINO,NO APLICA,CAMPERO,MITSUBISHI,NO APLICA 2021,PARTICULAR,NO APLICA
1524,DAÑOS,2021-09-03,2021,10:00,MAÑANA,VIERNES,CENTRO POBLADO ROZO,AVENIDAD 9 CALLE 14,RURAL,TECNICO,3.61579,-76.38969,NO APLICA,NO APLICA,NO APLICA,CHOQUE,NO APLICA 2021,MASCULINO,NO APLICA,MOTO,HERO,NO APLICA 2021,PARTICULAR,NO APLICA
1525,DAÑOS,2021-09-03,2021,12:40,TARDE,VIERNES,CENTRO,CALLE 32A CARRERA 25,URBANA,TECNICO,3.52919,-76.29598,NO APLICA,NO APLICA,NO APLICA,CHOQUE,NO APLICA 2021,MASCULINO,NO APLICA,AUTOMOVIL,KIA,NO APLICA 2021,PARTICULAR,NO APLICA
1526,DAÑOS,2021-09-03,2021,18:40,NOCHE,VIERNES,SAN PEDRO,CALLE 42 CARRERA 19,URBANA,TECNICO,3.53705,-76.29076,NO APLICA,NO APLICA,NO APLICA,CHOQUE,NO APLICA 2021,MASCULINO,NO APLICA,AUTOMOVIL,RENAULT,NO APLICA 2021,PARTICULAR,NO APLICA
1527,DAÑOS,2021-09-03,2021,18:40,NOCHE,VIERNES,SAN PEDRO,CALLE 42 CARRERA 19,URBANA,TECNICO,3.53705,-76.29076,NO APLICA,NO APLICA,NO APLICA,CHOQUE,NO APLICA 2021,MASCULINO,NO APLICA,CAMIONETA,CHEVROLET,NO APLICA 2021,PARTICULAR,NO APLICA
1528,HERIDOS,2021-09-03,2021,16:00,TARDE,VIERNES,AMERICAS,CARRERA 24 CALLE 14 -15,URBANA,TECNICO,3.51336,-76.29587,MOTOCICLISTA,1,NO APLICA,CHOQUE,NO APLICA 2021,MASCULINO,PALMA,MOTO,SUZUKI,NO APLICA 2021,PARTICULAR,NO APLICA