,GRAVEDAD,FECHA,AÑO,HORA,JORNADA,DIA_SEMANA,BARRIO-CORREGIMIENTO-VIA,DIRECCION,ZONA,AUTORIDAD,LAT,LONG,CONDICION_VICTIMA,LESIONADO,HOMICIDIOS,TIPO_ACCIDENTE,HIPOTESIS,GENERO,CLINICA,CLASE_VEHICULO,MARCA,MATRICULA,TIPO DE SERVICIO,EMPRESA
1529,HERIDOS,2021-09-03,2021,16:00,TARDE,VIERNES,AMERICAS,CARRERA 24 CALLE 14 -15,URBANA,TECNICO,3.51336,-76.29587,NO APLICA,NO APLICA,NO APLICA,CHOQUE,NO APLICA 2021,MASCULINO,NO APLICA,MOTO,YAMAHA,NO APLICA 2021,PARTICULAR,NO APLICA
1530,HERIDOS,2021-09-03,2021,16:00,TARDE,VIERNES,AMERICAS,CARRERA 24 CALLE 14 -15,URBANA,TECNICO,3.51336,-76.29587,ACOMPAÑANTE MOTOCICLISTA,1,NO APLICA,CHOQUE,NO APLICA 2021,FEMENINA,PALMA,NO APLICA,NO APLICA,NO APLICA 2021,NO APLICA,NO APLICA
1531,DAÑOS,2021-09-04,2021,12:10,TARDE,SABADO,ESTONIA,CARRERA 32 CALLE 43-44,URBANA,TECNICO,3.53951,-76.30072,NO APLICA,NO APLICA,NO APLICA,CHOQUE,NO APLICA 2021,MASCULINO,NO APLICA,CAMPERO,RENAULT,NO APLICA 2021,PARTICULAR,NO APLICA
1532,DAÑOS,2021-09-04,2021,12:10,TARDE,SABADO,ESTONIA,CARRERA 32 CALLE 43-44,URBANA,TECNICO,3.53951,-76.30072,NO APLICA,NO APLICA,NO APLICA,CHOQUE,NO APLICA 2021,MASCULINO,NO APLICA,CAMPERO,RENAULT,NO APLICA 2021,OFICIAL,NO APLICA
1533,HERIDOS,2021-09-04,2021,11:30,MAÑANA,SABADO,SANTA ISABEL,CARRERA 28 CALLE 47-48,URBANA,TECNICO,3.54252,-76.2965,MOTOCICLISTA,1,NO APLICA,CHOQUE,NO APLICA 2021,MASCULINO,FRACTURAS,MOTO,HONDA,NO APLICA 2021,PARTICULAR,NO APLICA
1534,HERIDOS,2021-09-04,2021,11:30,MAÑANA,SABADO,SANTA ISABEL,CARRERA 28 CALLE 47-48,URBANA,TECNICO,3.54252,-76.2965,NO APLICA,NO APLICA,NO APLICA,CHOQUE,NO APLICA 2021,MASCULINO,NO APLICA,CAMION,KIA,NO APLICA 2021,PARTICULAR,NO APLICA
1535,DAÑOS,2021-09-04,2021,14:30,TARDE,SABADO,VIA PALMIRA GUAYABAL,KM 2+ 250 MTS,RURAL,TECNICO,3.54796,-76.25926,NO APLICA,NO APLICA,NO APLICA,CHOQUE,NO APLICA 2021,MASCULINO,NO APLICA,TRACTO CAMION,KENWORTH,NO APLICA 2021,PARTICULAR,NO APLICA
1536,DAÑOS,2021-09-04,2021,14:30,TARDE,SABADO,VIA PALMIRA GUAYABAL,KM 2+ 250 MTS,RURAL,TECNICO,3.54796,-76.25926,NO APLICA,NO APLICA,NO APLICA,CHOQUE,NO APLICA 2021,MASCULINO,NO APLICA,CAMIONETA,CHEVROLET,NO APLICA 2021,PARTICULAR,NO APLICA
1537,HERIDOS,2021-09-04,2021,23:10,NOCHE,SABADO,COLOMBINA,CALLE 29 CARRERA 13,URBANA,TECNICO,3.52458,-76.28663,MOTOCICLISTA,1,NO APLICA,CHOQUE,NO APLICA 2021,FEMENINA,RAUL,MOTO,HONDA,NO APLICA 2021,PARTICULAR,NO APLICA
1538,HERIDOS,2021-09-04,2021,22:25,NOCHE,SABADO,RECREO,CALLE 23 CARRERA 26,URBANA,TECNICO,3.5208,-76.29822,MOTOCICLISTA,1,NO APLICA,CHOQUE,NO APLICA 2021,MASCULINO,PALMIRA,MOTO,HERO,NO APLICA 2021,PARTICULAR,NO APLICA
1539,HERIDOS,2021-09-04,2021,22:25,NOCHE,SABADO,RECREO,CALLE 23 CARRERA 26,URBANA,TECNICO,3.5208,-76.29822,NO APLICA,NO APLICA,NO APLICA,CHOQUE,NO APLICA 2021,MASCULINO,NO APLICA,AUTOMOVIL,HYUNDAI,NO APLICA 2021,PUBLICO,FLOTA PALMIRA
1540,HERIDOS,2021-09-05,2021,11:45,MAÑANA,DOMINGO,LLANOGRANDE,CALLE 51 CARRERA 42,URBANA,TECNICO,3.54447,-76.31321,MOTOCICLISTA,1,NO APLICA,CHOQUE,NO APLICA 2021,MASCULINO,PALMIRA,MOTO,YAMAHA,NO APLICA 2021,PARTICULAR,NO APLICA
1541,HERIDOS,2021-09-05,2021,11:45,MAÑANA,DOMINGO,LLANOGRANDE,CALLE 51 CARRERA 42,URBANA,TECNICO,3.54447,-76.31321,MOTOCICLISTA,1,NO APLICA,CHOQUE,NO APLICA 2021,MASCULINO,PALMIRA,MOTO,HONDA,NO APLICA 2021,PARTICULAR,NO APLICA
1542,DAÑOS,2021-09-05,2021,13:40,TARDE,DOMINGO,FLORES,CARRERA 1 CALLE 30-31,URBANA,TECNICO,3.5234,-76.2785,NO APLICA,NO APLICA,NO APLICA,CHOQUE,NO APLICA 2021,MASCULINO,NO APLICA,AUTOMOVIL,RENAULT,NO APLICA 2021,PARTICULAR,NO APLICA
1543,DAÑOS,2021-09-05,2021,13:40,TARDE,DOMINGO,FLORES,CARRERA 1 CALLE 30-31,URBANA,TECNICO,3.5234,-76.2785,NO APLICA,NO APLICA,NO APLICA,CHOQUE,NO APLICA 2021,MASCULINO,NO APLICA,MOTO,HONDA,NO APLICA 2021,PARTICULAR,NO APLICA
1544,DAÑOS,2021-09-05,2021,14:00,TARDE,DOMINGO,INDUSTRIAL,CALLE 42 CARRERA 35,URBANA,TECNICO,3.53892,-76.30656,NO APLICA,NO APLICA,NO APLICA,CHOQUE,NO APLICA 2021,MASCULINO,NO APLICA,AUTOMOVIL,RENAULT,NO APLICA 2021,PARTICULAR,NO APLICA
1545,DAÑOS,2021-09-05,2021,14:00,TARDE,DOMINGO,INDUSTRIAL,CALLE 42 CARRERA 35,URBANA,TECNICO,3.53892,-76.30656,NO APLICA,NO APLICA,NO APLICA,CHOQUE,NO APLICA 2021,MASCULINO,NO APLICA,MOTO,YAMAHA,NO APLICA 2021,PARTICULAR,NO APLICA
1546,DAÑOS,2021-09-05,2021,18:25,NOCHE,DOMINGO,VERSALLES,CALLE 42 CARRERA 28-43,URBANA,TECNICO,3.53788,-76.29766,NO APLICA,NO APLICA,NO APLICA,CHOQUE,NO APLICA 2021,MASCULINO,NO APLICA,BUSETA,NON PLUS,NO APLICA 2021,PARTICULAR,NO APLICA
1547,DAÑOS,2021-09-05,2021,18:25,NOCHE,DOMINGO,VERSALLES,CALLE 42 CARRERA 28-43,URBANA,TECNICO,3.53788,-76.29766,NO APLICA,NO APLICA,NO APLICA,CHOQUE,NO APLICA 2021,MASCULINO,NO APLICA,CAMIONETA,NISSAN,NO APLICA 2021,PARTICULAR,NO APLICA
1548,DAÑOS,2021-09-06,2021,09:10,MAÑANA,LUNES,RIVERA ESCOBAR,CARRERA 35 CALLE 31-42,URBANA,TECNICO,3.529,-76.30604,NO APLICA,NO APLICA,NO APLICA,CHOQUE,NO APLICA 2021,MASCULINO,NO APLICA,CAMIONETA,RENAULT,NO APLICA 2021,PARTICULAR,NO APLICA
1549,DAÑOS,2021-09-06,2021,09:10,MAÑANA,LUNES,RIVERA ESCOBAR,CARRERA 35 CALLE 31-42,URBANA,TECNICO,3.529,-76.30604,NO APLICA,NO APLICA,NO APLICA,CHOQUE,NO APLICA 2021,MASCULINO,NO APLICA,BUS,HINO,NO APLICA 2021,PARTICULAR,NO APLICA
1550,HERIDOS,2021-09-07,2021,07:30,MAÑANA,MARTES,CENTRO,CALLE 32 CARRERA 30,URBANA,TECNICO,3.52909,-76.30048,MOTOCICLISTA,1,NO APLICA,CHOQUE,NO APLICA 2021,MASCULINO,PALMIRA,MOTO,BAJAJ,NO APLICA 2021,PARTICULAR,NO APLICA
1551,HERIDOS,2021-09-07,2021,16:10,TARDE,MARTES,DELICIAS,CARRERA 24 CALLE 25,URBANA,TECNICO,3.52203,-76.29592,MOTOCICLISTA,1,NO APLICA,CHOQUE,NO APLICA 2021,MASCULINO,PALMIRA,MOTO,KIMCO,NO APLICA 2021,PARTICULAR,NO APLICA
1552,HERIDOS,2021-09-07,2021,16:10,TARDE,MARTES,DELICIAS,CARRERA 24 CALLE 25,URBANA,TECNICO,3.52203,-76.29592,NO APLICA,NO APLICA,NO APLICA,CHOQUE,NO APLICA 2021,MASCULINO,NO APLICA,CAMIONETA,NISSAN,NO APLICA 2021,PARTICULAR,NO APLICA
1553,HERIDOS,2021-09-07,2021,16:10,TARDE,MARTES,DELICIAS,CARRERA 24 CALLE 25,URBANA,TECNICO,3.52203,-76.29592,ACOMPAÑANTE MOTOCICLISTA,1,NO APLICA,CHOQUE,NO APLICA 2021,FEMENINA,PALMIRA,NO APLICA,NO APLICA,NO APLICA 2021,NO APLICA,NO APLICA
1554,HERIDOS,2021-09-07,2021,16:50,TARDE,MARTES,AMERICAS,CARRERA 28 CALLE 13 A,URBANA,TECNICO,3.5128,-76.30108,NO APLICA,NO APLICA,NO APLICA,CHOQUE,NO APLICA 2021,MASCULINO,NO APLICA,MOTO,SUZUKI,NO APLICA 2021,PARTICULAR,NO APLICA
1555,HERIDOS,2021-09-07,2021,16:50,TARDE,MARTES,AMERICAS,CARRERA 28 CALLE 13 A,URBANA,TECNICO,3.5128,-76.30108,NO APLICA,NO APLICA,NO APLICA,CHOQUE,NO APLICA 2021,MASCULINO,NO APLICA,CAMIONETA,CHEVROLET,NO APLICA 2021,PARTICULAR,NO APLICA
1556,HERIDOS,2021-09-07,2021,16:50,TARDE,MARTES,AMERICAS,CARRERA 28 CALLE 13 A,URBANA,TECNICO,3.5128,-76.30108,ACOMPAÑANTE MOTOCICLISTA,1,NO APLICA,CHOQUE,NO APLICA 2021,FEMENINA,PALMIRA,NO APLICA,NO APLICA,NO APLICA 2021,NO APLICA,NO APLICA
1557,HERIDOS,2021-09-08,2021,12:45,TARDE,MIERCOLES,CENTRO POBLADO LA TORRE,CALLE 10 CARRERA 19-46,RURAL,TECNICO,3.61724,-76.4111,MOTOCICLISTA,1,NO APLICA,CHOQUE,NO APLICA 2021,MASCULINO,PALMA,MOTO,SUZUKI,NO APLICA 2021,PARTICULAR,NO APLICA
1558,HERIDOS,2021-09-08,2021,12:45,TARDE,MIERCOLES,CENTRO POBLADO LA TORRE,CALLE 10 CARRERA 19-46,RURAL,TECNICO,3.61724,-76.4111,MOTOCICLISTA,1,NO APLICA,CHOQUE,NO APLICA 2021,FEMENINA,PALMA,MOTO,YAMAHA,NO APLICA 2021,PARTICULAR,NO APLICA
1559,HERIDOS,2021-09-08,2021,13:10,TARDE,MIERCOLES,ZAMORANO,CALLE 69 CARRERA 29,URBANA,TECNICO,3.5563,-76.29376,MOTOCICLISTA,1,NO APLICA,CHOQUE,NO APLICA 2021,MASCULINO,PALMIRA,MOTO,HERO,NO APLICA 2021,PARTICULAR,NO APLICA
1560,HERIDOS,2021-09-08,2021,13:10,TARDE,MIERCOLES,ZAMORANO,CALLE 69 CARRERA 29,URBANA,TECNICO,3.5563,-76.29376,NO APLICA,NO APLICA,NO APLICA,CHOQUE,NO APLICA 2021,FEMENINA,NO APLICA,AUTOMOVIL,CHEVROLET,NO APLICA 2021,PARTICULAR,NO APLICA
1561,DAÑOS,2021-09-08,2021,22:30,NOCHE,MIERCOLES,CENTRO,CALLE 29 CARRERA 28,URBANA,TECNICO,3.52606,-76.2991,NO APLICA,NO APLICA,NO APLICA,CHOQUE,NO APLICA 2021,MASCULINO,NO APLICA,AUTOMOVIL,NISSAN,NO APLICA 2021,PARTICULAR,NO APLICA
1562,DAÑOS,2021-09-08,2021,22:30,NOCHE,MIERCOLES,CENTRO,CALLE 29 CARRERA 28,URBANA,TECNICO,3.52606,-76.2991,NO APLICA,NO APLICA,NO APLICA,CHOQUE,NO APLICA 2021,MASCULINO,NO APLICA,AUTOMOVIL,HYUNDAI,NO APLICA 2021,PUBLICO,COOP VILLA DE LAS PALMAS
1563,DAÑOS,2021-09-09,2021,07:00,MAÑANA,JUEVES,VERSALLES,CALLE 42 CARRERA 28,URBANA,TECNICO,3.53788,-76.29738,NO APLICA,NO APLICA,NO APLICA,CHOQUE,NO APLICA 2021,MASCULINO,NO APLICA,CAMPERO,SUZUKI,NO APLICA 2021,PARTICULAR,NO APLICA
1564,DAÑOS,2021-09-09,2021,07:00,MAÑANA,JUEVES,VERSALLES,CALLE 42 CARRERA 28,URBANA,TECNICO,3.53788,-76.29738,NO APLICA,NO APLICA,NO APLICA,CHOQUE,NO APLICA 2021,MASCULINO,NO APLICA,MOTO,YAMAHA,NO APLICA 2021,PARTICULAR,NO APLICA
1565,HERIDOS,2021-09-09,2021,10:00,MAÑANA,JUEVES,OBRERO,CARRERA 25 CALLE 39-65,URBANA,TECNICO,3.53564,-76.29484,NO APLICA,NO APLICA,NO APLICA,CHOQUE,NO APLICA 2021,MASCULINO,NO APLICA,AUTOMOVIL,RENAULT,NO APLICA 2021,PARTICULAR,NO APLICA
1566,HERIDOS,2021-09-09,2021,10:00,MAÑANA,JUEVES,OBRERO,CARRERA 25 CALLE 39-65,URBANA,TECNICO,3.53564,-76.29484,CICLISTA,1,NO APLICA,CHOQUE,NO APLICA 2021,MASCULINO,PALMIRA,BICICLETA,NO APLICA,NO APLICA 2021,PARTICULAR,NO APLICA
1567,DAÑOS,2021-09-10,2021,08:40,MAÑANA,VIERNES,MERCEDES,CARRERA 25 CALLE 57-17,URBANA,TECNICO,3.54777,-76.28995,NO APLICA,NO APLICA,NO APLICA,CHOQUE,NO APLICA 2021,FEMENINA,NO APLICA,MOTO,AKT,NO APLICA 2021,PARTICULAR,NO APLICA
1568,DAÑOS,2021-09-10,2021,08:40,MAÑANA,VIERNES,MERCEDES,CARRERA 25 CALLE 57-17,URBANA,TECNICO,3.54777,-76.28995,NO APLICA,NO APLICA,NO APLICA,CHOQUE,NO APLICA 2021,MASCULINO,NO APLICA,CAMPERO,MAZDA,NO APLICA 2021,PARTICULAR,NO APLICA
1569,HERIDOS,2021-09-10,2021,06:50,MAÑANA,VIERNES,SANTA BARBARA,CALLE 31 CARRERA 43,URBANA,TECNICO,3.52968,-76.31573,MOTOCICLISTA,1,NO APLICA,CHOQUE,NO APLICA 2021,MASCULINO,SANTA BARBARA,MOTO,HONDA,NO APLICA 2021,PARTICULAR,NO APLICA
1570,HERIDOS,2021-09-10,2021,06:50,MAÑANA,VIERNES,SANTA BARBARA,CALLE 31 CARRERA 43,URBANA,TECNICO,3.52968,-76.31573,MOTOCICLISTA,1,NO APLICA,CHOQUE,NO APLICA 2021,FEMENINA,SANTA BARBARA,MOTO,KIMCO,NO APLICA 2021,PARTICULAR,NO APLICA
1571,HERIDOS,2021-09-11,2021,05:15,MADRUGADA,SABADO,CENTRO,CALLE 28 CARRERA 30,URBANA,TECNICO,3.52558,-76.30103,NO APLICA,NO APLICA,NO APLICA,CHOQUE,NO APLICA 2021,MASCULINO,NO APLICA,CAMIONETA,CHANGAN,NO APLICA 2021,PARTICULAR,NO APLICA
1572,HERIDOS,2021-09-11,2021,05:15,MADRUGADA,SABADO,CENTRO,CALLE 28 CARRERA 30,URBANA,TECNICO,3.52558,-76.30103,NO APLICA,NO APLICA,NO APLICA,CHOQUE,NO APLICA 2021,MASCULINO,NO APLICA,MOTO,BAJAJ,NO APLICA 2021,PARTICULAR,NO APLICA
1573,HERIDOS,2021-09-11,2021,05:15,MADRUGADA,SABADO,CENTRO,CALLE 28 CARRERA 30,URBANA,TECNICO,3.52558,-76.30103,ACOMPAÑANTE MOTOCICLISTA,1,NO APLICA,CHOQUE,NO APLICA 2021,FEMENINA,PALMIRA,NO APLICA,NO APLICA,NO APLICA 2021,NO APLICA,NO APLICA
1574,DAÑOS,2021-09-11,2021,09:40,MAÑANA,SABADO,VERSALLES,CALLE 42 CARRERA 28-29,URBANA,TECNICO,3.53793,-76.29791,NO APLICA,NO APLICA,NO APLICA,CHOQUE,NO APLICA 2021,MASCULINO,NO APLICA,AUTOMOVIL,DAEWOO,NO APLICA 2021,PARTICULAR,NO APLICA
1575,DAÑOS,2021-09-11,2021,09:40,MAÑANA,SABADO,VERSALLES,CALLE 42 CARRERA 28-29,URBANA,TECNICO,3.53793,-76.29791,NO APLICA,NO APLICA,NO APLICA,CHOQUE,NO APLICA 2021,MASCULINO,NO APLICA,BUS,HINO,NO APLICA 2021,PARTICULAR,NO APLICA
1576,DAÑOS,2021-09-11,2021,11:50,MAÑANA,SABADO,ESTONIA,CARRERA 31 CALLE 45 A,URBANA,TECNICO,3.52969,-76.31515,NO APLICA,NO APLICA,NO APLICA,CHOQUE,NO APLICA 2021,MASCULINO,NO APLICA,MOTO,HERO,NO APLICA 2021,PARTICULAR,NO APLICA
1577,DAÑOS,2021-09-11,2021,11:50,MAÑANA,SABADO,ESTONIA,CARRERA 31 CALLE 45 A,URBANA,TECNICO,3.52969,-76.31515,NO APLICA,NO APLICA,NO APLICA,CHOQUE,NO APLICA 2021,FEMENINA,NO APLICA,AUTOMOVIL,KIA,NO APLICA 2021,PARTICULAR,NO APLICA
1578,DAÑOS,2021-09-11,2021,12:10,TARDE,SABADO,ESTONIA,CALLE 42 CARRERA 32,URBANA,TECNICO,3.53843,-76.30089,NO APLICA,NO APLICA,NO APLICA,CHOQUE,NO APLICA 2021,MASCULINO,NO APLICA,CAMPERO,RENAULT,NO APLICA 2021,PARTICULAR,NO APLICA
1579,DAÑOS,2021-09-11,2021,12:10,TARDE,SABADO,ESTONIA,CALLE 42 CARRERA 32,URBANA,TECNICO,3.53843,-76.30089,NO APLICA,NO APLICA,NO APLICA,CHOQUE,NO APLICA 2021,MASCULINO,NO APLICA,BUS,CHEVROLET,NO APLICA 2021,PUBLICO,NO APLICA
1580,DAÑOS,2021-09-10,2021,17:40,TARDE,VIERNES,INDUSTRIAL,CALLE 42 CARRERA 35,URBANA,TECNICO,3.53874,-76.30681,NO APLICA,NO APLICA,NO APLICA,CHOQUE,NO APLICA 2021,MASCULINO,NO APLICA,AUTOMOVIL,CHEVROLET,NO APLICA 2021,PARTICULAR,NO APLICA
1581,DAÑOS,2021-09-10,2021,17:40,TARDE,VIERNES,INDUSTRIAL,CALLE 42 CARRERA 35,URBANA,TECNICO,3.53874,-76.30681,NO APLICA,NO APLICA,NO APLICA,CHOQUE,NO APLICA 2021,MASCULINO,NO APLICA,TRACTO CAMION,KENWORTH,NO APLICA 2021,PUBLICO,NO APLICA
1582,DAÑOS,2021-09-10,2021,19:40,NOCHE,VIERNES,CAÑA MIEL,CARRERA 19 CALLE 46-47,URBANA,TECNICO,3.54159,-76.29092,NO APLICA,NO APLICA,NO APLICA,OTRO,NO APLICA 2021,MASCULINO,NO APLICA,AUTOMOVIL,MAZDA,NO APLICA 2021,PARTICULAR,NO APLICA
1583,HERIDOS,2021-08-13,2021,08:00,MAÑANA,LUNES,RECREO,CALLE 21 CARRERA 26,URBANA,TECNICO,3.51931,-76.29849,MOTOCICLISTA,1,NO APLICA,CHOQUE,NO APLICA 2021,MASCULINO,PALMIRA,MOTO,BAJAJ,NO APLICA 2021,PARTICULAR,NO APLICA
1584,HERIDOS,2021-08-13,2021,08:00,MAÑANA,LUNES,RECREO,CALLE 21 CARRERA 26,URBANA,TECNICO,3.51931,-76.29849,NO APLICA,NO APLICA,NO APLICA,CHOQUE,NO APLICA 2021,MASCULINO,NO APLICA,AUTOMOVIL,NISSAN,NO APLICA 2021,PARTICULAR,NO APLICA
1585,DAÑOS,2021-09-13,2021,10:00,MAÑANA,LUNES,OLIMPICO,CALLE 23 CARRERA 39A-17,URBANA,TECNICO,3.52119,-76.31024,NO APLICA,NO APLICA,NO APLICA,CHOQUE,NO APLICA 2021,MASCULINO,NO APLICA,AUTOMOVIL,HYUNDAI,NO APLICA 2021,PARTICULAR,NO APLICA
1586,DAÑOS,2021-09-13,2021,10:00,MAÑANA,LUNES,OLIMPICO,CALLE 23 CARRERA 39A-17,URBANA,TECNICO,3.52119,-76.31024,NO APLICA,NO APLICA,NO APLICA,CHOQUE,NO APLICA 2021,MASCULINO,NO APLICA,MOTO,HERO,NO APLICA 2021,PARTICULAR,NO APLICA
1587,HERIDOS,2021-09-10,2021,21:57,NOCHE,VIERNES,FRAY LUIS AMIGO,CALLE 42 CARRERA 48-07,URBANA,TECNICO,3.5369,-76.31994,NO APLICA,NO APLICA,NO APLICA,CHOQUE,NO APLICA 2021,MASCULINO,NO APLICA,AUTOMOVIL,VOLKSWAGEN,NO APLICA 2021,PARTICULAR,NO APLICA
1588,HERIDOS,2021-09-10,2021,21:57,NOCHE,VIERNES,FRAY LUIS AMIGO,CALLE 42 CARRERA 48-07,URBANA,TECNICO,3.5369,-76.31994,CONDUCTOR,1,NO APLICA,CHOQUE,NO APLICA 2021,MASCULINO,PALMIRA,CAMIONETA,CHEVROLET,NO APLICA 2021,PARTICULAR,NO APLICA
1589,DAÑOS,2021-09-13,2021,17:50,TARDE,LUNES,PRADO,CARRERA 45 CALLE 34,URBANA,TECNICO,3.53167,-76.31596,NO APLICA,NO APLICA,NO APLICA,CHOQUE,NO APLICA 2021,MASCULINO,NO APLICA,AUTOMOVIL,KIA,NO APLICA 2021,PARTICULAR,NO APLICA
1590,DAÑOS,2021-09-13,2021,17:50,TARDE,LUNES,PRADO,CARRERA 45 CALLE 34,URBANA,TECNICO,3.53167,-76.31596,NO APLICA,NO APLICA,NO APLICA,CHOQUE,NO APLICA 2021,FEMENINA,NO APLICA,AUTOMOVIL,FORD,NO APLICA 2021,PARTICULAR,NO APLICA
1591,DAÑOS,2021-09-12,2021,04:00,MADRUGADA,DOMINGO,INDEPENDENCIA,CARRERA 30 CALLE 19,URBANA,TECNICO,3.51798,-76.30235,NO APLICA,NO APLICA,NO APLICA,CHOQUE,NO APLICA 2021,MASCULINO,NO APLICA,AUTOMOVIL,MAZDA,NO APLICA 2021,PARTICULAR,NO APLICA
1592,DAÑOS,2021-09-12,2021,04:00,MADRUGADA,DOMINGO,INDEPENDENCIA,CARRERA 30 CALLE 19,URBANA,TECNICO,3.51798,-76.30235,NO APLICA,NO APLICA,NO APLICA,CHOQUE,NO APLICA 2021,MASCULINO,NO APLICA,AUTOMOVIL,MAZDA,NO APLICA 2021,PARTICULAR,NO APLICA
1593,HERIDOS,2021-09-14,2021,12:50,TARDE,MARTES,SAN CAYETANO,CARRERA 24 CALLE 41,URBANA,TECNICO,3.53665,-76.29411,MOTOCICLISTA,1,NO APLICA,CHOQUE,NO APLICA 2021,MASCULINO,PALMA,MOTO,HONDA,NO APLICA 2021,PARTICULAR,NO APLICA
1594,HERIDOS,2021-09-14,2021,12:50,TARDE,MARTES,SAN CAYETANO,CARRERA 24 CALLE 41,URBANA,TECNICO,3.53665,-76.29411,NO APLICA,NO APLICA,NO APLICA,CHOQUE,NO APLICA 2021,MASCULINO,NO APLICA,AUTOMOVIL,VOLKSWAGEN,NO APLICA 2021,PARTICULAR,NO APLICA
1595,MUERTO,2021-09-12,2021,22:20,NOCHE,DOMINGO,CENTRO POBLADO ROZO,CALLE 10 CARRERA 12-13,URBANA,TECNICO,3.61482,-76.38883,MOTOCICLISTA,NO APLICA,1,CHOQUE,NO APLICA 2021,MASCULINO,NO APLICA,MOTO,HONDA,NO APLICA 2021,PARTICULAR,NO APLICA
1596,MUERTO,2021-09-12,2021,22:20,NOCHE,DOMINGO,CENTRO POBLADO ROZO,CALLE 10 CARRERA 12-13,URBANA,TECNICO,3.61482,-76.38883,MOTOCICLISTA,NO APLICA,1,CHOQUE,NO APLICA 2021,MASCULINO,NO APLICA,MOTO,AKT,NO APLICA 2021,PARTICULAR,NO APLICA
1597,MUERTO,2021-02-20,2021,21:00,NOCHE,SABADO,VIA CALI PALMIRA,KM 7 + 500 MTS,RURAL,POLICIA,3.50443,-76.42919,PEATON,NO APLICA,1,ATROPELLO,NO APLICA 2021,MASCULINO,NO APLICA,AUTOMOVIL,MAZDA,NO APLICA 2021,PARTICULAR,NO APLICA
1598,MUERTO,2021-02-27,2021,20:30,NOCHE,SABADO,VIA CENCAR AEROPUERTO,KM 11 +320 MTS,RURAL,POLICIA,3.53639,-76.40221,MOTOCICLISTA,NO APLICA,1,CHOQUE SEÑAL,NO APLICA 2021,MASCULINO,NO APLICA,MOTO,KYMCO,NO APLICA 2021,PARTICULAR,NO APLICA
1599,MUERTO,2021-02-28,2021,18:00,NOCHE,DOMINGO,VIA PALMIRA CANDELARIA,KM 43,RURAL,POLICIA,3.47391,-76.3303,MOTOCICLISTA,NO APLICA,1,CHOQUE,NO APLICA 2021,FEMENINA,NO APLICA,MOTO,KYMCO,NO APLICA 2021,PARTICULAR,NO APLICA
1600,MUERTO,2021-03-31,2021,22:20,NOCHE,MIERCOLES,VIA PALMIRA PRADERA,KM 77 + 650 MTS,RURAL,POLICIA,3.49267,-76.23927,CONDUCTOR,NO APLICA,1,CHOQUE,NO APLICA 2021,MASCULINO,NO APLICA,AUTOMOVIL,CHEVROLET,NO APLICA 2021,PARTICULAR,NO APLICA
1601,MUERTO,2021-04-25,2021,05:50,MADRUGADA,DOMINGO,VIA CALI PALMIRA,KM 4 + 600 MTS,RURAL,POLICIA,3.50032,-76.44575,CONDUCTOR,NO APLICA,1,VOLCAMIENTO,NO APLICA 2021,MASCULINO,NO APLICA,CAMIONETA,NISSAN,NO APLICA 2021,PARTICULAR,NO APLICA
1602,MUERTO,2021-05-18,2021,14:50,TARDE,MARTES,VIA PALMIRA GUAYABAL,KM 1,RURAL,TECNICO,3.54767,-76.26121,CICLISTA,NO APLICA,1,CHOQUE,NO APLICA 2021,MASCULINO,NO APLICA,BICICLETA,NO APLICA,NO APLICA 2021,PARTICULAR,NO APLICA
1603,MUERTO,2021-05-04,2021,01:40,MADRUGADA,JUEVES,VIA CENCAR AEROPUERTO,KM 8 + 710 MTS,RURAL,POLICIA,3.55216,-76.42032,CONDUCTOR,NO APLICA,1,CHOQUE POSTE,NO APLICA 2021,MASCULINO,NO APLICA,AUTOMOVIL,KIA,NO APLICA 2021,PARTICULAR,NO APLICA
1604,MUERTO,2021-07-23,2021,04:50,MADRUGADA,DOMINGO,VIA CALI PALMIRA SUR,KM 11 + 700 MTS,RURAL,POLICIA,3.51402,-76.38377,MOTOCICLISTA,NO APLICA,1,CHOQUE MURO,NO APLICA 2021,MASCULINO,NO APLICA,MOTO,SUZUKI,NO APLICA 2021,PARTICULAR,NO APLICA
1605,MUERTO,2021-07-23,2021,04:50,MADRUGADA,DOMINGO,VIA CALI PALMIRA SUR,KM 11 + 700 MTS,RURAL,POLICIA,3.51402,-76.38377,ACOMPAÑANTE MOTOCICLISTA,NO APLICA,1,CHOQUE MURO,NO APLICA 2021,MASCULINO,NO APLICA,MOTO,SUZUKI,NO APLICA 2021,NO APLICA,NO APLICA
1606,MUERTO,2021-06-06,2021,09:30,MAÑANA,DOMINGO,VIA SUCROMILES EL CERRITO,KM 4 + 950 MTS,RURAL,POLICIA,3.56706,-76.33277,CONDUCTOR,NO APLICA,1,CHOQUE ARBOL,NO APLICA 2021,MASCULINO,NO APLICA,AUTOMOVIL,RENAULT,NO APLICA 2021,PARTICULAR,NO APLICA
1607,MUERTO,2021-06-14,2021,03:00,MADRUGADA,LUNES,VIA CALI PALMIRA SUR,KM 9 + 800 MTS,RURAL,POLICIA,3.50876,-76.40685,PEATON,NO APLICA,1,ATROPELLO,NO APLICA 2021,MASCULINO,NO APLICA,NO APLICA,NO APLICA,NO APLICA 2021,NO APLICA,NO APLICA